round,case_id,path,scope,phase,phase_count,phase_elapsed_sec,elapsed_sec
round_1,optical_geohash,timings.job_driver,ray_job_driver,workflow.run,1,41.118208,41.278448
round_1,optical_geohash,timings.job_driver,ray_job_driver,driver.bootstrap,1,0.153147,41.278448
round_1,optical_geohash,timings.job_driver,ray_job_driver,task.start_attempt,1,0.006329,41.278448
round_1,optical_geohash,datasets[0].timings.units[0].driver,logical_batch_driver,ray.init,1,0.063919,40.372221
round_1,optical_geohash,datasets[0].timings.units[0].driver,logical_batch_driver,ray.wait,41,40.196025,40.372221
round_1,optical_geohash,datasets[0].timings.units[0].driver,logical_batch_driver,ray.result_get,1,0.000377,40.372221
round_1,optical_geohash,datasets[0].timings.units[0].driver,logical_batch_driver,ray.task_submit,1,0.041001,40.372221
round_1,optical_geohash,datasets[0].timings.units[0].driver,logical_batch_driver,ray.task_prepare,2,0.000262,40.372221
round_1,optical_geohash,datasets[0].timings.units[0].driver,logical_batch_driver,driver.result_merge,1,6e-06,40.372221
round_1,optical_geohash,datasets[0].timings.units[0].workers[0],logical_worker,grid.cover,4,0.011817,0.165616
round_1,optical_geohash,datasets[0].timings.units[0].workers[0],logical_worker,grid.geometry,35,0.000283,0.165616
round_1,optical_geohash,datasets[0].timings.units[0].workers[0],logical_worker,minio.chunk_stat,1,0.007213,0.165616
round_1,optical_geohash,datasets[0].timings.units[0].workers[0],logical_worker,minio.chunk_upload,1,0.042902,0.165616
round_1,optical_geohash,datasets[0].timings.units[0].workers[0],logical_worker,logical.row_generation,4,0.002478,0.165616
round_1,optical_geohash,datasets[0].timings.units[0].workers[0],logical_worker,logical.chunk_serialize,1,0.002592,0.165616
round_1,optical_geohash,datasets[0].timings.units[0].workers[0],logical_worker,opengauss.logical_stage,1,0.098037,0.165616
round_1,optical_geohash,datasets[0].timings.units[0].source_preflight,source_preflight,minio.stat,1,0.15304,40.728249
round_1,optical_geohash,datasets[0].timings.units[1].driver,logical_batch_driver,ray.wait,1,0.077662,0.088564
round_1,optical_geohash,datasets[0].timings.units[1].driver,logical_batch_driver,ray.result_get,1,0.000248,0.088564
round_1,optical_geohash,datasets[0].timings.units[1].driver,logical_batch_driver,ray.task_submit,1,0.008647,0.088564
round_1,optical_geohash,datasets[0].timings.units[1].driver,logical_batch_driver,ray.task_prepare,2,0.000247,0.088564
round_1,optical_geohash,datasets[0].timings.units[1].driver,logical_batch_driver,driver.result_merge,1,5e-06,0.088564
round_1,optical_geohash,datasets[0].timings.units[1].workers[0],logical_worker,grid.cover,4,0.007656,0.072597
round_1,optical_geohash,datasets[0].timings.units[1].workers[0],logical_worker,grid.geometry,35,0.000259,0.072597
round_1,optical_geohash,datasets[0].timings.units[1].workers[0],logical_worker,minio.chunk_stat,1,0.005322,0.072597
round_1,optical_geohash,datasets[0].timings.units[1].workers[0],logical_worker,minio.chunk_upload,1,0.02334,0.072597
round_1,optical_geohash,datasets[0].timings.units[1].workers[0],logical_worker,logical.row_generation,4,0.002309,0.072597
round_1,optical_geohash,datasets[0].timings.units[1].workers[0],logical_worker,logical.chunk_serialize,1,0.002617,0.072597
round_1,optical_geohash,datasets[0].timings.units[1].workers[0],logical_worker,opengauss.logical_stage,1,0.030865,0.072597
round_1,optical_geohash,datasets[0].timings.units[1].source_preflight,source_preflight,minio.stat,1,0.006658,0.09533
round_1,optical_geohash,datasets[0].timings.units[2].driver,logical_batch_driver,ray.wait,1,0.074334,0.084766
round_1,optical_geohash,datasets[0].timings.units[2].driver,logical_batch_driver,ray.result_get,1,0.000183,0.084766
round_1,optical_geohash,datasets[0].timings.units[2].driver,logical_batch_driver,ray.task_submit,1,0.008308,0.084766
round_1,optical_geohash,datasets[0].timings.units[2].driver,logical_batch_driver,ray.task_prepare,2,0.000236,0.084766
round_1,optical_geohash,datasets[0].timings.units[2].driver,logical_batch_driver,driver.result_merge,1,3e-06,0.084766
round_1,optical_geohash,datasets[0].timings.units[2].workers[0],logical_worker,grid.cover,4,0.007699,0.070225
round_1,optical_geohash,datasets[0].timings.units[2].workers[0],logical_worker,grid.geometry,35,0.00027,0.070225
round_1,optical_geohash,datasets[0].timings.units[2].workers[0],logical_worker,minio.chunk_stat,1,0.005193,0.070225
round_1,optical_geohash,datasets[0].timings.units[2].workers[0],logical_worker,minio.chunk_upload,1,0.021884,0.070225
round_1,optical_geohash,datasets[0].timings.units[2].workers[0],logical_worker,logical.row_generation,4,0.002256,0.070225
round_1,optical_geohash,datasets[0].timings.units[2].workers[0],logical_worker,logical.chunk_serialize,1,0.002622,0.070225
round_1,optical_geohash,datasets[0].timings.units[2].workers[0],logical_worker,opengauss.logical_stage,1,0.030146,0.070225
round_1,optical_geohash,datasets[0].timings.units[2].source_preflight,source_preflight,minio.stat,1,0.005498,0.09036
round_1,optical_geohash,datasets[0].timings.units[3].driver,logical_batch_driver,ray.wait,1,0.075266,0.086067
round_1,optical_geohash,datasets[0].timings.units[3].driver,logical_batch_driver,ray.result_get,1,0.000238,0.086067
round_1,optical_geohash,datasets[0].timings.units[3].driver,logical_batch_driver,ray.task_submit,1,0.008482,0.086067
round_1,optical_geohash,datasets[0].timings.units[3].driver,logical_batch_driver,ray.task_prepare,2,0.000238,0.086067
round_1,optical_geohash,datasets[0].timings.units[3].driver,logical_batch_driver,driver.result_merge,1,5e-06,0.086067
round_1,optical_geohash,datasets[0].timings.units[3].workers[0],logical_worker,grid.cover,4,0.007284,0.071282
round_1,optical_geohash,datasets[0].timings.units[3].workers[0],logical_worker,grid.geometry,35,0.000262,0.071282
round_1,optical_geohash,datasets[0].timings.units[3].workers[0],logical_worker,minio.chunk_stat,1,0.004632,0.071282
round_1,optical_geohash,datasets[0].timings.units[3].workers[0],logical_worker,minio.chunk_upload,1,0.022805,0.071282
round_1,optical_geohash,datasets[0].timings.units[3].workers[0],logical_worker,logical.row_generation,4,0.002636,0.071282
round_1,optical_geohash,datasets[0].timings.units[3].workers[0],logical_worker,logical.chunk_serialize,1,0.002586,0.071282
round_1,optical_geohash,datasets[0].timings.units[3].workers[0],logical_worker,opengauss.logical_stage,1,0.030932,0.071282
round_1,optical_geohash,datasets[0].timings.units[3].source_preflight,source_preflight,minio.stat,1,0.006562,0.092762
round_1,optical_geohash,datasets[0].timings.workflow,workflow_dataset,runner.execute,1,41.009318,41.117862
round_1,optical_geohash,datasets[0].timings.workflow,workflow_dataset,opengauss.start_output,1,0.015446,41.117862
round_1,optical_geohash,datasets[0].timings.workflow,workflow_dataset,opengauss.complete_output,1,0.016243,41.117862
round_1,optical_geohash,datasets[0].timings.workflow,workflow_dataset,opengauss.record_output_chunks,1,0.008983,41.117862
round_1,optical_geohash,datasets[0].timings.workflow,workflow_dataset,opengauss.verify_output_chunks,1,0.031928,41.117862
round_1,optical_geohash,datasets[0].timings.workflow,workflow_dataset,opengauss.promote_logical_staging,1,0.034512,41.117862
round_1,optical_mgrs,timings.job_driver,ray_job_driver,workflow.run,1,3.217523,3.363525
round_1,optical_mgrs,timings.job_driver,ray_job_driver,driver.bootstrap,1,0.14073,3.363525
round_1,optical_mgrs,timings.job_driver,ray_job_driver,task.start_attempt,1,0.004615,3.363525
round_1,optical_mgrs,datasets[0].timings.units[0].driver,logical_batch_driver,ray.init,1,0.063826,1.76858
round_1,optical_mgrs,datasets[0].timings.units[0].driver,logical_batch_driver,ray.wait,2,1.659878,1.76858
round_1,optical_mgrs,datasets[0].timings.units[0].driver,logical_batch_driver,ray.result_get,1,0.000343,1.76858
round_1,optical_mgrs,datasets[0].timings.units[0].driver,logical_batch_driver,ray.task_submit,1,0.039403,1.76858
round_1,optical_mgrs,datasets[0].timings.units[0].driver,logical_batch_driver,ray.task_prepare,2,0.000264,1.76858
round_1,optical_mgrs,datasets[0].timings.units[0].driver,logical_batch_driver,driver.result_merge,1,6e-06,1.76858
round_1,optical_mgrs,datasets[0].timings.units[0].workers[0],logical_worker,grid.cover,4,0.20288,0.47001
round_1,optical_mgrs,datasets[0].timings.units[0].workers[0],logical_worker,grid.geometry,165,0.020908,0.47001
round_1,optical_mgrs,datasets[0].timings.units[0].workers[0],logical_worker,minio.chunk_stat,1,0.006856,0.47001
round_1,optical_mgrs,datasets[0].timings.units[0].workers[0],logical_worker,minio.chunk_upload,1,0.038449,0.47001
round_1,optical_mgrs,datasets[0].timings.units[0].workers[0],logical_worker,logical.row_generation,4,0.030926,0.47001
round_1,optical_mgrs,datasets[0].timings.units[0].workers[0],logical_worker,logical.chunk_serialize,1,0.046015,0.47001
round_1,optical_mgrs,datasets[0].timings.units[0].workers[0],logical_worker,opengauss.logical_stage,1,0.143977,0.47001
round_1,optical_mgrs,datasets[0].timings.units[0].source_preflight,source_preflight,minio.stat,1,0.14483,2.09951
round_1,optical_mgrs,datasets[0].timings.units[1].driver,logical_batch_driver,ray.wait,1,0.254972,0.266606
round_1,optical_mgrs,datasets[0].timings.units[1].driver,logical_batch_driver,ray.result_get,1,0.000284,0.266606
round_1,optical_mgrs,datasets[0].timings.units[1].driver,logical_batch_driver,ray.task_submit,1,0.008783,0.266606
round_1,optical_mgrs,datasets[0].timings.units[1].driver,logical_batch_driver,ray.task_prepare,2,0.000246,0.266606
round_1,optical_mgrs,datasets[0].timings.units[1].driver,logical_batch_driver,driver.result_merge,1,6e-06,0.266606
round_1,optical_mgrs,datasets[0].timings.units[1].workers[0],logical_worker,grid.cover,4,0.060636,0.250907
round_1,optical_mgrs,datasets[0].timings.units[1].workers[0],logical_worker,grid.geometry,165,0.021776,0.250907
round_1,optical_mgrs,datasets[0].timings.units[1].workers[0],logical_worker,minio.chunk_stat,1,0.006066,0.250907
round_1,optical_mgrs,datasets[0].timings.units[1].workers[0],logical_worker,minio.chunk_upload,1,0.024674,0.250907
round_1,optical_mgrs,datasets[0].timings.units[1].workers[0],logical_worker,logical.row_generation,4,0.031199,0.250907
round_1,optical_mgrs,datasets[0].timings.units[1].workers[0],logical_worker,logical.chunk_serialize,1,0.051326,0.250907
round_1,optical_mgrs,datasets[0].timings.units[1].workers[0],logical_worker,opengauss.logical_stage,1,0.076134,0.250907
round_1,optical_mgrs,datasets[0].timings.units[1].source_preflight,source_preflight,minio.stat,1,0.007061,0.273807
round_1,optical_mgrs,datasets[0].timings.units[2].driver,logical_batch_driver,ray.wait,1,0.290825,0.301851
round_1,optical_mgrs,datasets[0].timings.units[2].driver,logical_batch_driver,ray.result_get,1,0.000266,0.301851
round_1,optical_mgrs,datasets[0].timings.units[2].driver,logical_batch_driver,ray.task_submit,1,0.008648,0.301851
round_1,optical_mgrs,datasets[0].timings.units[2].driver,logical_batch_driver,ray.task_prepare,2,0.000234,0.301851
round_1,optical_mgrs,datasets[0].timings.units[2].driver,logical_batch_driver,driver.result_merge,1,4e-06,0.301851
round_1,optical_mgrs,datasets[0].timings.units[2].workers[0],logical_worker,grid.cover,4,0.06421,0.285457
round_1,optical_mgrs,datasets[0].timings.units[2].workers[0],logical_worker,grid.geometry,165,0.059357,0.285457
round_1,optical_mgrs,datasets[0].timings.units[2].workers[0],logical_worker,minio.chunk_stat,1,0.006045,0.285457
round_1,optical_mgrs,datasets[0].timings.units[2].workers[0],logical_worker,minio.chunk_upload,1,0.024684,0.285457
round_1,optical_mgrs,datasets[0].timings.units[2].workers[0],logical_worker,logical.row_generation,4,0.068729,0.285457
round_1,optical_mgrs,datasets[0].timings.units[2].workers[0],logical_worker,logical.chunk_serialize,1,0.045757,0.285457
round_1,optical_mgrs,datasets[0].timings.units[2].workers[0],logical_worker,opengauss.logical_stage,1,0.075205,0.285457
round_1,optical_mgrs,datasets[0].timings.units[2].source_preflight,source_preflight,minio.stat,1,0.006322,0.308298
round_1,optical_mgrs,datasets[0].timings.units[3].driver,logical_batch_driver,ray.wait,1,0.246517,0.257805
round_1,optical_mgrs,datasets[0].timings.units[3].driver,logical_batch_driver,ray.result_get,1,0.000269,0.257805
round_1,optical_mgrs,datasets[0].timings.units[3].driver,logical_batch_driver,ray.task_submit,1,0.008778,0.257805
round_1,optical_mgrs,datasets[0].timings.units[3].driver,logical_batch_driver,ray.task_prepare,2,0.00026,0.257805
round_1,optical_mgrs,datasets[0].timings.units[3].driver,logical_batch_driver,driver.result_merge,1,5e-06,0.257805
round_1,optical_mgrs,datasets[0].timings.units[3].workers[0],logical_worker,grid.cover,4,0.060094,0.241977
round_1,optical_mgrs,datasets[0].timings.units[3].workers[0],logical_worker,grid.geometry,165,0.019935,0.241977
round_1,optical_mgrs,datasets[0].timings.units[3].workers[0],logical_worker,minio.chunk_stat,1,0.005299,0.241977
round_1,optical_mgrs,datasets[0].timings.units[3].workers[0],logical_worker,minio.chunk_upload,1,0.023286,0.241977
round_1,optical_mgrs,datasets[0].timings.units[3].workers[0],logical_worker,logical.row_generation,4,0.029073,0.241977
round_1,optical_mgrs,datasets[0].timings.units[3].workers[0],logical_worker,logical.chunk_serialize,1,0.048297,0.241977
round_1,optical_mgrs,datasets[0].timings.units[3].workers[0],logical_worker,opengauss.logical_stage,1,0.075167,0.241977
round_1,optical_mgrs,datasets[0].timings.units[3].source_preflight,source_preflight,minio.stat,1,0.005972,0.263899
round_1,optical_mgrs,datasets[0].timings.workflow,workflow_dataset,runner.execute,1,2.948172,3.217152
round_1,optical_mgrs,datasets[0].timings.workflow,workflow_dataset,opengauss.start_output,1,0.012194,3.217152
round_1,optical_mgrs,datasets[0].timings.workflow,workflow_dataset,opengauss.complete_output,1,0.022437,3.217152
round_1,optical_mgrs,datasets[0].timings.workflow,workflow_dataset,opengauss.record_output_chunks,1,0.007987,3.217152
round_1,optical_mgrs,datasets[0].timings.workflow,workflow_dataset,opengauss.verify_output_chunks,1,0.059378,3.217152
round_1,optical_mgrs,datasets[0].timings.workflow,workflow_dataset,opengauss.promote_logical_staging,1,0.165307,3.217152
round_1,optical_isea4h,timings.job_driver,ray_job_driver,workflow.run,1,65.459018,65.938824
round_1,optical_isea4h,timings.job_driver,ray_job_driver,driver.bootstrap,1,0.368477,65.938824
round_1,optical_isea4h,timings.job_driver,ray_job_driver,task.start_attempt,1,0.110527,65.938824
round_1,optical_isea4h,datasets[0].timings.units[0].driver,raster_driver,ray.init,1,0.064587,47.93493
round_1,optical_isea4h,datasets[0].timings.units[0].driver,raster_driver,ray.wait,54,47.711344,47.93493
round_1,optical_isea4h,datasets[0].timings.units[0].driver,raster_driver,ray.result_get,16,0.005203,47.93493
round_1,optical_isea4h,datasets[0].timings.units[0].driver,raster_driver,ray.task_submit,16,0.052433,47.93493
round_1,optical_isea4h,datasets[0].timings.units[0].driver,raster_driver,driver.result_merge,16,0.000135,47.93493
round_1,optical_isea4h,datasets[0].timings.units[0].workers[0],raster_worker,grid.cover,1,4.668705,6.669151
round_1,optical_isea4h,datasets[0].timings.units[0].workers[0],raster_worker,source.cache,1,0.097674,6.669151
round_1,optical_isea4h,datasets[0].timings.units[0].workers[0],raster_worker,grid.geometry,1,0.000816,6.669151
round_1,optical_isea4h,datasets[0].timings.units[0].workers[0],raster_worker,minio.tile_stat,1,0.004857,6.669151
round_1,optical_isea4h,datasets[0].timings.units[0].workers[0],raster_worker,source.checksum,1,0.051403,6.669151
round_1,optical_isea4h,datasets[0].timings.units[0].workers[0],raster_worker,source.download,1,0.097084,6.669151
round_1,optical_isea4h,datasets[0].timings.units[0].workers[0],raster_worker,entity.tile_mask,1,0.93325,6.669151
round_1,optical_isea4h,datasets[0].timings.units[0].workers[0],raster_worker,entity.tile_write,1,0.763092,6.669151
round_1,optical_isea4h,datasets[0].timings.units[0].workers[0],raster_worker,minio.tile_upload,1,0.133625,6.669151
round_1,optical_isea4h,datasets[0].timings.units[0].workers[0],raster_worker,source.raster_open,1,0.010408,6.669151
round_1,optical_isea4h,datasets[0].timings.units[0].workers[0],raster_worker,entity.tile_checksum,1,0.003449,6.669151
round_1,optical_isea4h,datasets[0].timings.units[0].workers[0],raster_worker,grid.window_calculation,1,0.000306,6.669151
round_1,optical_isea4h,datasets[0].timings.units[0].workers[1],raster_worker,grid.cover,1,0.004274,1.617876
round_1,optical_isea4h,datasets[0].timings.units[0].workers[1],raster_worker,source.cache,1,0.000219,1.617876
round_1,optical_isea4h,datasets[0].timings.units[0].workers[1],raster_worker,grid.geometry,1,0.0007,1.617876
round_1,optical_isea4h,datasets[0].timings.units[0].workers[1],raster_worker,minio.tile_stat,1,0.008199,1.617876
round_1,optical_isea4h,datasets[0].timings.units[0].workers[1],raster_worker,source.checksum,1,0.033527,1.617876
round_1,optical_isea4h,datasets[0].timings.units[0].workers[1],raster_worker,source.download,1,0.0,1.617876
round_1,optical_isea4h,datasets[0].timings.units[0].workers[1],raster_worker,entity.tile_mask,1,0.831143,1.617876
round_1,optical_isea4h,datasets[0].timings.units[0].workers[1],raster_worker,entity.tile_write,1,0.733321,1.617876
round_1,optical_isea4h,datasets[0].timings.units[0].workers[1],raster_worker,source.raster_open,1,0.001004,1.617876
round_1,optical_isea4h,datasets[0].timings.units[0].workers[1],raster_worker,entity.tile_checksum,1,0.004187,1.617876
round_1,optical_isea4h,datasets[0].timings.units[0].workers[1],raster_worker,grid.window_calculation,1,0.000189,1.617876
round_1,optical_isea4h,datasets[0].timings.units[0].workers[2],raster_worker,grid.cover,1,0.005581,1.627457
round_1,optical_isea4h,datasets[0].timings.units[0].workers[2],raster_worker,source.cache,1,0.000204,1.627457
round_1,optical_isea4h,datasets[0].timings.units[0].workers[2],raster_worker,grid.geometry,1,0.000666,1.627457
round_1,optical_isea4h,datasets[0].timings.units[0].workers[2],raster_worker,minio.tile_stat,1,0.006043,1.627457
round_1,optical_isea4h,datasets[0].timings.units[0].workers[2],raster_worker,source.checksum,1,0.031826,1.627457
round_1,optical_isea4h,datasets[0].timings.units[0].workers[2],raster_worker,source.download,1,0.0,1.627457
round_1,optical_isea4h,datasets[0].timings.units[0].workers[2],raster_worker,entity.tile_mask,1,0.83662,1.627457
round_1,optical_isea4h,datasets[0].timings.units[0].workers[2],raster_worker,entity.tile_write,1,0.731878,1.627457
round_1,optical_isea4h,datasets[0].timings.units[0].workers[2],raster_worker,source.raster_open,1,0.000921,1.627457
round_1,optical_isea4h,datasets[0].timings.units[0].workers[2],raster_worker,entity.tile_checksum,1,0.003428,1.627457
round_1,optical_isea4h,datasets[0].timings.units[0].workers[2],raster_worker,grid.window_calculation,1,0.000188,1.627457
round_1,optical_isea4h,datasets[0].timings.units[0].workers[3],raster_worker,grid.cover,1,0.005303,1.846275
round_1,optical_isea4h,datasets[0].timings.units[0].workers[3],raster_worker,source.cache,1,0.000209,1.846275
round_1,optical_isea4h,datasets[0].timings.units[0].workers[3],raster_worker,grid.geometry,2,0.001764,1.846275
round_1,optical_isea4h,datasets[0].timings.units[0].workers[3],raster_worker,minio.tile_stat,2,0.0114,1.846275
round_1,optical_isea4h,datasets[0].timings.units[0].workers[3],raster_worker,source.checksum,1,0.032076,1.846275
round_1,optical_isea4h,datasets[0].timings.units[0].workers[3],raster_worker,source.download,1,0.0,1.846275
round_1,optical_isea4h,datasets[0].timings.units[0].workers[3],raster_worker,entity.tile_mask,2,0.883541,1.846275
round_1,optical_isea4h,datasets[0].timings.units[0].workers[3],raster_worker,entity.tile_write,2,0.866767,1.846275
round_1,optical_isea4h,datasets[0].timings.units[0].workers[3],raster_worker,minio.tile_upload,1,0.036653,1.846275
round_1,optical_isea4h,datasets[0].timings.units[0].workers[3],raster_worker,source.raster_open,1,0.001105,1.846275
round_1,optical_isea4h,datasets[0].timings.units[0].workers[3],raster_worker,entity.tile_checksum,2,0.005458,1.846275
round_1,optical_isea4h,datasets[0].timings.units[0].workers[3],raster_worker,grid.window_calculation,2,0.000422,1.846275
round_1,optical_isea4h,datasets[0].timings.units[0].workers[4],raster_worker,grid.cover,1,0.007276,1.604933
round_1,optical_isea4h,datasets[0].timings.units[0].workers[4],raster_worker,source.cache,1,0.000217,1.604933
round_1,optical_isea4h,datasets[0].timings.units[0].workers[4],raster_worker,grid.geometry,1,0.000675,1.604933
round_1,optical_isea4h,datasets[0].timings.units[0].workers[4],raster_worker,minio.tile_stat,1,0.006758,1.604933
round_1,optical_isea4h,datasets[0].timings.units[0].workers[4],raster_worker,source.checksum,1,0.031707,1.604933
round_1,optical_isea4h,datasets[0].timings.units[0].workers[4],raster_worker,source.download,1,0.0,1.604933
round_1,optical_isea4h,datasets[0].timings.units[0].workers[4],raster_worker,entity.tile_mask,1,0.809462,1.604933
round_1,optical_isea4h,datasets[0].timings.units[0].workers[4],raster_worker,entity.tile_write,1,0.739874,1.604933
round_1,optical_isea4h,datasets[0].timings.units[0].workers[4],raster_worker,source.raster_open,1,0.000991,1.604933
round_1,optical_isea4h,datasets[0].timings.units[0].workers[4],raster_worker,entity.tile_checksum,1,0.006798,1.604933
round_1,optical_isea4h,datasets[0].timings.units[0].workers[4],raster_worker,grid.window_calculation,1,0.000179,1.604933
round_1,optical_isea4h,datasets[0].timings.units[0].workers[5],raster_worker,grid.cover,1,0.005734,1.624525
round_1,optical_isea4h,datasets[0].timings.units[0].workers[5],raster_worker,source.cache,1,0.000229,1.624525
round_1,optical_isea4h,datasets[0].timings.units[0].workers[5],raster_worker,grid.geometry,1,0.000675,1.624525
round_1,optical_isea4h,datasets[0].timings.units[0].workers[5],raster_worker,minio.tile_stat,1,0.006744,1.624525
round_1,optical_isea4h,datasets[0].timings.units[0].workers[5],raster_worker,source.checksum,1,0.032799,1.624525
round_1,optical_isea4h,datasets[0].timings.units[0].workers[5],raster_worker,source.download,1,0.0,1.624525
round_1,optical_isea4h,datasets[0].timings.units[0].workers[5],raster_worker,entity.tile_mask,1,0.828181,1.624525
round_1,optical_isea4h,datasets[0].timings.units[0].workers[5],raster_worker,entity.tile_write,1,0.744406,1.624525
round_1,optical_isea4h,datasets[0].timings.units[0].workers[5],raster_worker,source.raster_open,1,0.001058,1.624525
round_1,optical_isea4h,datasets[0].timings.units[0].workers[5],raster_worker,entity.tile_checksum,1,0.003435,1.624525
round_1,optical_isea4h,datasets[0].timings.units[0].workers[5],raster_worker,grid.window_calculation,1,0.000181,1.624525
round_1,optical_isea4h,datasets[0].timings.units[0].workers[6],raster_worker,grid.cover,1,0.008613,1.628959
round_1,optical_isea4h,datasets[0].timings.units[0].workers[6],raster_worker,source.cache,1,0.000257,1.628959
round_1,optical_isea4h,datasets[0].timings.units[0].workers[6],raster_worker,grid.geometry,1,0.000679,1.628959
round_1,optical_isea4h,datasets[0].timings.units[0].workers[6],raster_worker,minio.tile_stat,1,0.006423,1.628959
round_1,optical_isea4h,datasets[0].timings.units[0].workers[6],raster_worker,source.checksum,1,0.032615,1.628959
round_1,optical_isea4h,datasets[0].timings.units[0].workers[6],raster_worker,source.download,1,0.0,1.628959
round_1,optical_isea4h,datasets[0].timings.units[0].workers[6],raster_worker,entity.tile_mask,1,0.82198,1.628959
round_1,optical_isea4h,datasets[0].timings.units[0].workers[6],raster_worker,entity.tile_write,1,0.74944,1.628959
round_1,optical_isea4h,datasets[0].timings.units[0].workers[6],raster_worker,source.raster_open,1,0.001018,1.628959
round_1,optical_isea4h,datasets[0].timings.units[0].workers[6],raster_worker,entity.tile_checksum,1,0.006704,1.628959
round_1,optical_isea4h,datasets[0].timings.units[0].workers[6],raster_worker,grid.window_calculation,1,0.000188,1.628959
round_1,optical_isea4h,datasets[0].timings.units[0].workers[7],raster_worker,grid.cover,1,0.007382,2.010891
round_1,optical_isea4h,datasets[0].timings.units[0].workers[7],raster_worker,source.cache,1,0.000217,2.010891
round_1,optical_isea4h,datasets[0].timings.units[0].workers[7],raster_worker,grid.geometry,3,0.002781,2.010891
round_1,optical_isea4h,datasets[0].timings.units[0].workers[7],raster_worker,minio.tile_stat,3,0.026516,2.010891
round_1,optical_isea4h,datasets[0].timings.units[0].workers[7],raster_worker,source.checksum,1,0.030783,2.010891
round_1,optical_isea4h,datasets[0].timings.units[0].workers[7],raster_worker,source.download,1,0.0,2.010891
round_1,optical_isea4h,datasets[0].timings.units[0].workers[7],raster_worker,entity.tile_mask,3,0.929101,2.010891
round_1,optical_isea4h,datasets[0].timings.units[0].workers[7],raster_worker,entity.tile_write,3,0.95613,2.010891
round_1,optical_isea4h,datasets[0].timings.units[0].workers[7],raster_worker,minio.tile_upload,1,0.040073,2.010891
round_1,optical_isea4h,datasets[0].timings.units[0].workers[7],raster_worker,source.raster_open,1,0.00091,2.010891
round_1,optical_isea4h,datasets[0].timings.units[0].workers[7],raster_worker,entity.tile_checksum,3,0.006838,2.010891
round_1,optical_isea4h,datasets[0].timings.units[0].workers[7],raster_worker,grid.window_calculation,3,0.000625,2.010891
round_1,optical_isea4h,datasets[0].timings.units[0].workers[8],raster_worker,grid.cover,1,0.006452,1.860849
round_1,optical_isea4h,datasets[0].timings.units[0].workers[8],raster_worker,source.cache,1,0.0002,1.860849
round_1,optical_isea4h,datasets[0].timings.units[0].workers[8],raster_worker,grid.geometry,2,0.00177,1.860849
round_1,optical_isea4h,datasets[0].timings.units[0].workers[8],raster_worker,minio.tile_stat,2,0.011828,1.860849
round_1,optical_isea4h,datasets[0].timings.units[0].workers[8],raster_worker,source.checksum,1,0.032189,1.860849
round_1,optical_isea4h,datasets[0].timings.units[0].workers[8],raster_worker,source.download,1,0.0,1.860849
round_1,optical_isea4h,datasets[0].timings.units[0].workers[8],raster_worker,entity.tile_mask,2,0.87601,1.860849
round_1,optical_isea4h,datasets[0].timings.units[0].workers[8],raster_worker,entity.tile_write,2,0.875495,1.860849
round_1,optical_isea4h,datasets[0].timings.units[0].workers[8],raster_worker,minio.tile_upload,1,0.050295,1.860849
round_1,optical_isea4h,datasets[0].timings.units[0].workers[8],raster_worker,source.raster_open,1,0.000875,1.860849
round_1,optical_isea4h,datasets[0].timings.units[0].workers[8],raster_worker,entity.tile_checksum,2,0.003742,1.860849
round_1,optical_isea4h,datasets[0].timings.units[0].workers[8],raster_worker,grid.window_calculation,2,0.000387,1.860849
round_1,optical_isea4h,datasets[0].timings.units[0].workers[9],raster_worker,grid.cover,1,0.005512,1.637011
round_1,optical_isea4h,datasets[0].timings.units[0].workers[9],raster_worker,source.cache,1,0.000189,1.637011
round_1,optical_isea4h,datasets[0].timings.units[0].workers[9],raster_worker,grid.geometry,1,0.000638,1.637011
round_1,optical_isea4h,datasets[0].timings.units[0].workers[9],raster_worker,minio.tile_stat,1,0.006054,1.637011
round_1,optical_isea4h,datasets[0].timings.units[0].workers[9],raster_worker,source.checksum,1,0.045491,1.637011
round_1,optical_isea4h,datasets[0].timings.units[0].workers[9],raster_worker,source.download,1,0.0,1.637011
round_1,optical_isea4h,datasets[0].timings.units[0].workers[9],raster_worker,entity.tile_mask,1,0.831888,1.637011
round_1,optical_isea4h,datasets[0].timings.units[0].workers[9],raster_worker,entity.tile_write,1,0.741772,1.637011
round_1,optical_isea4h,datasets[0].timings.units[0].workers[9],raster_worker,source.raster_open,1,0.000904,1.637011
round_1,optical_isea4h,datasets[0].timings.units[0].workers[9],raster_worker,entity.tile_checksum,1,0.003428,1.637011
round_1,optical_isea4h,datasets[0].timings.units[0].workers[9],raster_worker,grid.window_calculation,1,0.000159,1.637011
round_1,optical_isea4h,datasets[0].timings.units[0].workers[10],raster_worker,grid.cover,1,0.008302,1.745102
round_1,optical_isea4h,datasets[0].timings.units[0].workers[10],raster_worker,source.cache,1,0.000215,1.745102
round_1,optical_isea4h,datasets[0].timings.units[0].workers[10],raster_worker,grid.geometry,1,0.000639,1.745102
round_1,optical_isea4h,datasets[0].timings.units[0].workers[10],raster_worker,minio.tile_stat,1,0.0063,1.745102
round_1,optical_isea4h,datasets[0].timings.units[0].workers[10],raster_worker,source.checksum,1,0.044627,1.745102
round_1,optical_isea4h,datasets[0].timings.units[0].workers[10],raster_worker,source.download,1,0.0,1.745102
round_1,optical_isea4h,datasets[0].timings.units[0].workers[10],raster_worker,entity.tile_mask,1,0.91911,1.745102
round_1,optical_isea4h,datasets[0].timings.units[0].workers[10],raster_worker,entity.tile_write,1,0.757804,1.745102
round_1,optical_isea4h,datasets[0].timings.units[0].workers[10],raster_worker,source.raster_open,1,0.000924,1.745102
round_1,optical_isea4h,datasets[0].timings.units[0].workers[10],raster_worker,entity.tile_checksum,1,0.00596,1.745102
round_1,optical_isea4h,datasets[0].timings.units[0].workers[10],raster_worker,grid.window_calculation,1,0.000165,1.745102
round_1,optical_isea4h,datasets[0].timings.units[0].workers[11],raster_worker,grid.cover,1,4.758144,6.628779
round_1,optical_isea4h,datasets[0].timings.units[0].workers[11],raster_worker,source.cache,1,0.076558,6.628779
round_1,optical_isea4h,datasets[0].timings.units[0].workers[11],raster_worker,grid.geometry,2,0.00188,6.628779
round_1,optical_isea4h,datasets[0].timings.units[0].workers[11],raster_worker,minio.tile_stat,2,0.010655,6.628779
round_1,optical_isea4h,datasets[0].timings.units[0].workers[11],raster_worker,source.checksum,1,0.045257,6.628779
round_1,optical_isea4h,datasets[0].timings.units[0].workers[11],raster_worker,source.download,1,0.076032,6.628779
round_1,optical_isea4h,datasets[0].timings.units[0].workers[11],raster_worker,entity.tile_mask,2,0.89771,6.628779
round_1,optical_isea4h,datasets[0].timings.units[0].workers[11],raster_worker,entity.tile_write,2,0.823155,6.628779
round_1,optical_isea4h,datasets[0].timings.units[0].workers[11],raster_worker,source.raster_open,1,0.009389,6.628779
round_1,optical_isea4h,datasets[0].timings.units[0].workers[11],raster_worker,entity.tile_checksum,2,0.003564,6.628779
round_1,optical_isea4h,datasets[0].timings.units[0].workers[11],raster_worker,grid.window_calculation,2,0.000536,6.628779
round_1,optical_isea4h,datasets[0].timings.units[0].workers[12],raster_worker,grid.cover,1,4.605459,6.637151
round_1,optical_isea4h,datasets[0].timings.units[0].workers[12],raster_worker,source.cache,1,0.091165,6.637151
round_1,optical_isea4h,datasets[0].timings.units[0].workers[12],raster_worker,grid.geometry,2,0.001827,6.637151
round_1,optical_isea4h,datasets[0].timings.units[0].workers[12],raster_worker,minio.tile_stat,2,0.008113,6.637151
round_1,optical_isea4h,datasets[0].timings.units[0].workers[12],raster_worker,source.checksum,1,0.048517,6.637151
round_1,optical_isea4h,datasets[0].timings.units[0].workers[12],raster_worker,source.download,1,0.090637,6.637151
round_1,optical_isea4h,datasets[0].timings.units[0].workers[12],raster_worker,entity.tile_mask,2,0.932751,6.637151
round_1,optical_isea4h,datasets[0].timings.units[0].workers[12],raster_worker,entity.tile_write,2,0.882596,6.637151
round_1,optical_isea4h,datasets[0].timings.units[0].workers[12],raster_worker,minio.tile_upload,1,0.04865,6.637151
round_1,optical_isea4h,datasets[0].timings.units[0].workers[12],raster_worker,source.raster_open,1,0.010055,6.637151
round_1,optical_isea4h,datasets[0].timings.units[0].workers[12],raster_worker,entity.tile_checksum,2,0.005241,6.637151
round_1,optical_isea4h,datasets[0].timings.units[0].workers[12],raster_worker,grid.window_calculation,2,0.000548,6.637151
round_1,optical_isea4h,datasets[0].timings.units[0].workers[13],raster_worker,grid.cover,1,4.724777,6.882026
round_1,optical_isea4h,datasets[0].timings.units[0].workers[13],raster_worker,source.cache,1,0.095331,6.882026
round_1,optical_isea4h,datasets[0].timings.units[0].workers[13],raster_worker,grid.geometry,3,0.002835,6.882026
round_1,optical_isea4h,datasets[0].timings.units[0].workers[13],raster_worker,minio.tile_stat,3,0.015744,6.882026
round_1,optical_isea4h,datasets[0].timings.units[0].workers[13],raster_worker,source.checksum,1,0.046044,6.882026
round_1,optical_isea4h,datasets[0].timings.units[0].workers[13],raster_worker,source.download,1,0.094783,6.882026
round_1,optical_isea4h,datasets[0].timings.units[0].workers[13],raster_worker,entity.tile_mask,3,0.985737,6.882026
round_1,optical_isea4h,datasets[0].timings.units[0].workers[13],raster_worker,entity.tile_write,3,0.993797,6.882026
round_1,optical_isea4h,datasets[0].timings.units[0].workers[13],raster_worker,source.raster_open,1,0.009787,6.882026
round_1,optical_isea4h,datasets[0].timings.units[0].workers[13],raster_worker,entity.tile_checksum,3,0.004822,6.882026
round_1,optical_isea4h,datasets[0].timings.units[0].workers[13],raster_worker,grid.window_calculation,3,0.000772,6.882026
round_1,optical_isea4h,datasets[0].timings.units[0].workers[14],raster_worker,grid.cover,1,4.675131,6.803889
round_1,optical_isea4h,datasets[0].timings.units[0].workers[14],raster_worker,source.cache,1,0.104705,6.803889
round_1,optical_isea4h,datasets[0].timings.units[0].workers[14],raster_worker,grid.geometry,3,0.002939,6.803889
round_1,optical_isea4h,datasets[0].timings.units[0].workers[14],raster_worker,minio.tile_stat,3,0.012907,6.803889
round_1,optical_isea4h,datasets[0].timings.units[0].workers[14],raster_worker,source.checksum,1,0.04597,6.803889
round_1,optical_isea4h,datasets[0].timings.units[0].workers[14],raster_worker,source.download,1,0.104152,6.803889
round_1,optical_isea4h,datasets[0].timings.units[0].workers[14],raster_worker,entity.tile_mask,3,0.976588,6.803889
round_1,optical_isea4h,datasets[0].timings.units[0].workers[14],raster_worker,entity.tile_write,3,0.967682,6.803889
round_1,optical_isea4h,datasets[0].timings.units[0].workers[14],raster_worker,source.raster_open,1,0.009428,6.803889
round_1,optical_isea4h,datasets[0].timings.units[0].workers[14],raster_worker,entity.tile_checksum,3,0.004969,6.803889
round_1,optical_isea4h,datasets[0].timings.units[0].workers[14],raster_worker,grid.window_calculation,3,0.00084,6.803889
round_1,optical_isea4h,datasets[0].timings.units[0].workers[15],raster_worker,grid.cover,1,4.767519,6.908489
round_1,optical_isea4h,datasets[0].timings.units[0].workers[15],raster_worker,source.cache,1,0.09008,6.908489
round_1,optical_isea4h,datasets[0].timings.units[0].workers[15],raster_worker,grid.geometry,3,0.002916,6.908489
round_1,optical_isea4h,datasets[0].timings.units[0].workers[15],raster_worker,minio.tile_stat,3,0.013304,6.908489
round_1,optical_isea4h,datasets[0].timings.units[0].workers[15],raster_worker,source.checksum,1,0.047764,6.908489
round_1,optical_isea4h,datasets[0].timings.units[0].workers[15],raster_worker,source.download,1,0.089575,6.908489
round_1,optical_isea4h,datasets[0].timings.units[0].workers[15],raster_worker,entity.tile_mask,3,1.000127,6.908489
round_1,optical_isea4h,datasets[0].timings.units[0].workers[15],raster_worker,entity.tile_write,3,0.966957,6.908489
round_1,optical_isea4h,datasets[0].timings.units[0].workers[15],raster_worker,source.raster_open,1,0.009983,6.908489
round_1,optical_isea4h,datasets[0].timings.units[0].workers[15],raster_worker,entity.tile_checksum,3,0.006544,6.908489
round_1,optical_isea4h,datasets[0].timings.units[0].workers[15],raster_worker,grid.window_calculation,3,0.000752,6.908489
round_1,optical_isea4h,datasets[0].timings.units[0].source_preflight,source_preflight,minio.stat,1,0.153215,48.273014
round_1,optical_isea4h,datasets[0].timings.units[1].driver,raster_driver,ray.wait,23,10.159918,10.21951
round_1,optical_isea4h,datasets[0].timings.units[1].driver,raster_driver,ray.result_get,16,0.005362,10.21951
round_1,optical_isea4h,datasets[0].timings.units[1].driver,raster_driver,ray.task_submit,16,0.016254,10.21951
round_1,optical_isea4h,datasets[0].timings.units[1].driver,raster_driver,driver.result_merge,16,0.000118,10.21951
round_1,optical_isea4h,datasets[0].timings.units[1].workers[0],raster_worker,grid.cover,1,0.007393,1.559684
round_1,optical_isea4h,datasets[0].timings.units[1].workers[0],raster_worker,source.cache,1,0.000251,1.559684
round_1,optical_isea4h,datasets[0].timings.units[1].workers[0],raster_worker,grid.geometry,1,0.000709,1.559684
round_1,optical_isea4h,datasets[0].timings.units[1].workers[0],raster_worker,minio.tile_stat,1,0.006755,1.559684
round_1,optical_isea4h,datasets[0].timings.units[1].workers[0],raster_worker,source.checksum,1,0.07991,1.559684
round_1,optical_isea4h,datasets[0].timings.units[1].workers[0],raster_worker,source.download,1,0.0,1.559684
round_1,optical_isea4h,datasets[0].timings.units[1].workers[0],raster_worker,entity.tile_mask,1,0.842543,1.559684
round_1,optical_isea4h,datasets[0].timings.units[1].workers[0],raster_worker,entity.tile_write,1,0.557957,1.559684
round_1,optical_isea4h,datasets[0].timings.units[1].workers[0],raster_worker,minio.tile_upload,1,0.059837,1.559684
round_1,optical_isea4h,datasets[0].timings.units[1].workers[0],raster_worker,source.raster_open,1,0.00092,1.559684
round_1,optical_isea4h,datasets[0].timings.units[1].workers[0],raster_worker,entity.tile_checksum,1,0.002134,1.559684
round_1,optical_isea4h,datasets[0].timings.units[1].workers[0],raster_worker,grid.window_calculation,1,0.000194,1.559684
round_1,optical_isea4h,datasets[0].timings.units[1].workers[1],raster_worker,grid.cover,1,0.006064,1.655292
round_1,optical_isea4h,datasets[0].timings.units[1].workers[1],raster_worker,source.cache,1,0.000266,1.655292
round_1,optical_isea4h,datasets[0].timings.units[1].workers[1],raster_worker,grid.geometry,1,0.000823,1.655292
round_1,optical_isea4h,datasets[0].timings.units[1].workers[1],raster_worker,minio.tile_stat,1,0.005268,1.655292
round_1,optical_isea4h,datasets[0].timings.units[1].workers[1],raster_worker,source.checksum,1,0.038965,1.655292
round_1,optical_isea4h,datasets[0].timings.units[1].workers[1],raster_worker,source.download,1,0.0,1.655292
round_1,optical_isea4h,datasets[0].timings.units[1].workers[1],raster_worker,entity.tile_mask,1,0.866852,1.655292
round_1,optical_isea4h,datasets[0].timings.units[1].workers[1],raster_worker,entity.tile_write,1,0.587642,1.655292
round_1,optical_isea4h,datasets[0].timings.units[1].workers[1],raster_worker,minio.tile_upload,1,0.144655,1.655292
round_1,optical_isea4h,datasets[0].timings.units[1].workers[1],raster_worker,source.raster_open,1,0.001169,1.655292
round_1,optical_isea4h,datasets[0].timings.units[1].workers[1],raster_worker,entity.tile_checksum,1,0.002135,1.655292
round_1,optical_isea4h,datasets[0].timings.units[1].workers[1],raster_worker,grid.window_calculation,1,0.000199,1.655292
round_1,optical_isea4h,datasets[0].timings.units[1].workers[2],raster_worker,grid.cover,1,0.007592,1.733987
round_1,optical_isea4h,datasets[0].timings.units[1].workers[2],raster_worker,source.cache,1,0.000246,1.733987
round_1,optical_isea4h,datasets[0].timings.units[1].workers[2],raster_worker,grid.geometry,1,0.001484,1.733987
round_1,optical_isea4h,datasets[0].timings.units[1].workers[2],raster_worker,minio.tile_stat,1,0.012837,1.733987
round_1,optical_isea4h,datasets[0].timings.units[1].workers[2],raster_worker,source.checksum,1,0.049765,1.733987
round_1,optical_isea4h,datasets[0].timings.units[1].workers[2],raster_worker,source.download,1,0.0,1.733987
round_1,optical_isea4h,datasets[0].timings.units[1].workers[2],raster_worker,entity.tile_mask,1,0.874252,1.733987
round_1,optical_isea4h,datasets[0].timings.units[1].workers[2],raster_worker,entity.tile_write,1,0.581849,1.733987
round_1,optical_isea4h,datasets[0].timings.units[1].workers[2],raster_worker,minio.tile_upload,1,0.200451,1.733987
round_1,optical_isea4h,datasets[0].timings.units[1].workers[2],raster_worker,source.raster_open,1,0.000931,1.733987
round_1,optical_isea4h,datasets[0].timings.units[1].workers[2],raster_worker,entity.tile_checksum,1,0.00313,1.733987
round_1,optical_isea4h,datasets[0].timings.units[1].workers[2],raster_worker,grid.window_calculation,1,0.00019,1.733987
round_1,optical_isea4h,datasets[0].timings.units[1].workers[3],raster_worker,grid.cover,1,0.005921,1.739359
round_1,optical_isea4h,datasets[0].timings.units[1].workers[3],raster_worker,source.cache,1,0.000258,1.739359
round_1,optical_isea4h,datasets[0].timings.units[1].workers[3],raster_worker,grid.geometry,1,0.000787,1.739359
round_1,optical_isea4h,datasets[0].timings.units[1].workers[3],raster_worker,minio.tile_stat,1,0.216055,1.739359
round_1,optical_isea4h,datasets[0].timings.units[1].workers[3],raster_worker,source.checksum,1,0.047315,1.739359
round_1,optical_isea4h,datasets[0].timings.units[1].workers[3],raster_worker,source.download,1,0.0,1.739359
round_1,optical_isea4h,datasets[0].timings.units[1].workers[3],raster_worker,entity.tile_mask,1,0.892921,1.739359
round_1,optical_isea4h,datasets[0].timings.units[1].workers[3],raster_worker,entity.tile_write,1,0.571661,1.739359
round_1,optical_isea4h,datasets[0].timings.units[1].workers[3],raster_worker,source.raster_open,1,0.000876,1.739359
round_1,optical_isea4h,datasets[0].timings.units[1].workers[3],raster_worker,entity.tile_checksum,1,0.00212,1.739359
round_1,optical_isea4h,datasets[0].timings.units[1].workers[3],raster_worker,grid.window_calculation,1,0.000199,1.739359
round_1,optical_isea4h,datasets[0].timings.units[1].workers[4],raster_worker,grid.cover,1,0.005253,1.785223
round_1,optical_isea4h,datasets[0].timings.units[1].workers[4],raster_worker,source.cache,1,0.00032,1.785223
round_1,optical_isea4h,datasets[0].timings.units[1].workers[4],raster_worker,grid.geometry,2,0.00176,1.785223
round_1,optical_isea4h,datasets[0].timings.units[1].workers[4],raster_worker,minio.tile_stat,2,0.01078,1.785223
round_1,optical_isea4h,datasets[0].timings.units[1].workers[4],raster_worker,source.checksum,1,0.048102,1.785223
round_1,optical_isea4h,datasets[0].timings.units[1].workers[4],raster_worker,source.download,1,0.0,1.785223
round_1,optical_isea4h,datasets[0].timings.units[1].workers[4],raster_worker,entity.tile_mask,2,0.97429,1.785223
round_1,optical_isea4h,datasets[0].timings.units[1].workers[4],raster_worker,entity.tile_write,2,0.712827,1.785223
round_1,optical_isea4h,datasets[0].timings.units[1].workers[4],raster_worker,minio.tile_upload,1,0.02424,1.785223
round_1,optical_isea4h,datasets[0].timings.units[1].workers[4],raster_worker,source.raster_open,1,0.000961,1.785223
round_1,optical_isea4h,datasets[0].timings.units[1].workers[4],raster_worker,entity.tile_checksum,2,0.004593,1.785223
round_1,optical_isea4h,datasets[0].timings.units[1].workers[4],raster_worker,grid.window_calculation,2,0.000396,1.785223
round_1,optical_isea4h,datasets[0].timings.units[1].workers[5],raster_worker,grid.cover,1,0.004453,2.142908
round_1,optical_isea4h,datasets[0].timings.units[1].workers[5],raster_worker,source.cache,1,0.000269,2.142908
round_1,optical_isea4h,datasets[0].timings.units[1].workers[5],raster_worker,grid.geometry,1,0.000725,2.142908
round_1,optical_isea4h,datasets[0].timings.units[1].workers[5],raster_worker,minio.tile_stat,1,0.60449,2.142908
round_1,optical_isea4h,datasets[0].timings.units[1].workers[5],raster_worker,source.checksum,1,0.107826,2.142908
round_1,optical_isea4h,datasets[0].timings.units[1].workers[5],raster_worker,source.download,1,0.0,2.142908
round_1,optical_isea4h,datasets[0].timings.units[1].workers[5],raster_worker,entity.tile_mask,1,0.863001,2.142908
round_1,optical_isea4h,datasets[0].timings.units[1].workers[5],raster_worker,entity.tile_write,1,0.557503,2.142908
round_1,optical_isea4h,datasets[0].timings.units[1].workers[5],raster_worker,source.raster_open,1,0.001072,2.142908
round_1,optical_isea4h,datasets[0].timings.units[1].workers[5],raster_worker,entity.tile_checksum,1,0.002136,2.142908
round_1,optical_isea4h,datasets[0].timings.units[1].workers[5],raster_worker,grid.window_calculation,1,0.000201,2.142908
round_1,optical_isea4h,datasets[0].timings.units[1].workers[6],raster_worker,grid.cover,1,4.653418,6.320294
round_1,optical_isea4h,datasets[0].timings.units[1].workers[6],raster_worker,source.cache,1,0.17692,6.320294
round_1,optical_isea4h,datasets[0].timings.units[1].workers[6],raster_worker,grid.geometry,1,0.000766,6.320294
round_1,optical_isea4h,datasets[0].timings.units[1].workers[6],raster_worker,minio.tile_stat,1,0.00417,6.320294
round_1,optical_isea4h,datasets[0].timings.units[1].workers[6],raster_worker,source.checksum,1,0.045516,6.320294
round_1,optical_isea4h,datasets[0].timings.units[1].workers[6],raster_worker,source.download,1,0.176403,6.320294
round_1,optical_isea4h,datasets[0].timings.units[1].workers[6],raster_worker,entity.tile_mask,1,0.869025,6.320294
round_1,optical_isea4h,datasets[0].timings.units[1].workers[6],raster_worker,entity.tile_write,1,0.557626,6.320294
round_1,optical_isea4h,datasets[0].timings.units[1].workers[6],raster_worker,source.raster_open,1,0.009113,6.320294
round_1,optical_isea4h,datasets[0].timings.units[1].workers[6],raster_worker,entity.tile_checksum,1,0.002128,6.320294
round_1,optical_isea4h,datasets[0].timings.units[1].workers[6],raster_worker,grid.window_calculation,1,0.000278,6.320294
round_1,optical_isea4h,datasets[0].timings.units[1].workers[7],raster_worker,grid.cover,1,4.598542,6.42684
round_1,optical_isea4h,datasets[0].timings.units[1].workers[7],raster_worker,source.cache,1,0.295413,6.42684
round_1,optical_isea4h,datasets[0].timings.units[1].workers[7],raster_worker,grid.geometry,1,0.000838,6.42684
round_1,optical_isea4h,datasets[0].timings.units[1].workers[7],raster_worker,minio.tile_stat,1,0.004391,6.42684
round_1,optical_isea4h,datasets[0].timings.units[1].workers[7],raster_worker,source.checksum,1,0.047198,6.42684
round_1,optical_isea4h,datasets[0].timings.units[1].workers[7],raster_worker,source.download,1,0.294794,6.42684
round_1,optical_isea4h,datasets[0].timings.units[1].workers[7],raster_worker,entity.tile_mask,1,0.897247,6.42684
round_1,optical_isea4h,datasets[0].timings.units[1].workers[7],raster_worker,entity.tile_write,1,0.569257,6.42684
round_1,optical_isea4h,datasets[0].timings.units[1].workers[7],raster_worker,source.raster_open,1,0.009896,6.42684
round_1,optical_isea4h,datasets[0].timings.units[1].workers[7],raster_worker,entity.tile_checksum,1,0.002138,6.42684
round_1,optical_isea4h,datasets[0].timings.units[1].workers[7],raster_worker,grid.window_calculation,1,0.000329,6.42684
round_1,optical_isea4h,datasets[0].timings.units[1].workers[8],raster_worker,grid.cover,1,4.627745,6.82291
round_1,optical_isea4h,datasets[0].timings.units[1].workers[8],raster_worker,source.cache,1,0.240525,6.82291
round_1,optical_isea4h,datasets[0].timings.units[1].workers[8],raster_worker,grid.geometry,3,0.002968,6.82291
round_1,optical_isea4h,datasets[0].timings.units[1].workers[8],raster_worker,minio.tile_stat,3,0.015731,6.82291
round_1,optical_isea4h,datasets[0].timings.units[1].workers[8],raster_worker,source.checksum,1,0.048039,6.82291
round_1,optical_isea4h,datasets[0].timings.units[1].workers[8],raster_worker,source.download,1,0.239951,6.82291
round_1,optical_isea4h,datasets[0].timings.units[1].workers[8],raster_worker,entity.tile_mask,3,1.028171,6.82291
round_1,optical_isea4h,datasets[0].timings.units[1].workers[8],raster_worker,entity.tile_write,3,0.792529,6.82291
round_1,optical_isea4h,datasets[0].timings.units[1].workers[8],raster_worker,minio.tile_upload,1,0.046721,6.82291
round_1,optical_isea4h,datasets[0].timings.units[1].workers[8],raster_worker,source.raster_open,1,0.013927,6.82291
round_1,optical_isea4h,datasets[0].timings.units[1].workers[8],raster_worker,entity.tile_checksum,3,0.002857,6.82291
round_1,optical_isea4h,datasets[0].timings.units[1].workers[8],raster_worker,grid.window_calculation,3,0.000798,6.82291
round_1,optical_isea4h,datasets[0].timings.units[1].workers[9],raster_worker,grid.cover,1,4.594228,6.755455
round_1,optical_isea4h,datasets[0].timings.units[1].workers[9],raster_worker,source.cache,1,0.205581,6.755455
round_1,optical_isea4h,datasets[0].timings.units[1].workers[9],raster_worker,grid.geometry,3,0.003033,6.755455
round_1,optical_isea4h,datasets[0].timings.units[1].workers[9],raster_worker,minio.tile_stat,3,0.014161,6.755455
round_1,optical_isea4h,datasets[0].timings.units[1].workers[9],raster_worker,source.checksum,1,0.046812,6.755455
round_1,optical_isea4h,datasets[0].timings.units[1].workers[9],raster_worker,source.download,1,0.204924,6.755455
round_1,optical_isea4h,datasets[0].timings.units[1].workers[9],raster_worker,entity.tile_mask,3,1.039626,6.755455
round_1,optical_isea4h,datasets[0].timings.units[1].workers[9],raster_worker,entity.tile_write,3,0.771678,6.755455
round_1,optical_isea4h,datasets[0].timings.units[1].workers[9],raster_worker,minio.tile_upload,1,0.062952,6.755455
round_1,optical_isea4h,datasets[0].timings.units[1].workers[9],raster_worker,source.raster_open,1,0.009234,6.755455
round_1,optical_isea4h,datasets[0].timings.units[1].workers[9],raster_worker,entity.tile_checksum,3,0.004608,6.755455
round_1,optical_isea4h,datasets[0].timings.units[1].workers[9],raster_worker,grid.window_calculation,3,0.00082,6.755455
round_1,optical_isea4h,datasets[0].timings.units[1].workers[10],raster_worker,grid.cover,1,4.742288,6.981843
round_1,optical_isea4h,datasets[0].timings.units[1].workers[10],raster_worker,source.cache,1,0.279877,6.981843
round_1,optical_isea4h,datasets[0].timings.units[1].workers[10],raster_worker,grid.geometry,2,0.025282,6.981843
round_1,optical_isea4h,datasets[0].timings.units[1].workers[10],raster_worker,minio.tile_stat,2,0.008722,6.981843
round_1,optical_isea4h,datasets[0].timings.units[1].workers[10],raster_worker,source.checksum,1,0.047024,6.981843
round_1,optical_isea4h,datasets[0].timings.units[1].workers[10],raster_worker,source.download,1,0.279297,6.981843
round_1,optical_isea4h,datasets[0].timings.units[1].workers[10],raster_worker,entity.tile_mask,2,1.058872,6.981843
round_1,optical_isea4h,datasets[0].timings.units[1].workers[10],raster_worker,entity.tile_write,2,0.674769,6.981843
round_1,optical_isea4h,datasets[0].timings.units[1].workers[10],raster_worker,minio.tile_upload,1,0.079081,6.981843
round_1,optical_isea4h,datasets[0].timings.units[1].workers[10],raster_worker,source.raster_open,1,0.009987,6.981843
round_1,optical_isea4h,datasets[0].timings.units[1].workers[10],raster_worker,entity.tile_checksum,2,0.002301,6.981843
round_1,optical_isea4h,datasets[0].timings.units[1].workers[10],raster_worker,grid.window_calculation,2,0.051553,6.981843
round_1,optical_isea4h,datasets[0].timings.units[1].workers[11],raster_worker,grid.cover,1,4.666966,7.311092
round_1,optical_isea4h,datasets[0].timings.units[1].workers[11],raster_worker,source.cache,1,0.266944,7.311092
round_1,optical_isea4h,datasets[0].timings.units[1].workers[11],raster_worker,grid.geometry,3,0.003158,7.311092
round_1,optical_isea4h,datasets[0].timings.units[1].workers[11],raster_worker,minio.tile_stat,3,0.014389,7.311092
round_1,optical_isea4h,datasets[0].timings.units[1].workers[11],raster_worker,source.checksum,1,0.050675,7.311092
round_1,optical_isea4h,datasets[0].timings.units[1].workers[11],raster_worker,source.download,1,0.266389,7.311092
round_1,optical_isea4h,datasets[0].timings.units[1].workers[11],raster_worker,entity.tile_mask,3,1.433941,7.311092
round_1,optical_isea4h,datasets[0].timings.units[1].workers[11],raster_worker,entity.tile_write,3,0.78518,7.311092
round_1,optical_isea4h,datasets[0].timings.units[1].workers[11],raster_worker,source.raster_open,1,0.009255,7.311092
round_1,optical_isea4h,datasets[0].timings.units[1].workers[11],raster_worker,entity.tile_checksum,3,0.004735,7.311092
round_1,optical_isea4h,datasets[0].timings.units[1].workers[11],raster_worker,grid.window_calculation,3,0.000843,7.311092
round_1,optical_isea4h,datasets[0].timings.units[1].workers[12],raster_worker,grid.cover,1,4.755755,7.609662
round_1,optical_isea4h,datasets[0].timings.units[1].workers[12],raster_worker,source.cache,1,0.259877,7.609662
round_1,optical_isea4h,datasets[0].timings.units[1].workers[12],raster_worker,grid.geometry,1,0.000801,7.609662
round_1,optical_isea4h,datasets[0].timings.units[1].workers[12],raster_worker,minio.tile_stat,1,0.004314,7.609662
round_1,optical_isea4h,datasets[0].timings.units[1].workers[12],raster_worker,source.checksum,1,0.049298,7.609662
round_1,optical_isea4h,datasets[0].timings.units[1].workers[12],raster_worker,source.download,1,0.259333,7.609662
round_1,optical_isea4h,datasets[0].timings.units[1].workers[12],raster_worker,entity.tile_mask,1,1.931719,7.609662
round_1,optical_isea4h,datasets[0].timings.units[1].workers[12],raster_worker,entity.tile_write,1,0.594223,7.609662
round_1,optical_isea4h,datasets[0].timings.units[1].workers[12],raster_worker,source.raster_open,1,0.009608,7.609662
round_1,optical_isea4h,datasets[0].timings.units[1].workers[12],raster_worker,entity.tile_checksum,1,0.002136,7.609662
round_1,optical_isea4h,datasets[0].timings.units[1].workers[12],raster_worker,grid.window_calculation,1,0.000319,7.609662
round_1,optical_isea4h,datasets[0].timings.units[1].workers[13],raster_worker,grid.cover,1,4.680097,7.588583
round_1,optical_isea4h,datasets[0].timings.units[1].workers[13],raster_worker,source.cache,1,0.297273,7.588583
round_1,optical_isea4h,datasets[0].timings.units[1].workers[13],raster_worker,grid.geometry,2,0.001951,7.588583
round_1,optical_isea4h,datasets[0].timings.units[1].workers[13],raster_worker,minio.tile_stat,2,0.010514,7.588583
round_1,optical_isea4h,datasets[0].timings.units[1].workers[13],raster_worker,source.checksum,1,0.052311,7.588583
round_1,optical_isea4h,datasets[0].timings.units[1].workers[13],raster_worker,source.download,1,0.296655,7.588583
round_1,optical_isea4h,datasets[0].timings.units[1].workers[13],raster_worker,entity.tile_mask,2,1.840483,7.588583
round_1,optical_isea4h,datasets[0].timings.units[1].workers[13],raster_worker,entity.tile_write,2,0.689147,7.588583
round_1,optical_isea4h,datasets[0].timings.units[1].workers[13],raster_worker,source.raster_open,1,0.010167,7.588583
round_1,optical_isea4h,datasets[0].timings.units[1].workers[13],raster_worker,entity.tile_checksum,2,0.004066,7.588583
round_1,optical_isea4h,datasets[0].timings.units[1].workers[13],raster_worker,grid.window_calculation,2,0.000524,7.588583
round_1,optical_isea4h,datasets[0].timings.units[1].workers[14],raster_worker,grid.cover,1,4.919896,7.652633
round_1,optical_isea4h,datasets[0].timings.units[1].workers[14],raster_worker,source.cache,1,0.294778,7.652633
round_1,optical_isea4h,datasets[0].timings.units[1].workers[14],raster_worker,grid.geometry,2,0.001871,7.652633
round_1,optical_isea4h,datasets[0].timings.units[1].workers[14],raster_worker,minio.tile_stat,2,0.009004,7.652633
round_1,optical_isea4h,datasets[0].timings.units[1].workers[14],raster_worker,source.checksum,1,0.048075,7.652633
round_1,optical_isea4h,datasets[0].timings.units[1].workers[14],raster_worker,source.download,1,0.294176,7.652633
round_1,optical_isea4h,datasets[0].timings.units[1].workers[14],raster_worker,entity.tile_mask,2,1.704805,7.652633
round_1,optical_isea4h,datasets[0].timings.units[1].workers[14],raster_worker,entity.tile_write,2,0.658539,7.652633
round_1,optical_isea4h,datasets[0].timings.units[1].workers[14],raster_worker,source.raster_open,1,0.010315,7.652633
round_1,optical_isea4h,datasets[0].timings.units[1].workers[14],raster_worker,entity.tile_checksum,2,0.002784,7.652633
round_1,optical_isea4h,datasets[0].timings.units[1].workers[14],raster_worker,grid.window_calculation,2,0.000531,7.652633
round_1,optical_isea4h,datasets[0].timings.units[1].workers[15],raster_worker,grid.cover,1,4.727723,8.114699
round_1,optical_isea4h,datasets[0].timings.units[1].workers[15],raster_worker,source.cache,1,0.297819,8.114699
round_1,optical_isea4h,datasets[0].timings.units[1].workers[15],raster_worker,grid.geometry,3,0.003019,8.114699
round_1,optical_isea4h,datasets[0].timings.units[1].workers[15],raster_worker,minio.tile_stat,3,0.014253,8.114699
round_1,optical_isea4h,datasets[0].timings.units[1].workers[15],raster_worker,source.checksum,1,0.055124,8.114699
round_1,optical_isea4h,datasets[0].timings.units[1].workers[15],raster_worker,source.download,1,0.297212,8.114699
round_1,optical_isea4h,datasets[0].timings.units[1].workers[15],raster_worker,entity.tile_mask,3,2.145921,8.114699
round_1,optical_isea4h,datasets[0].timings.units[1].workers[15],raster_worker,entity.tile_write,3,0.818176,8.114699
round_1,optical_isea4h,datasets[0].timings.units[1].workers[15],raster_worker,source.raster_open,1,0.009503,8.114699
round_1,optical_isea4h,datasets[0].timings.units[1].workers[15],raster_worker,entity.tile_checksum,3,0.00425,8.114699
round_1,optical_isea4h,datasets[0].timings.units[1].workers[15],raster_worker,grid.window_calculation,3,0.000791,8.114699
round_1,optical_isea4h,datasets[0].timings.units[1].source_preflight,source_preflight,minio.stat,1,0.006564,10.22629
round_1,optical_isea4h,datasets[0].timings.units[2].driver,raster_driver,ray.wait,17,2.215463,2.260074
round_1,optical_isea4h,datasets[0].timings.units[2].driver,raster_driver,ray.result_get,16,0.004002,2.260074
round_1,optical_isea4h,datasets[0].timings.units[2].driver,raster_driver,ray.task_submit,16,0.015077,2.260074
round_1,optical_isea4h,datasets[0].timings.units[2].driver,raster_driver,driver.result_merge,16,0.000111,2.260074
round_1,optical_isea4h,datasets[0].timings.units[2].workers[0],raster_worker,grid.cover,1,0.008921,1.522034
round_1,optical_isea4h,datasets[0].timings.units[2].workers[0],raster_worker,source.cache,1,0.000245,1.522034
round_1,optical_isea4h,datasets[0].timings.units[2].workers[0],raster_worker,grid.geometry,1,0.000711,1.522034
round_1,optical_isea4h,datasets[0].timings.units[2].workers[0],raster_worker,minio.tile_stat,1,0.006709,1.522034
round_1,optical_isea4h,datasets[0].timings.units[2].workers[0],raster_worker,source.checksum,1,0.086459,1.522034
round_1,optical_isea4h,datasets[0].timings.units[2].workers[0],raster_worker,source.download,1,0.0,1.522034
round_1,optical_isea4h,datasets[0].timings.units[2].workers[0],raster_worker,entity.tile_mask,1,0.864077,1.522034
round_1,optical_isea4h,datasets[0].timings.units[2].workers[0],raster_worker,entity.tile_write,1,0.550859,1.522034
round_1,optical_isea4h,datasets[0].timings.units[2].workers[0],raster_worker,source.raster_open,1,0.000954,1.522034
round_1,optical_isea4h,datasets[0].timings.units[2].workers[0],raster_worker,entity.tile_checksum,1,0.00177,1.522034
round_1,optical_isea4h,datasets[0].timings.units[2].workers[0],raster_worker,grid.window_calculation,1,0.000203,1.522034
round_1,optical_isea4h,datasets[0].timings.units[2].workers[1],raster_worker,grid.cover,1,0.006764,1.543559
round_1,optical_isea4h,datasets[0].timings.units[2].workers[1],raster_worker,source.cache,1,0.000243,1.543559
round_1,optical_isea4h,datasets[0].timings.units[2].workers[1],raster_worker,grid.geometry,1,0.000771,1.543559
round_1,optical_isea4h,datasets[0].timings.units[2].workers[1],raster_worker,minio.tile_stat,1,0.010976,1.543559
round_1,optical_isea4h,datasets[0].timings.units[2].workers[1],raster_worker,source.checksum,1,0.105385,1.543559
round_1,optical_isea4h,datasets[0].timings.units[2].workers[1],raster_worker,source.download,1,0.0,1.543559
round_1,optical_isea4h,datasets[0].timings.units[2].workers[1],raster_worker,entity.tile_mask,1,0.858493,1.543559
round_1,optical_isea4h,datasets[0].timings.units[2].workers[1],raster_worker,entity.tile_write,1,0.556618,1.543559
round_1,optical_isea4h,datasets[0].timings.units[2].workers[1],raster_worker,source.raster_open,1,0.001114,1.543559
round_1,optical_isea4h,datasets[0].timings.units[2].workers[1],raster_worker,entity.tile_checksum,1,0.00177,1.543559
round_1,optical_isea4h,datasets[0].timings.units[2].workers[1],raster_worker,grid.window_calculation,1,0.000209,1.543559
round_1,optical_isea4h,datasets[0].timings.units[2].workers[2],raster_worker,grid.cover,1,0.012073,1.550864
round_1,optical_isea4h,datasets[0].timings.units[2].workers[2],raster_worker,source.cache,1,0.000371,1.550864
round_1,optical_isea4h,datasets[0].timings.units[2].workers[2],raster_worker,grid.geometry,1,0.000838,1.550864
round_1,optical_isea4h,datasets[0].timings.units[2].workers[2],raster_worker,minio.tile_stat,1,0.005032,1.550864
round_1,optical_isea4h,datasets[0].timings.units[2].workers[2],raster_worker,source.checksum,1,0.089216,1.550864
round_1,optical_isea4h,datasets[0].timings.units[2].workers[2],raster_worker,source.download,1,0.0,1.550864
round_1,optical_isea4h,datasets[0].timings.units[2].workers[2],raster_worker,entity.tile_mask,1,0.858339,1.550864
round_1,optical_isea4h,datasets[0].timings.units[2].workers[2],raster_worker,entity.tile_write,1,0.579788,1.550864
round_1,optical_isea4h,datasets[0].timings.units[2].workers[2],raster_worker,source.raster_open,1,0.001638,1.550864
round_1,optical_isea4h,datasets[0].timings.units[2].workers[2],raster_worker,entity.tile_checksum,1,0.001781,1.550864
round_1,optical_isea4h,datasets[0].timings.units[2].workers[2],raster_worker,grid.window_calculation,1,0.00023,1.550864
round_1,optical_isea4h,datasets[0].timings.units[2].workers[3],raster_worker,grid.cover,1,0.007577,1.58291
round_1,optical_isea4h,datasets[0].timings.units[2].workers[3],raster_worker,source.cache,1,0.000294,1.58291
round_1,optical_isea4h,datasets[0].timings.units[2].workers[3],raster_worker,grid.geometry,1,0.000903,1.58291
round_1,optical_isea4h,datasets[0].timings.units[2].workers[3],raster_worker,minio.tile_stat,1,0.007153,1.58291
round_1,optical_isea4h,datasets[0].timings.units[2].workers[3],raster_worker,source.checksum,1,0.12586,1.58291
round_1,optical_isea4h,datasets[0].timings.units[2].workers[3],raster_worker,source.download,1,0.0,1.58291
round_1,optical_isea4h,datasets[0].timings.units[2].workers[3],raster_worker,entity.tile_mask,1,0.876563,1.58291
round_1,optical_isea4h,datasets[0].timings.units[2].workers[3],raster_worker,entity.tile_write,1,0.560358,1.58291
round_1,optical_isea4h,datasets[0].timings.units[2].workers[3],raster_worker,source.raster_open,1,0.001062,1.58291
round_1,optical_isea4h,datasets[0].timings.units[2].workers[3],raster_worker,entity.tile_checksum,1,0.00177,1.58291
round_1,optical_isea4h,datasets[0].timings.units[2].workers[3],raster_worker,grid.window_calculation,1,0.000205,1.58291
round_1,optical_isea4h,datasets[0].timings.units[2].workers[4],raster_worker,grid.cover,1,0.004614,1.580987
round_1,optical_isea4h,datasets[0].timings.units[2].workers[4],raster_worker,source.cache,1,0.000343,1.580987
round_1,optical_isea4h,datasets[0].timings.units[2].workers[4],raster_worker,grid.geometry,1,0.000841,1.580987
round_1,optical_isea4h,datasets[0].timings.units[2].workers[4],raster_worker,minio.tile_stat,1,0.088323,1.580987
round_1,optical_isea4h,datasets[0].timings.units[2].workers[4],raster_worker,source.checksum,1,0.037783,1.580987
round_1,optical_isea4h,datasets[0].timings.units[2].workers[4],raster_worker,source.download,1,0.0,1.580987
round_1,optical_isea4h,datasets[0].timings.units[2].workers[4],raster_worker,entity.tile_mask,1,0.889728,1.580987
round_1,optical_isea4h,datasets[0].timings.units[2].workers[4],raster_worker,entity.tile_write,1,0.555154,1.580987
round_1,optical_isea4h,datasets[0].timings.units[2].workers[4],raster_worker,source.raster_open,1,0.000909,1.580987
round_1,optical_isea4h,datasets[0].timings.units[2].workers[4],raster_worker,entity.tile_checksum,1,0.001788,1.580987
round_1,optical_isea4h,datasets[0].timings.units[2].workers[4],raster_worker,grid.window_calculation,1,0.000232,1.580987
round_1,optical_isea4h,datasets[0].timings.units[2].workers[5],raster_worker,grid.cover,1,0.006088,1.736837
round_1,optical_isea4h,datasets[0].timings.units[2].workers[5],raster_worker,source.cache,1,0.000225,1.736837
round_1,optical_isea4h,datasets[0].timings.units[2].workers[5],raster_worker,grid.geometry,1,0.000793,1.736837
round_1,optical_isea4h,datasets[0].timings.units[2].workers[5],raster_worker,minio.tile_stat,1,0.005218,1.736837
round_1,optical_isea4h,datasets[0].timings.units[2].workers[5],raster_worker,source.checksum,1,0.080076,1.736837
round_1,optical_isea4h,datasets[0].timings.units[2].workers[5],raster_worker,source.download,1,0.0,1.736837
round_1,optical_isea4h,datasets[0].timings.units[2].workers[5],raster_worker,entity.tile_mask,1,0.806441,1.736837
round_1,optical_isea4h,datasets[0].timings.units[2].workers[5],raster_worker,entity.tile_write,1,0.551148,1.736837
round_1,optical_isea4h,datasets[0].timings.units[2].workers[5],raster_worker,minio.tile_upload,1,0.282627,1.736837
round_1,optical_isea4h,datasets[0].timings.units[2].workers[5],raster_worker,source.raster_open,1,0.001023,1.736837
round_1,optical_isea4h,datasets[0].timings.units[2].workers[5],raster_worker,entity.tile_checksum,1,0.001773,1.736837
round_1,optical_isea4h,datasets[0].timings.units[2].workers[5],raster_worker,grid.window_calculation,1,0.000203,1.736837
round_1,optical_isea4h,datasets[0].timings.units[2].workers[6],raster_worker,grid.cover,1,0.009472,1.750951
round_1,optical_isea4h,datasets[0].timings.units[2].workers[6],raster_worker,source.cache,1,0.000325,1.750951
round_1,optical_isea4h,datasets[0].timings.units[2].workers[6],raster_worker,grid.geometry,2,0.001859,1.750951
round_1,optical_isea4h,datasets[0].timings.units[2].workers[6],raster_worker,minio.tile_stat,2,0.011545,1.750951
round_1,optical_isea4h,datasets[0].timings.units[2].workers[6],raster_worker,source.checksum,1,0.046567,1.750951
round_1,optical_isea4h,datasets[0].timings.units[2].workers[6],raster_worker,source.download,1,0.0,1.750951
round_1,optical_isea4h,datasets[0].timings.units[2].workers[6],raster_worker,entity.tile_mask,2,0.974317,1.750951
round_1,optical_isea4h,datasets[0].timings.units[2].workers[6],raster_worker,entity.tile_write,2,0.641804,1.750951
round_1,optical_isea4h,datasets[0].timings.units[2].workers[6],raster_worker,minio.tile_upload,1,0.059187,1.750951
round_1,optical_isea4h,datasets[0].timings.units[2].workers[6],raster_worker,source.raster_open,1,0.001221,1.750951
round_1,optical_isea4h,datasets[0].timings.units[2].workers[6],raster_worker,entity.tile_checksum,2,0.002344,1.750951
round_1,optical_isea4h,datasets[0].timings.units[2].workers[6],raster_worker,grid.window_calculation,2,0.000448,1.750951
round_1,optical_isea4h,datasets[0].timings.units[2].workers[7],raster_worker,grid.cover,1,0.00601,1.77461
round_1,optical_isea4h,datasets[0].timings.units[2].workers[7],raster_worker,source.cache,1,0.000289,1.77461
round_1,optical_isea4h,datasets[0].timings.units[2].workers[7],raster_worker,grid.geometry,1,0.000744,1.77461
round_1,optical_isea4h,datasets[0].timings.units[2].workers[7],raster_worker,minio.tile_stat,1,0.015412,1.77461
round_1,optical_isea4h,datasets[0].timings.units[2].workers[7],raster_worker,source.checksum,1,0.037021,1.77461
round_1,optical_isea4h,datasets[0].timings.units[2].workers[7],raster_worker,source.download,1,0.0,1.77461
round_1,optical_isea4h,datasets[0].timings.units[2].workers[7],raster_worker,entity.tile_mask,1,0.86293,1.77461
round_1,optical_isea4h,datasets[0].timings.units[2].workers[7],raster_worker,entity.tile_write,1,0.551227,1.77461
round_1,optical_isea4h,datasets[0].timings.units[2].workers[7],raster_worker,minio.tile_upload,1,0.296674,1.77461
round_1,optical_isea4h,datasets[0].timings.units[2].workers[7],raster_worker,source.raster_open,1,0.001066,1.77461
round_1,optical_isea4h,datasets[0].timings.units[2].workers[7],raster_worker,entity.tile_checksum,1,0.001778,1.77461
round_1,optical_isea4h,datasets[0].timings.units[2].workers[7],raster_worker,grid.window_calculation,1,0.000212,1.77461
round_1,optical_isea4h,datasets[0].timings.units[2].workers[8],raster_worker,grid.cover,1,0.009202,1.7836
round_1,optical_isea4h,datasets[0].timings.units[2].workers[8],raster_worker,source.cache,1,0.000573,1.7836
round_1,optical_isea4h,datasets[0].timings.units[2].workers[8],raster_worker,grid.geometry,2,0.002098,1.7836
round_1,optical_isea4h,datasets[0].timings.units[2].workers[8],raster_worker,minio.tile_stat,2,0.056913,1.7836
round_1,optical_isea4h,datasets[0].timings.units[2].workers[8],raster_worker,source.checksum,1,0.036115,1.7836
round_1,optical_isea4h,datasets[0].timings.units[2].workers[8],raster_worker,source.download,1,0.0,1.7836
round_1,optical_isea4h,datasets[0].timings.units[2].workers[8],raster_worker,entity.tile_mask,2,0.95276,1.7836
round_1,optical_isea4h,datasets[0].timings.units[2].workers[8],raster_worker,entity.tile_write,2,0.681207,1.7836
round_1,optical_isea4h,datasets[0].timings.units[2].workers[8],raster_worker,minio.tile_upload,1,0.038847,1.7836
round_1,optical_isea4h,datasets[0].timings.units[2].workers[8],raster_worker,source.raster_open,1,0.001086,1.7836
round_1,optical_isea4h,datasets[0].timings.units[2].workers[8],raster_worker,entity.tile_checksum,2,0.001978,1.7836
round_1,optical_isea4h,datasets[0].timings.units[2].workers[8],raster_worker,grid.window_calculation,2,0.000544,1.7836
round_1,optical_isea4h,datasets[0].timings.units[2].workers[9],raster_worker,grid.cover,1,0.005475,1.818901
round_1,optical_isea4h,datasets[0].timings.units[2].workers[9],raster_worker,source.cache,1,0.000426,1.818901
round_1,optical_isea4h,datasets[0].timings.units[2].workers[9],raster_worker,grid.geometry,2,0.001856,1.818901
round_1,optical_isea4h,datasets[0].timings.units[2].workers[9],raster_worker,minio.tile_stat,2,0.157908,1.818901
round_1,optical_isea4h,datasets[0].timings.units[2].workers[9],raster_worker,source.checksum,1,0.038165,1.818901
round_1,optical_isea4h,datasets[0].timings.units[2].workers[9],raster_worker,source.download,1,0.0,1.818901
round_1,optical_isea4h,datasets[0].timings.units[2].workers[9],raster_worker,entity.tile_mask,2,0.922061,1.818901
round_1,optical_isea4h,datasets[0].timings.units[2].workers[9],raster_worker,entity.tile_write,2,0.685156,1.818901
round_1,optical_isea4h,datasets[0].timings.units[2].workers[9],raster_worker,source.raster_open,1,0.001114,1.818901
round_1,optical_isea4h,datasets[0].timings.units[2].workers[9],raster_worker,entity.tile_checksum,2,0.004311,1.818901
round_1,optical_isea4h,datasets[0].timings.units[2].workers[9],raster_worker,grid.window_calculation,2,0.000493,1.818901
round_1,optical_isea4h,datasets[0].timings.units[2].workers[10],raster_worker,grid.cover,1,0.018665,1.8966
round_1,optical_isea4h,datasets[0].timings.units[2].workers[10],raster_worker,source.cache,1,0.00032,1.8966
round_1,optical_isea4h,datasets[0].timings.units[2].workers[10],raster_worker,grid.geometry,3,0.00297,1.8966
round_1,optical_isea4h,datasets[0].timings.units[2].workers[10],raster_worker,minio.tile_stat,3,0.019635,1.8966
round_1,optical_isea4h,datasets[0].timings.units[2].workers[10],raster_worker,source.checksum,1,0.092788,1.8966
round_1,optical_isea4h,datasets[0].timings.units[2].workers[10],raster_worker,source.download,1,0.0,1.8966
round_1,optical_isea4h,datasets[0].timings.units[2].workers[10],raster_worker,entity.tile_mask,3,0.944738,1.8966
round_1,optical_isea4h,datasets[0].timings.units[2].workers[10],raster_worker,entity.tile_write,3,0.809063,1.8966
round_1,optical_isea4h,datasets[0].timings.units[2].workers[10],raster_worker,source.raster_open,1,0.001341,1.8966
round_1,optical_isea4h,datasets[0].timings.units[2].workers[10],raster_worker,entity.tile_checksum,3,0.0039,1.8966
round_1,optical_isea4h,datasets[0].timings.units[2].workers[10],raster_worker,grid.window_calculation,3,0.000705,1.8966
round_1,optical_isea4h,datasets[0].timings.units[2].workers[11],raster_worker,grid.cover,1,0.006325,1.893505
round_1,optical_isea4h,datasets[0].timings.units[2].workers[11],raster_worker,source.cache,1,0.000427,1.893505
round_1,optical_isea4h,datasets[0].timings.units[2].workers[11],raster_worker,grid.geometry,3,0.003331,1.893505
round_1,optical_isea4h,datasets[0].timings.units[2].workers[11],raster_worker,minio.tile_stat,3,0.101931,1.893505
round_1,optical_isea4h,datasets[0].timings.units[2].workers[11],raster_worker,source.checksum,1,0.036786,1.893505
round_1,optical_isea4h,datasets[0].timings.units[2].workers[11],raster_worker,source.download,1,0.0,1.893505
round_1,optical_isea4h,datasets[0].timings.units[2].workers[11],raster_worker,entity.tile_mask,3,0.976195,1.893505
round_1,optical_isea4h,datasets[0].timings.units[2].workers[11],raster_worker,entity.tile_write,3,0.760165,1.893505
round_1,optical_isea4h,datasets[0].timings.units[2].workers[11],raster_worker,source.raster_open,1,0.00086,1.893505
round_1,optical_isea4h,datasets[0].timings.units[2].workers[11],raster_worker,entity.tile_checksum,3,0.004335,1.893505
round_1,optical_isea4h,datasets[0].timings.units[2].workers[11],raster_worker,grid.window_calculation,3,0.000712,1.893505
round_1,optical_isea4h,datasets[0].timings.units[2].workers[12],raster_worker,grid.cover,1,0.006402,1.901484
round_1,optical_isea4h,datasets[0].timings.units[2].workers[12],raster_worker,source.cache,1,0.000342,1.901484
round_1,optical_isea4h,datasets[0].timings.units[2].workers[12],raster_worker,grid.geometry,3,0.002891,1.901484
round_1,optical_isea4h,datasets[0].timings.units[2].workers[12],raster_worker,minio.tile_stat,3,0.01652,1.901484
round_1,optical_isea4h,datasets[0].timings.units[2].workers[12],raster_worker,source.checksum,1,0.03365,1.901484
round_1,optical_isea4h,datasets[0].timings.units[2].workers[12],raster_worker,source.download,1,0.0,1.901484
round_1,optical_isea4h,datasets[0].timings.units[2].workers[12],raster_worker,entity.tile_mask,3,0.934391,1.901484
round_1,optical_isea4h,datasets[0].timings.units[2].workers[12],raster_worker,entity.tile_write,3,0.752318,1.901484
round_1,optical_isea4h,datasets[0].timings.units[2].workers[12],raster_worker,minio.tile_upload,2,0.146464,1.901484
round_1,optical_isea4h,datasets[0].timings.units[2].workers[12],raster_worker,source.raster_open,1,0.000859,1.901484
round_1,optical_isea4h,datasets[0].timings.units[2].workers[12],raster_worker,entity.tile_checksum,3,0.004586,1.901484
round_1,optical_isea4h,datasets[0].timings.units[2].workers[12],raster_worker,grid.window_calculation,3,0.000688,1.901484
round_1,optical_isea4h,datasets[0].timings.units[2].workers[13],raster_worker,grid.cover,1,0.007502,2.116669
round_1,optical_isea4h,datasets[0].timings.units[2].workers[13],raster_worker,source.cache,1,0.000229,2.116669
round_1,optical_isea4h,datasets[0].timings.units[2].workers[13],raster_worker,grid.geometry,1,0.000705,2.116669
round_1,optical_isea4h,datasets[0].timings.units[2].workers[13],raster_worker,minio.tile_stat,1,0.004461,2.116669
round_1,optical_isea4h,datasets[0].timings.units[2].workers[13],raster_worker,source.checksum,1,0.033211,2.116669
round_1,optical_isea4h,datasets[0].timings.units[2].workers[13],raster_worker,source.download,1,0.0,2.116669
round_1,optical_isea4h,datasets[0].timings.units[2].workers[13],raster_worker,entity.tile_mask,1,0.848871,2.116669
round_1,optical_isea4h,datasets[0].timings.units[2].workers[13],raster_worker,entity.tile_write,1,0.556407,2.116669
round_1,optical_isea4h,datasets[0].timings.units[2].workers[13],raster_worker,minio.tile_upload,1,0.661388,2.116669
round_1,optical_isea4h,datasets[0].timings.units[2].workers[13],raster_worker,source.raster_open,1,0.000888,2.116669
round_1,optical_isea4h,datasets[0].timings.units[2].workers[13],raster_worker,entity.tile_checksum,1,0.001764,2.116669
round_1,optical_isea4h,datasets[0].timings.units[2].workers[13],raster_worker,grid.window_calculation,1,0.000191,2.116669
round_1,optical_isea4h,datasets[0].timings.units[2].workers[14],raster_worker,grid.cover,1,0.006169,2.205126
round_1,optical_isea4h,datasets[0].timings.units[2].workers[14],raster_worker,source.cache,1,0.000327,2.205126
round_1,optical_isea4h,datasets[0].timings.units[2].workers[14],raster_worker,grid.geometry,2,0.001944,2.205126
round_1,optical_isea4h,datasets[0].timings.units[2].workers[14],raster_worker,minio.tile_stat,2,0.497996,2.205126
round_1,optical_isea4h,datasets[0].timings.units[2].workers[14],raster_worker,source.checksum,1,0.054514,2.205126
round_1,optical_isea4h,datasets[0].timings.units[2].workers[14],raster_worker,source.download,1,0.0,2.205126
round_1,optical_isea4h,datasets[0].timings.units[2].workers[14],raster_worker,entity.tile_mask,2,0.940529,2.205126
round_1,optical_isea4h,datasets[0].timings.units[2].workers[14],raster_worker,entity.tile_write,2,0.697773,2.205126
round_1,optical_isea4h,datasets[0].timings.units[2].workers[14],raster_worker,source.raster_open,1,0.0016,2.205126
round_1,optical_isea4h,datasets[0].timings.units[2].workers[14],raster_worker,entity.tile_checksum,2,0.001818,2.205126
round_1,optical_isea4h,datasets[0].timings.units[2].workers[14],raster_worker,grid.window_calculation,2,0.00047,2.205126
round_1,optical_isea4h,datasets[0].timings.units[2].workers[15],raster_worker,grid.cover,1,0.007893,2.23643
round_1,optical_isea4h,datasets[0].timings.units[2].workers[15],raster_worker,source.cache,1,0.000303,2.23643
round_1,optical_isea4h,datasets[0].timings.units[2].workers[15],raster_worker,grid.geometry,3,0.002866,2.23643
round_1,optical_isea4h,datasets[0].timings.units[2].workers[15],raster_worker,minio.tile_stat,3,0.019286,2.23643
round_1,optical_isea4h,datasets[0].timings.units[2].workers[15],raster_worker,source.checksum,1,0.037179,2.23643
round_1,optical_isea4h,datasets[0].timings.units[2].workers[15],raster_worker,source.download,1,0.0,2.23643
round_1,optical_isea4h,datasets[0].timings.units[2].workers[15],raster_worker,entity.tile_mask,3,0.975245,2.23643
round_1,optical_isea4h,datasets[0].timings.units[2].workers[15],raster_worker,entity.tile_write,3,0.769873,2.23643
round_1,optical_isea4h,datasets[0].timings.units[2].workers[15],raster_worker,minio.tile_upload,2,0.416375,2.23643
round_1,optical_isea4h,datasets[0].timings.units[2].workers[15],raster_worker,source.raster_open,1,0.0013,2.23643
round_1,optical_isea4h,datasets[0].timings.units[2].workers[15],raster_worker,entity.tile_checksum,3,0.003096,2.23643
round_1,optical_isea4h,datasets[0].timings.units[2].workers[15],raster_worker,grid.window_calculation,3,0.000658,2.23643
round_1,optical_isea4h,datasets[0].timings.units[2].source_preflight,source_preflight,minio.stat,1,0.006799,2.267079
round_1,optical_isea4h,datasets[0].timings.units[3].driver,raster_driver,ray.wait,18,4.494896,4.543023
round_1,optical_isea4h,datasets[0].timings.units[3].driver,raster_driver,ray.result_get,16,0.004402,4.543023
round_1,optical_isea4h,datasets[0].timings.units[3].driver,raster_driver,ray.task_submit,16,0.015523,4.543023
round_1,optical_isea4h,datasets[0].timings.units[3].driver,raster_driver,driver.result_merge,16,0.000126,4.543023
round_1,optical_isea4h,datasets[0].timings.units[3].workers[0],raster_worker,grid.cover,1,0.005815,2.930189
round_1,optical_isea4h,datasets[0].timings.units[3].workers[0],raster_worker,source.cache,1,0.000272,2.930189
round_1,optical_isea4h,datasets[0].timings.units[3].workers[0],raster_worker,grid.geometry,1,0.000735,2.930189
round_1,optical_isea4h,datasets[0].timings.units[3].workers[0],raster_worker,minio.tile_stat,1,0.00733,2.930189
round_1,optical_isea4h,datasets[0].timings.units[3].workers[0],raster_worker,source.checksum,1,0.085941,2.930189
round_1,optical_isea4h,datasets[0].timings.units[3].workers[0],raster_worker,source.download,1,0.0,2.930189
round_1,optical_isea4h,datasets[0].timings.units[3].workers[0],raster_worker,entity.tile_mask,1,0.815894,2.930189
round_1,optical_isea4h,datasets[0].timings.units[3].workers[0],raster_worker,entity.tile_write,1,1.391994,2.930189
round_1,optical_isea4h,datasets[0].timings.units[3].workers[0],raster_worker,minio.tile_upload,1,0.607423,2.930189
round_1,optical_isea4h,datasets[0].timings.units[3].workers[0],raster_worker,source.raster_open,1,0.00111,2.930189
round_1,optical_isea4h,datasets[0].timings.units[3].workers[0],raster_worker,entity.tile_checksum,1,0.012223,2.930189
round_1,optical_isea4h,datasets[0].timings.units[3].workers[0],raster_worker,grid.window_calculation,1,0.000199,2.930189
round_1,optical_isea4h,datasets[0].timings.units[3].workers[1],raster_worker,grid.cover,1,0.007453,3.021459
round_1,optical_isea4h,datasets[0].timings.units[3].workers[1],raster_worker,source.cache,1,0.000303,3.021459
round_1,optical_isea4h,datasets[0].timings.units[3].workers[1],raster_worker,grid.geometry,2,0.002105,3.021459
round_1,optical_isea4h,datasets[0].timings.units[3].workers[1],raster_worker,minio.tile_stat,2,0.008672,3.021459
round_1,optical_isea4h,datasets[0].timings.units[3].workers[1],raster_worker,source.checksum,1,0.043328,3.021459
round_1,optical_isea4h,datasets[0].timings.units[3].workers[1],raster_worker,source.download,1,0.0,3.021459
round_1,optical_isea4h,datasets[0].timings.units[3].workers[1],raster_worker,entity.tile_mask,2,0.894211,3.021459
round_1,optical_isea4h,datasets[0].timings.units[3].workers[1],raster_worker,entity.tile_write,2,1.540796,3.021459
round_1,optical_isea4h,datasets[0].timings.units[3].workers[1],raster_worker,minio.tile_upload,2,0.49151,3.021459
round_1,optical_isea4h,datasets[0].timings.units[3].workers[1],raster_worker,source.raster_open,1,0.001262,3.021459
round_1,optical_isea4h,datasets[0].timings.units[3].workers[1],raster_worker,entity.tile_checksum,2,0.029274,3.021459
round_1,optical_isea4h,datasets[0].timings.units[3].workers[1],raster_worker,grid.window_calculation,2,0.000519,3.021459
round_1,optical_isea4h,datasets[0].timings.units[3].workers[2],raster_worker,grid.cover,1,0.005757,3.078004
round_1,optical_isea4h,datasets[0].timings.units[3].workers[2],raster_worker,source.cache,1,0.000254,3.078004
round_1,optical_isea4h,datasets[0].timings.units[3].workers[2],raster_worker,grid.geometry,1,0.000787,3.078004
round_1,optical_isea4h,datasets[0].timings.units[3].workers[2],raster_worker,minio.tile_stat,1,0.007162,3.078004
round_1,optical_isea4h,datasets[0].timings.units[3].workers[2],raster_worker,source.checksum,1,0.045613,3.078004
round_1,optical_isea4h,datasets[0].timings.units[3].workers[2],raster_worker,source.download,1,0.0,3.078004
round_1,optical_isea4h,datasets[0].timings.units[3].workers[2],raster_worker,entity.tile_mask,1,0.856585,3.078004
round_1,optical_isea4h,datasets[0].timings.units[3].workers[2],raster_worker,entity.tile_write,1,1.432035,3.078004
round_1,optical_isea4h,datasets[0].timings.units[3].workers[2],raster_worker,minio.tile_upload,1,0.716839,3.078004
round_1,optical_isea4h,datasets[0].timings.units[3].workers[2],raster_worker,source.raster_open,1,0.000904,3.078004
round_1,optical_isea4h,datasets[0].timings.units[3].workers[2],raster_worker,entity.tile_checksum,1,0.010642,3.078004
round_1,optical_isea4h,datasets[0].timings.units[3].workers[2],raster_worker,grid.window_calculation,1,0.000201,3.078004
round_1,optical_isea4h,datasets[0].timings.units[3].workers[3],raster_worker,grid.cover,1,0.007137,3.139322
round_1,optical_isea4h,datasets[0].timings.units[3].workers[3],raster_worker,source.cache,1,0.000281,3.139322
round_1,optical_isea4h,datasets[0].timings.units[3].workers[3],raster_worker,grid.geometry,2,0.00185,3.139322
round_1,optical_isea4h,datasets[0].timings.units[3].workers[3],raster_worker,minio.tile_stat,2,0.273936,3.139322
round_1,optical_isea4h,datasets[0].timings.units[3].workers[3],raster_worker,source.checksum,1,0.118197,3.139322
round_1,optical_isea4h,datasets[0].timings.units[3].workers[3],raster_worker,source.download,1,0.0,3.139322
round_1,optical_isea4h,datasets[0].timings.units[3].workers[3],raster_worker,entity.tile_mask,2,0.914598,3.139322
round_1,optical_isea4h,datasets[0].timings.units[3].workers[3],raster_worker,entity.tile_write,2,1.632499,3.139322
round_1,optical_isea4h,datasets[0].timings.units[3].workers[3],raster_worker,minio.tile_upload,1,0.174397,3.139322
round_1,optical_isea4h,datasets[0].timings.units[3].workers[3],raster_worker,source.raster_open,1,0.001091,3.139322
round_1,optical_isea4h,datasets[0].timings.units[3].workers[3],raster_worker,entity.tile_checksum,2,0.012958,3.139322
round_1,optical_isea4h,datasets[0].timings.units[3].workers[3],raster_worker,grid.window_calculation,2,0.000479,3.139322
round_1,optical_isea4h,datasets[0].timings.units[3].workers[4],raster_worker,grid.cover,1,0.01308,3.208546
round_1,optical_isea4h,datasets[0].timings.units[3].workers[4],raster_worker,source.cache,1,0.000334,3.208546
round_1,optical_isea4h,datasets[0].timings.units[3].workers[4],raster_worker,grid.geometry,1,0.000905,3.208546
round_1,optical_isea4h,datasets[0].timings.units[3].workers[4],raster_worker,minio.tile_stat,1,0.022672,3.208546
round_1,optical_isea4h,datasets[0].timings.units[3].workers[4],raster_worker,source.checksum,1,0.053804,3.208546
round_1,optical_isea4h,datasets[0].timings.units[3].workers[4],raster_worker,source.download,1,0.0,3.208546
round_1,optical_isea4h,datasets[0].timings.units[3].workers[4],raster_worker,entity.tile_mask,1,0.903729,3.208546
round_1,optical_isea4h,datasets[0].timings.units[3].workers[4],raster_worker,entity.tile_write,1,1.432142,3.208546
round_1,optical_isea4h,datasets[0].timings.units[3].workers[4],raster_worker,minio.tile_upload,1,0.767674,3.208546
round_1,optical_isea4h,datasets[0].timings.units[3].workers[4],raster_worker,source.raster_open,1,0.001362,3.208546
round_1,optical_isea4h,datasets[0].timings.units[3].workers[4],raster_worker,entity.tile_checksum,1,0.010893,3.208546
round_1,optical_isea4h,datasets[0].timings.units[3].workers[4],raster_worker,grid.window_calculation,1,0.000245,3.208546
round_1,optical_isea4h,datasets[0].timings.units[3].workers[5],raster_worker,grid.cover,1,0.005432,3.345975
round_1,optical_isea4h,datasets[0].timings.units[3].workers[5],raster_worker,source.cache,1,0.000512,3.345975
round_1,optical_isea4h,datasets[0].timings.units[3].workers[5],raster_worker,grid.geometry,2,0.001938,3.345975
round_1,optical_isea4h,datasets[0].timings.units[3].workers[5],raster_worker,minio.tile_stat,2,0.018455,3.345975
round_1,optical_isea4h,datasets[0].timings.units[3].workers[5],raster_worker,source.checksum,1,0.044484,3.345975
round_1,optical_isea4h,datasets[0].timings.units[3].workers[5],raster_worker,source.download,1,0.0,3.345975
round_1,optical_isea4h,datasets[0].timings.units[3].workers[5],raster_worker,entity.tile_mask,2,0.906176,3.345975
round_1,optical_isea4h,datasets[0].timings.units[3].workers[5],raster_worker,entity.tile_write,2,1.555735,3.345975
round_1,optical_isea4h,datasets[0].timings.units[3].workers[5],raster_worker,minio.tile_upload,2,0.796729,3.345975
round_1,optical_isea4h,datasets[0].timings.units[3].workers[5],raster_worker,source.raster_open,1,0.001109,3.345975
round_1,optical_isea4h,datasets[0].timings.units[3].workers[5],raster_worker,entity.tile_checksum,2,0.012738,3.345975
round_1,optical_isea4h,datasets[0].timings.units[3].workers[5],raster_worker,grid.window_calculation,2,0.000505,3.345975
round_1,optical_isea4h,datasets[0].timings.units[3].workers[6],raster_worker,grid.cover,1,0.007737,3.389218
round_1,optical_isea4h,datasets[0].timings.units[3].workers[6],raster_worker,source.cache,1,0.000286,3.389218
round_1,optical_isea4h,datasets[0].timings.units[3].workers[6],raster_worker,grid.geometry,3,0.002817,3.389218
round_1,optical_isea4h,datasets[0].timings.units[3].workers[6],raster_worker,minio.tile_stat,3,0.014235,3.389218
round_1,optical_isea4h,datasets[0].timings.units[3].workers[6],raster_worker,source.checksum,1,0.108818,3.389218
round_1,optical_isea4h,datasets[0].timings.units[3].workers[6],raster_worker,source.download,1,0.0,3.389218
round_1,optical_isea4h,datasets[0].timings.units[3].workers[6],raster_worker,entity.tile_mask,3,0.949705,3.389218
round_1,optical_isea4h,datasets[0].timings.units[3].workers[6],raster_worker,entity.tile_write,3,1.609054,3.389218
round_1,optical_isea4h,datasets[0].timings.units[3].workers[6],raster_worker,minio.tile_upload,2,0.68125,3.389218
round_1,optical_isea4h,datasets[0].timings.units[3].workers[6],raster_worker,source.raster_open,1,0.000998,3.389218
round_1,optical_isea4h,datasets[0].timings.units[3].workers[6],raster_worker,entity.tile_checksum,3,0.011297,3.389218
round_1,optical_isea4h,datasets[0].timings.units[3].workers[6],raster_worker,grid.window_calculation,3,0.000647,3.389218
round_1,optical_isea4h,datasets[0].timings.units[3].workers[7],raster_worker,grid.cover,1,0.009485,3.48719
round_1,optical_isea4h,datasets[0].timings.units[3].workers[7],raster_worker,source.cache,1,0.000311,3.48719
round_1,optical_isea4h,datasets[0].timings.units[3].workers[7],raster_worker,grid.geometry,1,0.00115,3.48719
round_1,optical_isea4h,datasets[0].timings.units[3].workers[7],raster_worker,minio.tile_stat,1,0.005388,3.48719
round_1,optical_isea4h,datasets[0].timings.units[3].workers[7],raster_worker,source.checksum,1,0.046182,3.48719
round_1,optical_isea4h,datasets[0].timings.units[3].workers[7],raster_worker,source.download,1,0.0,3.48719
round_1,optical_isea4h,datasets[0].timings.units[3].workers[7],raster_worker,entity.tile_mask,1,0.848134,3.48719
round_1,optical_isea4h,datasets[0].timings.units[3].workers[7],raster_worker,entity.tile_write,1,1.42575,3.48719
round_1,optical_isea4h,datasets[0].timings.units[3].workers[7],raster_worker,minio.tile_upload,1,1.137629,3.48719
round_1,optical_isea4h,datasets[0].timings.units[3].workers[7],raster_worker,source.raster_open,1,0.00085,3.48719
round_1,optical_isea4h,datasets[0].timings.units[3].workers[7],raster_worker,entity.tile_checksum,1,0.010649,3.48719
round_1,optical_isea4h,datasets[0].timings.units[3].workers[7],raster_worker,grid.window_calculation,1,0.000271,3.48719
round_1,optical_isea4h,datasets[0].timings.units[3].workers[8],raster_worker,grid.cover,1,0.0045,3.581115
round_1,optical_isea4h,datasets[0].timings.units[3].workers[8],raster_worker,source.cache,1,0.000237,3.581115
round_1,optical_isea4h,datasets[0].timings.units[3].workers[8],raster_worker,grid.geometry,1,0.000773,3.581115
round_1,optical_isea4h,datasets[0].timings.units[3].workers[8],raster_worker,minio.tile_stat,1,0.02822,3.581115
round_1,optical_isea4h,datasets[0].timings.units[3].workers[8],raster_worker,source.checksum,1,0.129116,3.581115
round_1,optical_isea4h,datasets[0].timings.units[3].workers[8],raster_worker,source.download,1,0.0,3.581115
round_1,optical_isea4h,datasets[0].timings.units[3].workers[8],raster_worker,entity.tile_mask,1,0.826943,3.581115
round_1,optical_isea4h,datasets[0].timings.units[3].workers[8],raster_worker,entity.tile_write,1,1.430836,3.581115
round_1,optical_isea4h,datasets[0].timings.units[3].workers[8],raster_worker,minio.tile_upload,1,1.147101,3.581115
round_1,optical_isea4h,datasets[0].timings.units[3].workers[8],raster_worker,source.raster_open,1,0.001073,3.581115
round_1,optical_isea4h,datasets[0].timings.units[3].workers[8],raster_worker,entity.tile_checksum,1,0.010698,3.581115
round_1,optical_isea4h,datasets[0].timings.units[3].workers[8],raster_worker,grid.window_calculation,1,0.000245,3.581115
round_1,optical_isea4h,datasets[0].timings.units[3].workers[9],raster_worker,grid.cover,1,0.009555,3.566124
round_1,optical_isea4h,datasets[0].timings.units[3].workers[9],raster_worker,source.cache,1,0.000276,3.566124
round_1,optical_isea4h,datasets[0].timings.units[3].workers[9],raster_worker,grid.geometry,3,0.004557,3.566124
round_1,optical_isea4h,datasets[0].timings.units[3].workers[9],raster_worker,minio.tile_stat,3,0.038973,3.566124
round_1,optical_isea4h,datasets[0].timings.units[3].workers[9],raster_worker,source.checksum,1,0.035772,3.566124
round_1,optical_isea4h,datasets[0].timings.units[3].workers[9],raster_worker,source.download,1,0.0,3.566124
round_1,optical_isea4h,datasets[0].timings.units[3].workers[9],raster_worker,entity.tile_mask,3,0.965053,3.566124
round_1,optical_isea4h,datasets[0].timings.units[3].workers[9],raster_worker,entity.tile_write,3,1.620467,3.566124
round_1,optical_isea4h,datasets[0].timings.units[3].workers[9],raster_worker,minio.tile_upload,1,0.872455,3.566124
round_1,optical_isea4h,datasets[0].timings.units[3].workers[9],raster_worker,source.raster_open,1,0.001278,3.566124
round_1,optical_isea4h,datasets[0].timings.units[3].workers[9],raster_worker,entity.tile_checksum,3,0.013234,3.566124
round_1,optical_isea4h,datasets[0].timings.units[3].workers[9],raster_worker,grid.window_calculation,3,0.001504,3.566124
round_1,optical_isea4h,datasets[0].timings.units[3].workers[10],raster_worker,grid.cover,1,0.007547,3.950341
round_1,optical_isea4h,datasets[0].timings.units[3].workers[10],raster_worker,source.cache,1,0.000233,3.950341
round_1,optical_isea4h,datasets[0].timings.units[3].workers[10],raster_worker,grid.geometry,1,0.000764,3.950341
round_1,optical_isea4h,datasets[0].timings.units[3].workers[10],raster_worker,minio.tile_stat,1,0.0053,3.950341
round_1,optical_isea4h,datasets[0].timings.units[3].workers[10],raster_worker,source.checksum,1,0.042487,3.950341
round_1,optical_isea4h,datasets[0].timings.units[3].workers[10],raster_worker,source.download,1,0.0,3.950341
round_1,optical_isea4h,datasets[0].timings.units[3].workers[10],raster_worker,entity.tile_mask,1,0.836832,3.950341
round_1,optical_isea4h,datasets[0].timings.units[3].workers[10],raster_worker,entity.tile_write,1,1.428808,3.950341
round_1,optical_isea4h,datasets[0].timings.units[3].workers[10],raster_worker,minio.tile_upload,1,1.615097,3.950341
round_1,optical_isea4h,datasets[0].timings.units[3].workers[10],raster_worker,source.raster_open,1,0.001141,3.950341
round_1,optical_isea4h,datasets[0].timings.units[3].workers[10],raster_worker,entity.tile_checksum,1,0.010672,3.950341
round_1,optical_isea4h,datasets[0].timings.units[3].workers[10],raster_worker,grid.window_calculation,1,0.000216,3.950341
round_1,optical_isea4h,datasets[0].timings.units[3].workers[11],raster_worker,grid.cover,1,0.006501,3.949197
round_1,optical_isea4h,datasets[0].timings.units[3].workers[11],raster_worker,source.cache,1,0.000381,3.949197
round_1,optical_isea4h,datasets[0].timings.units[3].workers[11],raster_worker,grid.geometry,3,0.002838,3.949197
round_1,optical_isea4h,datasets[0].timings.units[3].workers[11],raster_worker,minio.tile_stat,3,0.044058,3.949197
round_1,optical_isea4h,datasets[0].timings.units[3].workers[11],raster_worker,source.checksum,1,0.119108,3.949197
round_1,optical_isea4h,datasets[0].timings.units[3].workers[11],raster_worker,source.download,1,0.0,3.949197
round_1,optical_isea4h,datasets[0].timings.units[3].workers[11],raster_worker,entity.tile_mask,3,0.920427,3.949197
round_1,optical_isea4h,datasets[0].timings.units[3].workers[11],raster_worker,entity.tile_write,3,1.62557,3.949197
round_1,optical_isea4h,datasets[0].timings.units[3].workers[11],raster_worker,minio.tile_upload,1,1.212724,3.949197
round_1,optical_isea4h,datasets[0].timings.units[3].workers[11],raster_worker,source.raster_open,1,0.001221,3.949197
round_1,optical_isea4h,datasets[0].timings.units[3].workers[11],raster_worker,entity.tile_checksum,3,0.013312,3.949197
round_1,optical_isea4h,datasets[0].timings.units[3].workers[11],raster_worker,grid.window_calculation,3,0.000663,3.949197
round_1,optical_isea4h,datasets[0].timings.units[3].workers[12],raster_worker,grid.cover,1,0.009425,3.963059
round_1,optical_isea4h,datasets[0].timings.units[3].workers[12],raster_worker,source.cache,1,0.000299,3.963059
round_1,optical_isea4h,datasets[0].timings.units[3].workers[12],raster_worker,grid.geometry,2,0.001922,3.963059
round_1,optical_isea4h,datasets[0].timings.units[3].workers[12],raster_worker,minio.tile_stat,2,0.034334,3.963059
round_1,optical_isea4h,datasets[0].timings.units[3].workers[12],raster_worker,source.checksum,1,0.129872,3.963059
round_1,optical_isea4h,datasets[0].timings.units[3].workers[12],raster_worker,source.download,1,0.0,3.963059
round_1,optical_isea4h,datasets[0].timings.units[3].workers[12],raster_worker,entity.tile_mask,2,0.904544,3.963059
round_1,optical_isea4h,datasets[0].timings.units[3].workers[12],raster_worker,entity.tile_write,2,1.515774,3.963059
round_1,optical_isea4h,datasets[0].timings.units[3].workers[12],raster_worker,minio.tile_upload,1,1.352393,3.963059
round_1,optical_isea4h,datasets[0].timings.units[3].workers[12],raster_worker,source.raster_open,1,0.000935,3.963059
round_1,optical_isea4h,datasets[0].timings.units[3].workers[12],raster_worker,entity.tile_checksum,2,0.011269,3.963059
round_1,optical_isea4h,datasets[0].timings.units[3].workers[12],raster_worker,grid.window_calculation,2,0.00044,3.963059
round_1,optical_isea4h,datasets[0].timings.units[3].workers[13],raster_worker,grid.cover,1,0.006564,4.083999
round_1,optical_isea4h,datasets[0].timings.units[3].workers[13],raster_worker,source.cache,1,0.000299,4.083999
round_1,optical_isea4h,datasets[0].timings.units[3].workers[13],raster_worker,grid.geometry,1,0.000713,4.083999
round_1,optical_isea4h,datasets[0].timings.units[3].workers[13],raster_worker,minio.tile_stat,1,0.040419,4.083999
round_1,optical_isea4h,datasets[0].timings.units[3].workers[13],raster_worker,source.checksum,1,0.058477,4.083999
round_1,optical_isea4h,datasets[0].timings.units[3].workers[13],raster_worker,source.download,1,0.0,4.083999
round_1,optical_isea4h,datasets[0].timings.units[3].workers[13],raster_worker,entity.tile_mask,1,0.877794,4.083999
round_1,optical_isea4h,datasets[0].timings.units[3].workers[13],raster_worker,entity.tile_write,1,1.42703,4.083999
round_1,optical_isea4h,datasets[0].timings.units[3].workers[13],raster_worker,minio.tile_upload,1,1.658248,4.083999
round_1,optical_isea4h,datasets[0].timings.units[3].workers[13],raster_worker,source.raster_open,1,0.001157,4.083999
round_1,optical_isea4h,datasets[0].timings.units[3].workers[13],raster_worker,entity.tile_checksum,1,0.011799,4.083999
round_1,optical_isea4h,datasets[0].timings.units[3].workers[13],raster_worker,grid.window_calculation,1,0.0002,4.083999
round_1,optical_isea4h,datasets[0].timings.units[3].workers[14],raster_worker,grid.cover,1,0.010218,4.187239
round_1,optical_isea4h,datasets[0].timings.units[3].workers[14],raster_worker,source.cache,1,0.000455,4.187239
round_1,optical_isea4h,datasets[0].timings.units[3].workers[14],raster_worker,grid.geometry,1,0.000799,4.187239
round_1,optical_isea4h,datasets[0].timings.units[3].workers[14],raster_worker,minio.tile_stat,1,0.031679,4.187239
round_1,optical_isea4h,datasets[0].timings.units[3].workers[14],raster_worker,source.checksum,1,0.051031,4.187239
round_1,optical_isea4h,datasets[0].timings.units[3].workers[14],raster_worker,source.download,1,0.0,4.187239
round_1,optical_isea4h,datasets[0].timings.units[3].workers[14],raster_worker,entity.tile_mask,1,0.887521,4.187239
round_1,optical_isea4h,datasets[0].timings.units[3].workers[14],raster_worker,entity.tile_write,1,1.480905,4.187239
round_1,optical_isea4h,datasets[0].timings.units[3].workers[14],raster_worker,minio.tile_upload,1,1.709071,4.187239
round_1,optical_isea4h,datasets[0].timings.units[3].workers[14],raster_worker,source.raster_open,1,0.001366,4.187239
round_1,optical_isea4h,datasets[0].timings.units[3].workers[14],raster_worker,entity.tile_checksum,1,0.012277,4.187239
round_1,optical_isea4h,datasets[0].timings.units[3].workers[14],raster_worker,grid.window_calculation,1,0.000229,4.187239
round_1,optical_isea4h,datasets[0].timings.units[3].workers[15],raster_worker,grid.cover,1,0.008379,4.515574
round_1,optical_isea4h,datasets[0].timings.units[3].workers[15],raster_worker,source.cache,1,0.000502,4.515574
round_1,optical_isea4h,datasets[0].timings.units[3].workers[15],raster_worker,grid.geometry,3,0.002909,4.515574
round_1,optical_isea4h,datasets[0].timings.units[3].workers[15],raster_worker,minio.tile_stat,3,1.60419,4.515574
round_1,optical_isea4h,datasets[0].timings.units[3].workers[15],raster_worker,source.checksum,1,0.101794,4.515574
round_1,optical_isea4h,datasets[0].timings.units[3].workers[15],raster_worker,source.download,1,0.0,4.515574
round_1,optical_isea4h,datasets[0].timings.units[3].workers[15],raster_worker,entity.tile_mask,3,1.003549,4.515574
round_1,optical_isea4h,datasets[0].timings.units[3].workers[15],raster_worker,entity.tile_write,3,1.719683,4.515574
round_1,optical_isea4h,datasets[0].timings.units[3].workers[15],raster_worker,minio.tile_upload,1,0.055752,4.515574
round_1,optical_isea4h,datasets[0].timings.units[3].workers[15],raster_worker,source.raster_open,1,0.001138,4.515574
round_1,optical_isea4h,datasets[0].timings.units[3].workers[15],raster_worker,entity.tile_checksum,3,0.014393,4.515574
round_1,optical_isea4h,datasets[0].timings.units[3].workers[15],raster_worker,grid.window_calculation,3,0.000719,4.515574
round_1,optical_isea4h,datasets[0].timings.units[3].source_preflight,source_preflight,minio.stat,1,0.005766,4.548998
round_1,optical_isea4h,datasets[0].timings.workflow,workflow_dataset,runner.execute,1,65.318581,65.458657
round_1,optical_isea4h,datasets[0].timings.workflow,workflow_dataset,opengauss.start_output,1,0.103931,65.458657
round_1,optical_isea4h,datasets[0].timings.workflow,workflow_dataset,opengauss.complete_output,1,0.034772,65.458657
round_1,radar_geohash,timings.job_driver,ray_job_driver,workflow.run,1,6.03492,7.181246
round_1,radar_geohash,timings.job_driver,ray_job_driver,driver.bootstrap,1,1.141586,7.181246
round_1,radar_geohash,timings.job_driver,ray_job_driver,task.start_attempt,1,0.004033,7.181246
round_1,radar_geohash,datasets[0].timings.units[0].driver,logical_batch_driver,ray.init,1,0.067799,1.533047
round_1,radar_geohash,datasets[0].timings.units[0].driver,logical_batch_driver,ray.wait,2,1.420097,1.533047
round_1,radar_geohash,datasets[0].timings.units[0].driver,logical_batch_driver,ray.result_get,1,0.000344,1.533047
round_1,radar_geohash,datasets[0].timings.units[0].driver,logical_batch_driver,ray.task_submit,1,0.040195,1.533047
round_1,radar_geohash,datasets[0].timings.units[0].driver,logical_batch_driver,ray.task_prepare,2,0.000281,1.533047
round_1,radar_geohash,datasets[0].timings.units[0].driver,logical_batch_driver,driver.result_merge,1,6e-06,1.533047
round_1,radar_geohash,datasets[0].timings.units[0].workers[0],logical_worker,grid.cover,1,0.001581,0.141106
round_1,radar_geohash,datasets[0].timings.units[0].workers[0],logical_worker,grid.geometry,3,3.7e-05,0.141106
round_1,radar_geohash,datasets[0].timings.units[0].workers[0],logical_worker,minio.chunk_stat,1,0.006998,0.141106
round_1,radar_geohash,datasets[0].timings.units[0].workers[0],logical_worker,minio.chunk_upload,1,0.042099,0.141106
round_1,radar_geohash,datasets[0].timings.units[0].workers[0],logical_worker,logical.row_generation,1,0.000302,0.141106
round_1,radar_geohash,datasets[0].timings.units[0].workers[0],logical_worker,logical.chunk_serialize,1,0.000274,0.141106
round_1,radar_geohash,datasets[0].timings.units[0].workers[0],logical_worker,opengauss.logical_stage,1,0.08945,0.141106
round_1,radar_geohash,datasets[0].timings.units[0].source_preflight,source_preflight,minio.stat,1,0.154594,1.886913
round_1,radar_geohash,datasets[0].timings.units[1].driver,logical_batch_driver,ray.wait,5,4.055734,4.074679
round_1,radar_geohash,datasets[0].timings.units[1].driver,logical_batch_driver,ray.result_get,1,0.000279,4.074679
round_1,radar_geohash,datasets[0].timings.units[1].driver,logical_batch_driver,ray.task_submit,1,0.00775,4.074679
round_1,radar_geohash,datasets[0].timings.units[1].driver,logical_batch_driver,ray.task_prepare,2,0.00024,4.074679
round_1,radar_geohash,datasets[0].timings.units[1].driver,logical_batch_driver,driver.result_merge,1,6e-06,4.074679
round_1,radar_geohash,datasets[0].timings.units[1].workers[0],logical_worker,grid.cover,1,0.005761,0.4958
round_1,radar_geohash,datasets[0].timings.units[1].workers[0],logical_worker,grid.geometry,3,4e-05,0.4958
round_1,radar_geohash,datasets[0].timings.units[1].workers[0],logical_worker,minio.chunk_stat,1,0.008093,0.4958
round_1,radar_geohash,datasets[0].timings.units[1].workers[0],logical_worker,minio.chunk_upload,1,0.02855,0.4958
round_1,radar_geohash,datasets[0].timings.units[1].workers[0],logical_worker,logical.row_generation,1,0.000347,0.4958
round_1,radar_geohash,datasets[0].timings.units[1].workers[0],logical_worker,logical.chunk_serialize,1,0.00025,0.4958
round_1,radar_geohash,datasets[0].timings.units[1].workers[0],logical_worker,opengauss.logical_stage,1,0.452291,0.4958
round_1,radar_geohash,datasets[0].timings.units[1].source_preflight,source_preflight,minio.stat,1,0.007279,4.082063
round_1,radar_geohash,datasets[0].timings.workflow,workflow_dataset,runner.execute,1,5.970285,6.034576
round_1,radar_geohash,datasets[0].timings.workflow,workflow_dataset,opengauss.start_output,1,0.013233,6.034576
round_1,radar_geohash,datasets[0].timings.workflow,workflow_dataset,opengauss.complete_output,1,0.012901,6.034576
round_1,radar_geohash,datasets[0].timings.workflow,workflow_dataset,opengauss.record_output_chunks,1,0.005469,6.034576
round_1,radar_geohash,datasets[0].timings.workflow,workflow_dataset,opengauss.verify_output_chunks,1,0.019315,6.034576
round_1,radar_geohash,datasets[0].timings.workflow,workflow_dataset,opengauss.promote_logical_staging,1,0.011867,6.034576
round_1,radar_mgrs,timings.job_driver,ray_job_driver,workflow.run,1,3.535376,3.680175
round_1,radar_mgrs,timings.job_driver,ray_job_driver,driver.bootstrap,1,0.138297,3.680175
round_1,radar_mgrs,timings.job_driver,ray_job_driver,task.start_attempt,1,0.005706,3.680175
round_1,radar_mgrs,datasets[0].timings.units[0].driver,logical_batch_driver,ray.init,1,0.065851,1.553145
round_1,radar_mgrs,datasets[0].timings.units[0].driver,logical_batch_driver,ray.wait,2,1.440493,1.553145
round_1,radar_mgrs,datasets[0].timings.units[0].driver,logical_batch_driver,ray.result_get,1,0.000444,1.553145
round_1,radar_mgrs,datasets[0].timings.units[0].driver,logical_batch_driver,ray.task_submit,1,0.041369,1.553145
round_1,radar_mgrs,datasets[0].timings.units[0].driver,logical_batch_driver,ray.task_prepare,2,0.000261,1.553145
round_1,radar_mgrs,datasets[0].timings.units[0].driver,logical_batch_driver,driver.result_merge,1,6e-06,1.553145
round_1,radar_mgrs,datasets[0].timings.units[0].workers[0],logical_worker,grid.cover,1,0.131967,0.277934
round_1,radar_mgrs,datasets[0].timings.units[0].workers[0],logical_worker,grid.geometry,15,0.003095,0.277934
round_1,radar_mgrs,datasets[0].timings.units[0].workers[0],logical_worker,minio.chunk_stat,1,0.006736,0.277934
round_1,radar_mgrs,datasets[0].timings.units[0].workers[0],logical_worker,minio.chunk_upload,1,0.038446,0.277934
round_1,radar_mgrs,datasets[0].timings.units[0].workers[0],logical_worker,logical.row_generation,1,0.004096,0.277934
round_1,radar_mgrs,datasets[0].timings.units[0].workers[0],logical_worker,logical.chunk_serialize,1,0.002483,0.277934
round_1,radar_mgrs,datasets[0].timings.units[0].workers[0],logical_worker,opengauss.logical_stage,1,0.09375,0.277934
round_1,radar_mgrs,datasets[0].timings.units[0].source_preflight,source_preflight,minio.stat,1,0.150062,1.893754
round_1,radar_mgrs,datasets[0].timings.units[1].driver,logical_batch_driver,ray.wait,2,1.540078,1.552619
round_1,radar_mgrs,datasets[0].timings.units[1].driver,logical_batch_driver,ray.result_get,1,0.000329,1.552619
round_1,radar_mgrs,datasets[0].timings.units[1].driver,logical_batch_driver,ray.task_submit,1,0.007652,1.552619
round_1,radar_mgrs,datasets[0].timings.units[1].driver,logical_batch_driver,ray.task_prepare,2,0.000261,1.552619
round_1,radar_mgrs,datasets[0].timings.units[1].driver,logical_batch_driver,driver.result_merge,1,7e-06,1.552619
round_1,radar_mgrs,datasets[0].timings.units[1].workers[0],logical_worker,grid.cover,1,0.215906,0.360059
round_1,radar_mgrs,datasets[0].timings.units[1].workers[0],logical_worker,grid.geometry,15,0.002245,0.360059
round_1,radar_mgrs,datasets[0].timings.units[1].workers[0],logical_worker,minio.chunk_stat,1,0.007069,0.360059
round_1,radar_mgrs,datasets[0].timings.units[1].workers[0],logical_worker,minio.chunk_upload,1,0.031336,0.360059
round_1,radar_mgrs,datasets[0].timings.units[1].workers[0],logical_worker,logical.row_generation,1,0.003251,0.360059
round_1,radar_mgrs,datasets[0].timings.units[1].workers[0],logical_worker,logical.chunk_serialize,1,0.002533,0.360059
round_1,radar_mgrs,datasets[0].timings.units[1].workers[0],logical_worker,opengauss.logical_stage,1,0.099398,0.360059
round_1,radar_mgrs,datasets[0].timings.units[1].source_preflight,source_preflight,minio.stat,1,0.006508,1.559284
round_1,radar_mgrs,datasets[0].timings.workflow,workflow_dataset,runner.execute,1,3.454381,3.534941
round_1,radar_mgrs,datasets[0].timings.workflow,workflow_dataset,opengauss.start_output,1,0.011919,3.534941
round_1,radar_mgrs,datasets[0].timings.workflow,workflow_dataset,opengauss.complete_output,1,0.014371,3.534941
round_1,radar_mgrs,datasets[0].timings.workflow,workflow_dataset,opengauss.record_output_chunks,1,0.006616,3.534941
round_1,radar_mgrs,datasets[0].timings.workflow,workflow_dataset,opengauss.verify_output_chunks,1,0.025953,3.534941
round_1,radar_mgrs,datasets[0].timings.workflow,workflow_dataset,opengauss.promote_logical_staging,1,0.019654,3.534941
round_1,radar_isea4h,timings.job_driver,ray_job_driver,workflow.run,1,14.037353,14.203139
round_1,radar_isea4h,timings.job_driver,ray_job_driver,driver.bootstrap,1,0.160648,14.203139
round_1,radar_isea4h,timings.job_driver,ray_job_driver,task.start_attempt,1,0.004353,14.203139
round_1,radar_isea4h,datasets[0].timings.units[0].driver,raster_driver,ray.init,1,0.070232,9.464549
round_1,radar_isea4h,datasets[0].timings.units[0].driver,raster_driver,ray.wait,22,9.298351,9.464549
round_1,radar_isea4h,datasets[0].timings.units[0].driver,raster_driver,ray.result_get,16,0.004846,9.464549
round_1,radar_isea4h,datasets[0].timings.units[0].driver,raster_driver,ray.task_submit,16,0.053538,9.464549
round_1,radar_isea4h,datasets[0].timings.units[0].driver,raster_driver,driver.result_merge,16,0.00012,9.464549
round_1,radar_isea4h,datasets[0].timings.units[0].workers[0],raster_worker,grid.cover,1,4.596631,5.440917
round_1,radar_isea4h,datasets[0].timings.units[0].workers[0],raster_worker,source.cache,1,0.064432,5.440917
round_1,radar_isea4h,datasets[0].timings.units[0].workers[0],raster_worker,grid.geometry,1,0.000761,5.440917
round_1,radar_isea4h,datasets[0].timings.units[0].workers[0],raster_worker,minio.tile_stat,1,0.004486,5.440917
round_1,radar_isea4h,datasets[0].timings.units[0].workers[0],raster_worker,source.checksum,1,0.02713,5.440917
round_1,radar_isea4h,datasets[0].timings.units[0].workers[0],raster_worker,source.download,1,0.063999,5.440917
round_1,radar_isea4h,datasets[0].timings.units[0].workers[0],raster_worker,entity.tile_mask,1,0.225324,5.440917
round_1,radar_isea4h,datasets[0].timings.units[0].workers[0],raster_worker,entity.tile_write,1,0.349604,5.440917
round_1,radar_isea4h,datasets[0].timings.units[0].workers[0],raster_worker,minio.tile_upload,1,0.142923,5.440917
round_1,radar_isea4h,datasets[0].timings.units[0].workers[0],raster_worker,source.raster_open,1,0.017349,5.440917
round_1,radar_isea4h,datasets[0].timings.units[0].workers[0],raster_worker,entity.tile_checksum,1,0.008794,5.440917
round_1,radar_isea4h,datasets[0].timings.units[0].workers[0],raster_worker,grid.window_calculation,1,0.000295,5.440917
round_1,radar_isea4h,datasets[0].timings.units[0].workers[1],raster_worker,grid.cover,1,4.640448,5.397881
round_1,radar_isea4h,datasets[0].timings.units[0].workers[1],raster_worker,source.cache,1,0.101162,5.397881
round_1,radar_isea4h,datasets[0].timings.units[0].workers[1],raster_worker,grid.geometry,1,0.000807,5.397881
round_1,radar_isea4h,datasets[0].timings.units[0].workers[1],raster_worker,minio.tile_stat,1,0.005602,5.397881
round_1,radar_isea4h,datasets[0].timings.units[0].workers[1],raster_worker,source.checksum,1,0.029286,5.397881
round_1,radar_isea4h,datasets[0].timings.units[0].workers[1],raster_worker,source.download,1,0.10063,5.397881
round_1,radar_isea4h,datasets[0].timings.units[0].workers[1],raster_worker,entity.tile_mask,1,0.228924,5.397881
round_1,radar_isea4h,datasets[0].timings.units[0].workers[1],raster_worker,entity.tile_write,1,0.359468,5.397881
round_1,radar_isea4h,datasets[0].timings.units[0].workers[1],raster_worker,source.raster_open,1,0.019521,5.397881
round_1,radar_isea4h,datasets[0].timings.units[0].workers[1],raster_worker,entity.tile_checksum,1,0.008784,5.397881
round_1,radar_isea4h,datasets[0].timings.units[0].workers[1],raster_worker,grid.window_calculation,1,0.00035,5.397881
round_1,radar_isea4h,datasets[0].timings.units[0].workers[2],raster_worker,grid.cover,1,4.752981,6.225442
round_1,radar_isea4h,datasets[0].timings.units[0].workers[2],raster_worker,source.cache,1,0.114704,6.225442
round_1,radar_isea4h,datasets[0].timings.units[0].workers[2],raster_worker,grid.geometry,2,0.003525,6.225442
round_1,radar_isea4h,datasets[0].timings.units[0].workers[2],raster_worker,minio.tile_stat,2,0.009017,6.225442
round_1,radar_isea4h,datasets[0].timings.units[0].workers[2],raster_worker,source.checksum,1,0.028981,6.225442
round_1,radar_isea4h,datasets[0].timings.units[0].workers[2],raster_worker,source.download,1,0.1142,6.225442
round_1,radar_isea4h,datasets[0].timings.units[0].workers[2],raster_worker,entity.tile_mask,2,0.328112,6.225442
round_1,radar_isea4h,datasets[0].timings.units[0].workers[2],raster_worker,entity.tile_write,2,0.74208,6.225442
round_1,radar_isea4h,datasets[0].timings.units[0].workers[2],raster_worker,minio.tile_upload,1,0.20423,6.225442
round_1,radar_isea4h,datasets[0].timings.units[0].workers[2],raster_worker,source.raster_open,1,0.018387,6.225442
round_1,radar_isea4h,datasets[0].timings.units[0].workers[2],raster_worker,entity.tile_checksum,2,0.018061,6.225442
round_1,radar_isea4h,datasets[0].timings.units[0].workers[2],raster_worker,grid.window_calculation,2,0.000599,6.225442
round_1,radar_isea4h,datasets[0].timings.units[0].workers[3],raster_worker,grid.cover,1,4.518587,6.283101
round_1,radar_isea4h,datasets[0].timings.units[0].workers[3],raster_worker,source.cache,1,0.113789,6.283101
round_1,radar_isea4h,datasets[0].timings.units[0].workers[3],raster_worker,grid.geometry,3,0.002867,6.283101
round_1,radar_isea4h,datasets[0].timings.units[0].workers[3],raster_worker,minio.tile_stat,3,0.170684,6.283101
round_1,radar_isea4h,datasets[0].timings.units[0].workers[3],raster_worker,source.checksum,1,0.028312,6.283101
round_1,radar_isea4h,datasets[0].timings.units[0].workers[3],raster_worker,source.download,1,0.113229,6.283101
round_1,radar_isea4h,datasets[0].timings.units[0].workers[3],raster_worker,entity.tile_mask,3,0.365825,6.283101
round_1,radar_isea4h,datasets[0].timings.units[0].workers[3],raster_worker,entity.tile_write,3,0.873074,6.283101
round_1,radar_isea4h,datasets[0].timings.units[0].workers[3],raster_worker,minio.tile_upload,1,0.165426,6.283101
round_1,radar_isea4h,datasets[0].timings.units[0].workers[3],raster_worker,source.raster_open,1,0.018295,6.283101
round_1,radar_isea4h,datasets[0].timings.units[0].workers[3],raster_worker,entity.tile_checksum,3,0.019197,6.283101
round_1,radar_isea4h,datasets[0].timings.units[0].workers[3],raster_worker,grid.window_calculation,3,0.000864,6.283101
round_1,radar_isea4h,datasets[0].timings.units[0].workers[4],raster_worker,grid.cover,1,4.698382,6.418438
round_1,radar_isea4h,datasets[0].timings.units[0].workers[4],raster_worker,source.cache,1,0.082321,6.418438
round_1,radar_isea4h,datasets[0].timings.units[0].workers[4],raster_worker,grid.geometry,3,0.002967,6.418438
round_1,radar_isea4h,datasets[0].timings.units[0].workers[4],raster_worker,minio.tile_stat,3,0.014254,6.418438
round_1,radar_isea4h,datasets[0].timings.units[0].workers[4],raster_worker,source.checksum,1,0.027846,6.418438
round_1,radar_isea4h,datasets[0].timings.units[0].workers[4],raster_worker,source.download,1,0.081868,6.418438
round_1,radar_isea4h,datasets[0].timings.units[0].workers[4],raster_worker,entity.tile_mask,3,0.361376,6.418438
round_1,radar_isea4h,datasets[0].timings.units[0].workers[4],raster_worker,entity.tile_write,3,0.871561,6.418438
round_1,radar_isea4h,datasets[0].timings.units[0].workers[4],raster_worker,minio.tile_upload,2,0.313332,6.418438
round_1,radar_isea4h,datasets[0].timings.units[0].workers[4],raster_worker,source.raster_open,1,0.01965,6.418438
round_1,radar_isea4h,datasets[0].timings.units[0].workers[4],raster_worker,entity.tile_checksum,3,0.019437,6.418438
round_1,radar_isea4h,datasets[0].timings.units[0].workers[4],raster_worker,grid.window_calculation,3,0.00085,6.418438
round_1,radar_isea4h,datasets[0].timings.units[0].workers[5],raster_worker,grid.cover,1,4.534123,5.682984
round_1,radar_isea4h,datasets[0].timings.units[0].workers[5],raster_worker,source.cache,1,0.080136,5.682984
round_1,radar_isea4h,datasets[0].timings.units[0].workers[5],raster_worker,grid.geometry,1,0.000826,5.682984
round_1,radar_isea4h,datasets[0].timings.units[0].workers[5],raster_worker,minio.tile_stat,1,0.003394,5.682984
round_1,radar_isea4h,datasets[0].timings.units[0].workers[5],raster_worker,source.checksum,1,0.027384,5.682984
round_1,radar_isea4h,datasets[0].timings.units[0].workers[5],raster_worker,source.download,1,0.079659,5.682984
round_1,radar_isea4h,datasets[0].timings.units[0].workers[5],raster_worker,entity.tile_mask,1,0.239978,5.682984
round_1,radar_isea4h,datasets[0].timings.units[0].workers[5],raster_worker,entity.tile_write,1,0.398979,5.682984
round_1,radar_isea4h,datasets[0].timings.units[0].workers[5],raster_worker,minio.tile_upload,1,0.366992,5.682984
round_1,radar_isea4h,datasets[0].timings.units[0].workers[5],raster_worker,source.raster_open,1,0.018058,5.682984
round_1,radar_isea4h,datasets[0].timings.units[0].workers[5],raster_worker,entity.tile_checksum,1,0.009219,5.682984
round_1,radar_isea4h,datasets[0].timings.units[0].workers[5],raster_worker,grid.window_calculation,1,0.000328,5.682984
round_1,radar_isea4h,datasets[0].timings.units[0].workers[6],raster_worker,grid.cover,1,4.792555,5.621257
round_1,radar_isea4h,datasets[0].timings.units[0].workers[6],raster_worker,source.cache,1,0.074162,5.621257
round_1,radar_isea4h,datasets[0].timings.units[0].workers[6],raster_worker,grid.geometry,1,0.000817,5.621257
round_1,radar_isea4h,datasets[0].timings.units[0].workers[6],raster_worker,minio.tile_stat,1,0.089027,5.621257
round_1,radar_isea4h,datasets[0].timings.units[0].workers[6],raster_worker,source.checksum,1,0.029074,5.621257
round_1,radar_isea4h,datasets[0].timings.units[0].workers[6],raster_worker,source.download,1,0.073654,5.621257
round_1,radar_isea4h,datasets[0].timings.units[0].workers[6],raster_worker,entity.tile_mask,1,0.228254,5.621257
round_1,radar_isea4h,datasets[0].timings.units[0].workers[6],raster_worker,entity.tile_write,1,0.375423,5.621257
round_1,radar_isea4h,datasets[0].timings.units[0].workers[6],raster_worker,source.raster_open,1,0.018703,5.621257
round_1,radar_isea4h,datasets[0].timings.units[0].workers[6],raster_worker,entity.tile_checksum,1,0.009243,5.621257
round_1,radar_isea4h,datasets[0].timings.units[0].workers[6],raster_worker,grid.window_calculation,1,0.000366,5.621257
round_1,radar_isea4h,datasets[0].timings.units[0].workers[7],raster_worker,grid.cover,1,4.613624,5.722732
round_1,radar_isea4h,datasets[0].timings.units[0].workers[7],raster_worker,source.cache,1,0.082938,5.722732
round_1,radar_isea4h,datasets[0].timings.units[0].workers[7],raster_worker,grid.geometry,1,0.001059,5.722732
round_1,radar_isea4h,datasets[0].timings.units[0].workers[7],raster_worker,minio.tile_stat,1,0.010366,5.722732
round_1,radar_isea4h,datasets[0].timings.units[0].workers[7],raster_worker,source.checksum,1,0.03044,5.722732
round_1,radar_isea4h,datasets[0].timings.units[0].workers[7],raster_worker,source.download,1,0.082384,5.722732
round_1,radar_isea4h,datasets[0].timings.units[0].workers[7],raster_worker,entity.tile_mask,1,0.229046,5.722732
round_1,radar_isea4h,datasets[0].timings.units[0].workers[7],raster_worker,entity.tile_write,1,0.378769,5.722732
round_1,radar_isea4h,datasets[0].timings.units[0].workers[7],raster_worker,source.raster_open,1,0.079829,5.722732
round_1,radar_isea4h,datasets[0].timings.units[0].workers[7],raster_worker,entity.tile_checksum,1,0.008767,5.722732
round_1,radar_isea4h,datasets[0].timings.units[0].workers[7],raster_worker,grid.window_calculation,1,0.000407,5.722732
round_1,radar_isea4h,datasets[0].timings.units[0].workers[8],raster_worker,grid.cover,1,4.632545,6.644541
round_1,radar_isea4h,datasets[0].timings.units[0].workers[8],raster_worker,source.cache,1,0.116217,6.644541
round_1,radar_isea4h,datasets[0].timings.units[0].workers[8],raster_worker,grid.geometry,3,0.00306,6.644541
round_1,radar_isea4h,datasets[0].timings.units[0].workers[8],raster_worker,minio.tile_stat,3,0.284913,6.644541
round_1,radar_isea4h,datasets[0].timings.units[0].workers[8],raster_worker,source.checksum,1,0.029261,6.644541
round_1,radar_isea4h,datasets[0].timings.units[0].workers[8],raster_worker,source.download,1,0.115637,6.644541
round_1,radar_isea4h,datasets[0].timings.units[0].workers[8],raster_worker,entity.tile_mask,3,0.35911,6.644541
round_1,radar_isea4h,datasets[0].timings.units[0].workers[8],raster_worker,entity.tile_write,3,0.860587,6.644541
round_1,radar_isea4h,datasets[0].timings.units[0].workers[8],raster_worker,minio.tile_upload,1,0.310338,6.644541
round_1,radar_isea4h,datasets[0].timings.units[0].workers[8],raster_worker,source.raster_open,1,0.018583,6.644541
round_1,radar_isea4h,datasets[0].timings.units[0].workers[8],raster_worker,entity.tile_checksum,3,0.022382,6.644541
round_1,radar_isea4h,datasets[0].timings.units[0].workers[8],raster_worker,grid.window_calculation,3,0.000869,6.644541
round_1,radar_isea4h,datasets[0].timings.units[0].workers[9],raster_worker,grid.cover,1,4.536435,6.723842
round_1,radar_isea4h,datasets[0].timings.units[0].workers[9],raster_worker,source.cache,1,0.116574,6.723842
round_1,radar_isea4h,datasets[0].timings.units[0].workers[9],raster_worker,grid.geometry,2,0.001872,6.723842
round_1,radar_isea4h,datasets[0].timings.units[0].workers[9],raster_worker,minio.tile_stat,2,0.512821,6.723842
round_1,radar_isea4h,datasets[0].timings.units[0].workers[9],raster_worker,source.checksum,1,0.027589,6.723842
round_1,radar_isea4h,datasets[0].timings.units[0].workers[9],raster_worker,source.download,1,0.116052,6.723842
round_1,radar_isea4h,datasets[0].timings.units[0].workers[9],raster_worker,entity.tile_mask,2,0.323241,6.723842
round_1,radar_isea4h,datasets[0].timings.units[0].workers[9],raster_worker,entity.tile_write,2,0.747432,6.723842
round_1,radar_isea4h,datasets[0].timings.units[0].workers[9],raster_worker,minio.tile_upload,1,0.415884,6.723842
round_1,radar_isea4h,datasets[0].timings.units[0].workers[9],raster_worker,source.raster_open,1,0.018411,6.723842
round_1,radar_isea4h,datasets[0].timings.units[0].workers[9],raster_worker,entity.tile_checksum,2,0.018082,6.723842
round_1,radar_isea4h,datasets[0].timings.units[0].workers[9],raster_worker,grid.window_calculation,2,0.000564,6.723842
round_1,radar_isea4h,datasets[0].timings.units[0].workers[10],raster_worker,grid.cover,1,4.684036,5.423255
round_1,radar_isea4h,datasets[0].timings.units[0].workers[10],raster_worker,source.cache,1,0.062871,5.423255
round_1,radar_isea4h,datasets[0].timings.units[0].workers[10],raster_worker,grid.geometry,1,0.000825,5.423255
round_1,radar_isea4h,datasets[0].timings.units[0].workers[10],raster_worker,minio.tile_stat,1,0.004659,5.423255
round_1,radar_isea4h,datasets[0].timings.units[0].workers[10],raster_worker,source.checksum,1,0.029699,5.423255
round_1,radar_isea4h,datasets[0].timings.units[0].workers[10],raster_worker,source.download,1,0.06238,5.423255
round_1,radar_isea4h,datasets[0].timings.units[0].workers[10],raster_worker,entity.tile_mask,1,0.229821,5.423255
round_1,radar_isea4h,datasets[0].timings.units[0].workers[10],raster_worker,entity.tile_write,1,0.379626,5.423255
round_1,radar_isea4h,datasets[0].timings.units[0].workers[10],raster_worker,source.raster_open,1,0.018518,5.423255
round_1,radar_isea4h,datasets[0].timings.units[0].workers[10],raster_worker,entity.tile_checksum,1,0.009215,5.423255
round_1,radar_isea4h,datasets[0].timings.units[0].workers[10],raster_worker,grid.window_calculation,1,0.000388,5.423255
round_1,radar_isea4h,datasets[0].timings.units[0].workers[11],raster_worker,grid.cover,1,4.775811,6.224679
round_1,radar_isea4h,datasets[0].timings.units[0].workers[11],raster_worker,source.cache,1,0.083163,6.224679
round_1,radar_isea4h,datasets[0].timings.units[0].workers[11],raster_worker,grid.geometry,2,0.002347,6.224679
round_1,radar_isea4h,datasets[0].timings.units[0].workers[11],raster_worker,minio.tile_stat,2,0.008875,6.224679
round_1,radar_isea4h,datasets[0].timings.units[0].workers[11],raster_worker,source.checksum,1,0.030387,6.224679
round_1,radar_isea4h,datasets[0].timings.units[0].workers[11],raster_worker,source.download,1,0.082614,6.224679
round_1,radar_isea4h,datasets[0].timings.units[0].workers[11],raster_worker,entity.tile_mask,2,0.328815,6.224679
round_1,radar_isea4h,datasets[0].timings.units[0].workers[11],raster_worker,entity.tile_write,2,0.761403,6.224679
round_1,radar_isea4h,datasets[0].timings.units[0].workers[11],raster_worker,source.raster_open,1,0.077915,6.224679
round_1,radar_isea4h,datasets[0].timings.units[0].workers[11],raster_worker,entity.tile_checksum,2,0.028037,6.224679
round_1,radar_isea4h,datasets[0].timings.units[0].workers[11],raster_worker,grid.window_calculation,2,0.000813,6.224679
round_1,radar_isea4h,datasets[0].timings.units[0].workers[12],raster_worker,grid.cover,1,4.579902,5.79429
round_1,radar_isea4h,datasets[0].timings.units[0].workers[12],raster_worker,source.cache,1,0.062411,5.79429
round_1,radar_isea4h,datasets[0].timings.units[0].workers[12],raster_worker,grid.geometry,2,0.001885,5.79429
round_1,radar_isea4h,datasets[0].timings.units[0].workers[12],raster_worker,minio.tile_stat,2,0.008342,5.79429
round_1,radar_isea4h,datasets[0].timings.units[0].workers[12],raster_worker,source.checksum,1,0.028799,5.79429
round_1,radar_isea4h,datasets[0].timings.units[0].workers[12],raster_worker,source.download,1,0.061978,5.79429
round_1,radar_isea4h,datasets[0].timings.units[0].workers[12],raster_worker,entity.tile_mask,2,0.336694,5.79429
round_1,radar_isea4h,datasets[0].timings.units[0].workers[12],raster_worker,entity.tile_write,2,0.729748,5.79429
round_1,radar_isea4h,datasets[0].timings.units[0].workers[12],raster_worker,source.raster_open,1,0.01766,5.79429
round_1,radar_isea4h,datasets[0].timings.units[0].workers[12],raster_worker,entity.tile_checksum,2,0.023254,5.79429
round_1,radar_isea4h,datasets[0].timings.units[0].workers[12],raster_worker,grid.window_calculation,2,0.000593,5.79429
round_1,radar_isea4h,datasets[0].timings.units[0].workers[13],raster_worker,grid.cover,1,4.838093,6.053872
round_1,radar_isea4h,datasets[0].timings.units[0].workers[13],raster_worker,source.cache,1,0.062136,6.053872
round_1,radar_isea4h,datasets[0].timings.units[0].workers[13],raster_worker,grid.geometry,2,0.001817,6.053872
round_1,radar_isea4h,datasets[0].timings.units[0].workers[13],raster_worker,minio.tile_stat,2,0.007485,6.053872
round_1,radar_isea4h,datasets[0].timings.units[0].workers[13],raster_worker,source.checksum,1,0.028722,6.053872
round_1,radar_isea4h,datasets[0].timings.units[0].workers[13],raster_worker,source.download,1,0.061687,6.053872
round_1,radar_isea4h,datasets[0].timings.units[0].workers[13],raster_worker,entity.tile_mask,2,0.337975,6.053872
round_1,radar_isea4h,datasets[0].timings.units[0].workers[13],raster_worker,entity.tile_write,2,0.7369,6.053872
round_1,radar_isea4h,datasets[0].timings.units[0].workers[13],raster_worker,source.raster_open,1,0.017669,6.053872
round_1,radar_isea4h,datasets[0].timings.units[0].workers[13],raster_worker,entity.tile_checksum,2,0.017975,6.053872
round_1,radar_isea4h,datasets[0].timings.units[0].workers[13],raster_worker,grid.window_calculation,2,0.000525,6.053872
round_1,radar_isea4h,datasets[0].timings.units[0].workers[14],raster_worker,grid.cover,1,4.617002,6.274435
round_1,radar_isea4h,datasets[0].timings.units[0].workers[14],raster_worker,source.cache,1,0.07318,6.274435
round_1,radar_isea4h,datasets[0].timings.units[0].workers[14],raster_worker,grid.geometry,3,0.003188,6.274435
round_1,radar_isea4h,datasets[0].timings.units[0].workers[14],raster_worker,minio.tile_stat,3,0.014265,6.274435
round_1,radar_isea4h,datasets[0].timings.units[0].workers[14],raster_worker,source.checksum,1,0.028193,6.274435
round_1,radar_isea4h,datasets[0].timings.units[0].workers[14],raster_worker,source.download,1,0.072701,6.274435
round_1,radar_isea4h,datasets[0].timings.units[0].workers[14],raster_worker,entity.tile_mask,3,0.366283,6.274435
round_1,radar_isea4h,datasets[0].timings.units[0].workers[14],raster_worker,entity.tile_write,3,0.872895,6.274435
round_1,radar_isea4h,datasets[0].timings.units[0].workers[14],raster_worker,source.raster_open,1,0.018314,6.274435
round_1,radar_isea4h,datasets[0].timings.units[0].workers[14],raster_worker,entity.tile_checksum,3,0.020742,6.274435
round_1,radar_isea4h,datasets[0].timings.units[0].workers[14],raster_worker,grid.window_calculation,3,0.000904,6.274435
round_1,radar_isea4h,datasets[0].timings.units[0].workers[15],raster_worker,grid.cover,1,4.935964,6.153262
round_1,radar_isea4h,datasets[0].timings.units[0].workers[15],raster_worker,source.cache,1,0.063222,6.153262
round_1,radar_isea4h,datasets[0].timings.units[0].workers[15],raster_worker,grid.geometry,2,0.002076,6.153262
round_1,radar_isea4h,datasets[0].timings.units[0].workers[15],raster_worker,minio.tile_stat,2,0.009492,6.153262
round_1,radar_isea4h,datasets[0].timings.units[0].workers[15],raster_worker,source.checksum,1,0.028216,6.153262
round_1,radar_isea4h,datasets[0].timings.units[0].workers[15],raster_worker,source.download,1,0.06282,6.153262
round_1,radar_isea4h,datasets[0].timings.units[0].workers[15],raster_worker,entity.tile_mask,2,0.330442,6.153262
round_1,radar_isea4h,datasets[0].timings.units[0].workers[15],raster_worker,entity.tile_write,2,0.742407,6.153262
round_1,radar_isea4h,datasets[0].timings.units[0].workers[15],raster_worker,source.raster_open,1,0.017615,6.153262
round_1,radar_isea4h,datasets[0].timings.units[0].workers[15],raster_worker,entity.tile_checksum,2,0.017997,6.153262
round_1,radar_isea4h,datasets[0].timings.units[0].workers[15],raster_worker,grid.window_calculation,2,0.000639,6.153262
round_1,radar_isea4h,datasets[0].timings.units[0].source_preflight,source_preflight,minio.stat,1,0.154891,9.811654
round_1,radar_isea4h,datasets[0].timings.units[1].driver,raster_driver,ray.wait,17,3.552744,3.603855
round_1,radar_isea4h,datasets[0].timings.units[1].driver,raster_driver,ray.result_get,16,0.00511,3.603855
round_1,radar_isea4h,datasets[0].timings.units[1].driver,raster_driver,ray.task_submit,16,0.015358,3.603855
round_1,radar_isea4h,datasets[0].timings.units[1].driver,raster_driver,driver.result_merge,16,0.000124,3.603855
round_1,radar_isea4h,datasets[0].timings.units[1].workers[0],raster_worker,grid.cover,1,0.007513,1.295378
round_1,radar_isea4h,datasets[0].timings.units[1].workers[0],raster_worker,source.cache,1,0.351184,1.295378
round_1,radar_isea4h,datasets[0].timings.units[1].workers[0],raster_worker,grid.geometry,1,0.000791,1.295378
round_1,radar_isea4h,datasets[0].timings.units[1].workers[0],raster_worker,minio.tile_stat,1,0.003391,1.295378
round_1,radar_isea4h,datasets[0].timings.units[1].workers[0],raster_worker,source.checksum,1,0.028259,1.295378
round_1,radar_isea4h,datasets[0].timings.units[1].workers[0],raster_worker,source.download,1,0.350572,1.295378
round_1,radar_isea4h,datasets[0].timings.units[1].workers[0],raster_worker,entity.tile_mask,1,0.220639,1.295378
round_1,radar_isea4h,datasets[0].timings.units[1].workers[0],raster_worker,entity.tile_write,1,0.35576,1.295378
round_1,radar_isea4h,datasets[0].timings.units[1].workers[0],raster_worker,minio.tile_upload,1,0.312586,1.295378
round_1,radar_isea4h,datasets[0].timings.units[1].workers[0],raster_worker,source.raster_open,1,0.001674,1.295378
round_1,radar_isea4h,datasets[0].timings.units[1].workers[0],raster_worker,entity.tile_checksum,1,0.011128,1.295378
round_1,radar_isea4h,datasets[0].timings.units[1].workers[0],raster_worker,grid.window_calculation,1,0.000257,1.295378
round_1,radar_isea4h,datasets[0].timings.units[1].workers[1],raster_worker,grid.cover,1,0.006032,1.434694
round_1,radar_isea4h,datasets[0].timings.units[1].workers[1],raster_worker,source.cache,1,0.41828,1.434694
round_1,radar_isea4h,datasets[0].timings.units[1].workers[1],raster_worker,grid.geometry,1,0.00076,1.434694
round_1,radar_isea4h,datasets[0].timings.units[1].workers[1],raster_worker,minio.tile_stat,1,0.014978,1.434694
round_1,radar_isea4h,datasets[0].timings.units[1].workers[1],raster_worker,source.checksum,1,0.050759,1.434694
round_1,radar_isea4h,datasets[0].timings.units[1].workers[1],raster_worker,source.download,1,0.417835,1.434694
round_1,radar_isea4h,datasets[0].timings.units[1].workers[1],raster_worker,entity.tile_mask,1,0.202167,1.434694
round_1,radar_isea4h,datasets[0].timings.units[1].workers[1],raster_worker,entity.tile_write,1,0.363289,1.434694
round_1,radar_isea4h,datasets[0].timings.units[1].workers[1],raster_worker,minio.tile_upload,1,0.364897,1.434694
round_1,radar_isea4h,datasets[0].timings.units[1].workers[1],raster_worker,source.raster_open,1,0.001603,1.434694
round_1,radar_isea4h,datasets[0].timings.units[1].workers[1],raster_worker,entity.tile_checksum,1,0.009593,1.434694
round_1,radar_isea4h,datasets[0].timings.units[1].workers[1],raster_worker,grid.window_calculation,1,0.000218,1.434694
round_1,radar_isea4h,datasets[0].timings.units[1].workers[2],raster_worker,grid.cover,1,0.006671,1.69627
round_1,radar_isea4h,datasets[0].timings.units[1].workers[2],raster_worker,source.cache,1,0.42209,1.69627
round_1,radar_isea4h,datasets[0].timings.units[1].workers[2],raster_worker,grid.geometry,1,0.000777,1.69627
round_1,radar_isea4h,datasets[0].timings.units[1].workers[2],raster_worker,minio.tile_stat,1,0.017934,1.69627
round_1,radar_isea4h,datasets[0].timings.units[1].workers[2],raster_worker,source.checksum,1,0.029256,1.69627
round_1,radar_isea4h,datasets[0].timings.units[1].workers[2],raster_worker,source.download,1,0.421661,1.69627
round_1,radar_isea4h,datasets[0].timings.units[1].workers[2],raster_worker,entity.tile_mask,1,0.224177,1.69627
round_1,radar_isea4h,datasets[0].timings.units[1].workers[2],raster_worker,entity.tile_write,1,0.384675,1.69627
round_1,radar_isea4h,datasets[0].timings.units[1].workers[2],raster_worker,minio.tile_upload,1,0.596815,1.69627
round_1,radar_isea4h,datasets[0].timings.units[1].workers[2],raster_worker,source.raster_open,1,0.001702,1.69627
round_1,radar_isea4h,datasets[0].timings.units[1].workers[2],raster_worker,entity.tile_checksum,1,0.00959,1.69627
round_1,radar_isea4h,datasets[0].timings.units[1].workers[2],raster_worker,grid.window_calculation,1,0.000238,1.69627
round_1,radar_isea4h,datasets[0].timings.units[1].workers[3],raster_worker,grid.cover,1,0.005951,1.725156
round_1,radar_isea4h,datasets[0].timings.units[1].workers[3],raster_worker,source.cache,1,0.3883,1.725156
round_1,radar_isea4h,datasets[0].timings.units[1].workers[3],raster_worker,grid.geometry,1,0.000827,1.725156
round_1,radar_isea4h,datasets[0].timings.units[1].workers[3],raster_worker,minio.tile_stat,1,0.013816,1.725156
round_1,radar_isea4h,datasets[0].timings.units[1].workers[3],raster_worker,source.checksum,1,0.025611,1.725156
round_1,radar_isea4h,datasets[0].timings.units[1].workers[3],raster_worker,source.download,1,0.387695,1.725156
round_1,radar_isea4h,datasets[0].timings.units[1].workers[3],raster_worker,entity.tile_mask,1,0.217243,1.725156
round_1,radar_isea4h,datasets[0].timings.units[1].workers[3],raster_worker,entity.tile_write,1,0.359549,1.725156
round_1,radar_isea4h,datasets[0].timings.units[1].workers[3],raster_worker,minio.tile_upload,1,0.699137,1.725156
round_1,radar_isea4h,datasets[0].timings.units[1].workers[3],raster_worker,source.raster_open,1,0.001681,1.725156
round_1,radar_isea4h,datasets[0].timings.units[1].workers[3],raster_worker,entity.tile_checksum,1,0.010306,1.725156
round_1,radar_isea4h,datasets[0].timings.units[1].workers[3],raster_worker,grid.window_calculation,1,0.000247,1.725156
round_1,radar_isea4h,datasets[0].timings.units[1].workers[4],raster_worker,grid.cover,1,0.005802,1.912111
round_1,radar_isea4h,datasets[0].timings.units[1].workers[4],raster_worker,source.cache,1,0.366453,1.912111
round_1,radar_isea4h,datasets[0].timings.units[1].workers[4],raster_worker,grid.geometry,2,0.001853,1.912111
round_1,radar_isea4h,datasets[0].timings.units[1].workers[4],raster_worker,minio.tile_stat,2,0.015324,1.912111
round_1,radar_isea4h,datasets[0].timings.units[1].workers[4],raster_worker,source.checksum,1,0.064019,1.912111
round_1,radar_isea4h,datasets[0].timings.units[1].workers[4],raster_worker,source.download,1,0.365998,1.912111
round_1,radar_isea4h,datasets[0].timings.units[1].workers[4],raster_worker,entity.tile_mask,2,0.303366,1.912111
round_1,radar_isea4h,datasets[0].timings.units[1].workers[4],raster_worker,entity.tile_write,2,0.69831,1.912111
round_1,radar_isea4h,datasets[0].timings.units[1].workers[4],raster_worker,minio.tile_upload,1,0.431861,1.912111
round_1,radar_isea4h,datasets[0].timings.units[1].workers[4],raster_worker,source.raster_open,1,0.001647,1.912111
round_1,radar_isea4h,datasets[0].timings.units[1].workers[4],raster_worker,entity.tile_checksum,2,0.01935,1.912111
round_1,radar_isea4h,datasets[0].timings.units[1].workers[4],raster_worker,grid.window_calculation,2,0.000567,1.912111
round_1,radar_isea4h,datasets[0].timings.units[1].workers[5],raster_worker,grid.cover,1,0.008151,2.139451
round_1,radar_isea4h,datasets[0].timings.units[1].workers[5],raster_worker,source.cache,1,0.391586,2.139451
round_1,radar_isea4h,datasets[0].timings.units[1].workers[5],raster_worker,grid.geometry,1,0.001169,2.139451
round_1,radar_isea4h,datasets[0].timings.units[1].workers[5],raster_worker,minio.tile_stat,1,0.003926,2.139451
round_1,radar_isea4h,datasets[0].timings.units[1].workers[5],raster_worker,source.checksum,1,0.022294,2.139451
round_1,radar_isea4h,datasets[0].timings.units[1].workers[5],raster_worker,source.download,1,0.391005,2.139451
round_1,radar_isea4h,datasets[0].timings.units[1].workers[5],raster_worker,entity.tile_mask,1,0.216923,2.139451
round_1,radar_isea4h,datasets[0].timings.units[1].workers[5],raster_worker,entity.tile_write,1,0.359639,2.139451
round_1,radar_isea4h,datasets[0].timings.units[1].workers[5],raster_worker,minio.tile_upload,1,1.121482,2.139451
round_1,radar_isea4h,datasets[0].timings.units[1].workers[5],raster_worker,source.raster_open,1,0.001875,2.139451
round_1,radar_isea4h,datasets[0].timings.units[1].workers[5],raster_worker,entity.tile_checksum,1,0.009155,2.139451
round_1,radar_isea4h,datasets[0].timings.units[1].workers[5],raster_worker,grid.window_calculation,1,0.000326,2.139451
round_1,radar_isea4h,datasets[0].timings.units[1].workers[6],raster_worker,grid.cover,1,0.005946,2.21112
round_1,radar_isea4h,datasets[0].timings.units[1].workers[6],raster_worker,source.cache,1,0.369243,2.21112
round_1,radar_isea4h,datasets[0].timings.units[1].workers[6],raster_worker,grid.geometry,2,0.001967,2.21112
round_1,radar_isea4h,datasets[0].timings.units[1].workers[6],raster_worker,minio.tile_stat,2,0.01317,2.21112
round_1,radar_isea4h,datasets[0].timings.units[1].workers[6],raster_worker,source.checksum,1,0.057132,2.21112
round_1,radar_isea4h,datasets[0].timings.units[1].workers[6],raster_worker,source.download,1,0.368824,2.21112
round_1,radar_isea4h,datasets[0].timings.units[1].workers[6],raster_worker,entity.tile_mask,2,0.293591,2.21112
round_1,radar_isea4h,datasets[0].timings.units[1].workers[6],raster_worker,entity.tile_write,2,0.726888,2.21112
round_1,radar_isea4h,datasets[0].timings.units[1].workers[6],raster_worker,minio.tile_upload,1,0.691763,2.21112
round_1,radar_isea4h,datasets[0].timings.units[1].workers[6],raster_worker,source.raster_open,1,0.001834,2.21112
round_1,radar_isea4h,datasets[0].timings.units[1].workers[6],raster_worker,entity.tile_checksum,2,0.045237,2.21112
round_1,radar_isea4h,datasets[0].timings.units[1].workers[6],raster_worker,grid.window_calculation,2,0.000487,2.21112
round_1,radar_isea4h,datasets[0].timings.units[1].workers[7],raster_worker,grid.cover,1,0.00721,2.288299
round_1,radar_isea4h,datasets[0].timings.units[1].workers[7],raster_worker,source.cache,1,0.389811,2.288299
round_1,radar_isea4h,datasets[0].timings.units[1].workers[7],raster_worker,grid.geometry,3,0.003042,2.288299
round_1,radar_isea4h,datasets[0].timings.units[1].workers[7],raster_worker,minio.tile_stat,3,0.018619,2.288299
round_1,radar_isea4h,datasets[0].timings.units[1].workers[7],raster_worker,source.checksum,1,0.032034,2.288299
round_1,radar_isea4h,datasets[0].timings.units[1].workers[7],raster_worker,source.download,1,0.389344,2.288299
round_1,radar_isea4h,datasets[0].timings.units[1].workers[7],raster_worker,entity.tile_mask,3,0.355171,2.288299
round_1,radar_isea4h,datasets[0].timings.units[1].workers[7],raster_worker,entity.tile_write,3,0.864221,2.288299
round_1,radar_isea4h,datasets[0].timings.units[1].workers[7],raster_worker,minio.tile_upload,2,0.574204,2.288299
round_1,radar_isea4h,datasets[0].timings.units[1].workers[7],raster_worker,source.raster_open,1,0.001978,2.288299
round_1,radar_isea4h,datasets[0].timings.units[1].workers[7],raster_worker,entity.tile_checksum,3,0.036024,2.288299
round_1,radar_isea4h,datasets[0].timings.units[1].workers[7],raster_worker,grid.window_calculation,3,0.000763,2.288299
round_1,radar_isea4h,datasets[0].timings.units[1].workers[8],raster_worker,grid.cover,1,0.006802,2.31164
round_1,radar_isea4h,datasets[0].timings.units[1].workers[8],raster_worker,source.cache,1,0.417221,2.31164
round_1,radar_isea4h,datasets[0].timings.units[1].workers[8],raster_worker,grid.geometry,3,0.003019,2.31164
round_1,radar_isea4h,datasets[0].timings.units[1].workers[8],raster_worker,minio.tile_stat,3,0.023742,2.31164
round_1,radar_isea4h,datasets[0].timings.units[1].workers[8],raster_worker,source.checksum,1,0.034226,2.31164
round_1,radar_isea4h,datasets[0].timings.units[1].workers[8],raster_worker,source.download,1,0.416671,2.31164
round_1,radar_isea4h,datasets[0].timings.units[1].workers[8],raster_worker,entity.tile_mask,3,0.349138,2.31164
round_1,radar_isea4h,datasets[0].timings.units[1].workers[8],raster_worker,entity.tile_write,3,0.845993,2.31164
round_1,radar_isea4h,datasets[0].timings.units[1].workers[8],raster_worker,minio.tile_upload,1,0.596207,2.31164
round_1,radar_isea4h,datasets[0].timings.units[1].workers[8],raster_worker,source.raster_open,1,0.001981,2.31164
round_1,radar_isea4h,datasets[0].timings.units[1].workers[8],raster_worker,entity.tile_checksum,3,0.026858,2.31164
round_1,radar_isea4h,datasets[0].timings.units[1].workers[8],raster_worker,grid.window_calculation,3,0.000764,2.31164
round_1,radar_isea4h,datasets[0].timings.units[1].workers[9],raster_worker,grid.cover,1,0.009824,2.447811
round_1,radar_isea4h,datasets[0].timings.units[1].workers[9],raster_worker,source.cache,1,0.397719,2.447811
round_1,radar_isea4h,datasets[0].timings.units[1].workers[9],raster_worker,grid.geometry,2,0.001843,2.447811
round_1,radar_isea4h,datasets[0].timings.units[1].workers[9],raster_worker,minio.tile_stat,2,0.009677,2.447811
round_1,radar_isea4h,datasets[0].timings.units[1].workers[9],raster_worker,source.checksum,1,0.021659,2.447811
round_1,radar_isea4h,datasets[0].timings.units[1].workers[9],raster_worker,source.download,1,0.397262,2.447811
round_1,radar_isea4h,datasets[0].timings.units[1].workers[9],raster_worker,entity.tile_mask,2,0.29163,2.447811
round_1,radar_isea4h,datasets[0].timings.units[1].workers[9],raster_worker,entity.tile_write,2,0.699112,2.447811
round_1,radar_isea4h,datasets[0].timings.units[1].workers[9],raster_worker,minio.tile_upload,1,0.991163,2.447811
round_1,radar_isea4h,datasets[0].timings.units[1].workers[9],raster_worker,source.raster_open,1,0.001986,2.447811
round_1,radar_isea4h,datasets[0].timings.units[1].workers[9],raster_worker,entity.tile_checksum,2,0.018705,2.447811
round_1,radar_isea4h,datasets[0].timings.units[1].workers[9],raster_worker,grid.window_calculation,2,0.000499,2.447811
round_1,radar_isea4h,datasets[0].timings.units[1].workers[10],raster_worker,grid.cover,1,0.008022,2.511582
round_1,radar_isea4h,datasets[0].timings.units[1].workers[10],raster_worker,source.cache,1,0.396648,2.511582
round_1,radar_isea4h,datasets[0].timings.units[1].workers[10],raster_worker,grid.geometry,3,0.003015,2.511582
round_1,radar_isea4h,datasets[0].timings.units[1].workers[10],raster_worker,minio.tile_stat,3,0.015788,2.511582
round_1,radar_isea4h,datasets[0].timings.units[1].workers[10],raster_worker,source.checksum,1,0.022592,2.511582
round_1,radar_isea4h,datasets[0].timings.units[1].workers[10],raster_worker,source.download,1,0.396186,2.511582
round_1,radar_isea4h,datasets[0].timings.units[1].workers[10],raster_worker,entity.tile_mask,3,0.316549,2.511582
round_1,radar_isea4h,datasets[0].timings.units[1].workers[10],raster_worker,entity.tile_write,3,0.867633,2.511582
round_1,radar_isea4h,datasets[0].timings.units[1].workers[10],raster_worker,minio.tile_upload,1,0.836587,2.511582
round_1,radar_isea4h,datasets[0].timings.units[1].workers[10],raster_worker,source.raster_open,1,0.001943,2.511582
round_1,radar_isea4h,datasets[0].timings.units[1].workers[10],raster_worker,entity.tile_checksum,3,0.036458,2.511582
round_1,radar_isea4h,datasets[0].timings.units[1].workers[10],raster_worker,grid.window_calculation,3,0.000795,2.511582
round_1,radar_isea4h,datasets[0].timings.units[1].workers[11],raster_worker,grid.cover,1,0.007259,2.670071
round_1,radar_isea4h,datasets[0].timings.units[1].workers[11],raster_worker,source.cache,1,0.424298,2.670071
round_1,radar_isea4h,datasets[0].timings.units[1].workers[11],raster_worker,grid.geometry,2,0.001799,2.670071
round_1,radar_isea4h,datasets[0].timings.units[1].workers[11],raster_worker,minio.tile_stat,2,0.02257,2.670071
round_1,radar_isea4h,datasets[0].timings.units[1].workers[11],raster_worker,source.checksum,1,0.06164,2.670071
round_1,radar_isea4h,datasets[0].timings.units[1].workers[11],raster_worker,source.download,1,0.423803,2.670071
round_1,radar_isea4h,datasets[0].timings.units[1].workers[11],raster_worker,entity.tile_mask,2,0.301138,2.670071
round_1,radar_isea4h,datasets[0].timings.units[1].workers[11],raster_worker,entity.tile_write,2,0.723381,2.670071
round_1,radar_isea4h,datasets[0].timings.units[1].workers[11],raster_worker,minio.tile_upload,1,1.074049,2.670071
round_1,radar_isea4h,datasets[0].timings.units[1].workers[11],raster_worker,source.raster_open,1,0.00172,2.670071
round_1,radar_isea4h,datasets[0].timings.units[1].workers[11],raster_worker,entity.tile_checksum,2,0.048209,2.670071
round_1,radar_isea4h,datasets[0].timings.units[1].workers[11],raster_worker,grid.window_calculation,2,0.000471,2.670071
round_1,radar_isea4h,datasets[0].timings.units[1].workers[12],raster_worker,grid.cover,1,0.007222,2.925891
round_1,radar_isea4h,datasets[0].timings.units[1].workers[12],raster_worker,source.cache,1,0.421738,2.925891
round_1,radar_isea4h,datasets[0].timings.units[1].workers[12],raster_worker,grid.geometry,1,0.000826,2.925891
round_1,radar_isea4h,datasets[0].timings.units[1].workers[12],raster_worker,minio.tile_stat,1,0.016147,2.925891
round_1,radar_isea4h,datasets[0].timings.units[1].workers[12],raster_worker,source.checksum,1,0.067197,2.925891
round_1,radar_isea4h,datasets[0].timings.units[1].workers[12],raster_worker,source.download,1,0.421239,2.925891
round_1,radar_isea4h,datasets[0].timings.units[1].workers[12],raster_worker,entity.tile_mask,1,0.215318,2.925891
round_1,radar_isea4h,datasets[0].timings.units[1].workers[12],raster_worker,entity.tile_write,1,0.367927,2.925891
round_1,radar_isea4h,datasets[0].timings.units[1].workers[12],raster_worker,minio.tile_upload,1,1.816717,2.925891
round_1,radar_isea4h,datasets[0].timings.units[1].workers[12],raster_worker,source.raster_open,1,0.001332,2.925891
round_1,radar_isea4h,datasets[0].timings.units[1].workers[12],raster_worker,entity.tile_checksum,1,0.009188,2.925891
round_1,radar_isea4h,datasets[0].timings.units[1].workers[12],raster_worker,grid.window_calculation,1,0.000226,2.925891
round_1,radar_isea4h,datasets[0].timings.units[1].workers[13],raster_worker,grid.cover,1,0.005656,2.94559
round_1,radar_isea4h,datasets[0].timings.units[1].workers[13],raster_worker,source.cache,1,0.395775,2.94559
round_1,radar_isea4h,datasets[0].timings.units[1].workers[13],raster_worker,grid.geometry,2,0.001842,2.94559
round_1,radar_isea4h,datasets[0].timings.units[1].workers[13],raster_worker,minio.tile_stat,2,0.014592,2.94559
round_1,radar_isea4h,datasets[0].timings.units[1].workers[13],raster_worker,source.checksum,1,0.077047,2.94559
round_1,radar_isea4h,datasets[0].timings.units[1].workers[13],raster_worker,source.download,1,0.395282,2.94559
round_1,radar_isea4h,datasets[0].timings.units[1].workers[13],raster_worker,entity.tile_mask,2,0.304453,2.94559
round_1,radar_isea4h,datasets[0].timings.units[1].workers[13],raster_worker,entity.tile_write,2,0.726761,2.94559
round_1,radar_isea4h,datasets[0].timings.units[1].workers[13],raster_worker,minio.tile_upload,1,1.394419,2.94559
round_1,radar_isea4h,datasets[0].timings.units[1].workers[13],raster_worker,source.raster_open,1,0.001677,2.94559
round_1,radar_isea4h,datasets[0].timings.units[1].workers[13],raster_worker,entity.tile_checksum,2,0.019309,2.94559
round_1,radar_isea4h,datasets[0].timings.units[1].workers[13],raster_worker,grid.window_calculation,2,0.000488,2.94559
round_1,radar_isea4h,datasets[0].timings.units[1].workers[14],raster_worker,grid.cover,1,0.006233,3.155742
round_1,radar_isea4h,datasets[0].timings.units[1].workers[14],raster_worker,source.cache,1,0.320873,3.155742
round_1,radar_isea4h,datasets[0].timings.units[1].workers[14],raster_worker,grid.geometry,3,0.002698,3.155742
round_1,radar_isea4h,datasets[0].timings.units[1].workers[14],raster_worker,minio.tile_stat,3,0.011949,3.155742
round_1,radar_isea4h,datasets[0].timings.units[1].workers[14],raster_worker,source.checksum,1,0.062245,3.155742
round_1,radar_isea4h,datasets[0].timings.units[1].workers[14],raster_worker,source.download,1,0.320428,3.155742
round_1,radar_isea4h,datasets[0].timings.units[1].workers[14],raster_worker,entity.tile_mask,3,0.31886,3.155742
round_1,radar_isea4h,datasets[0].timings.units[1].workers[14],raster_worker,entity.tile_write,3,0.832422,3.155742
round_1,radar_isea4h,datasets[0].timings.units[1].workers[14],raster_worker,minio.tile_upload,1,1.563261,3.155742
round_1,radar_isea4h,datasets[0].timings.units[1].workers[14],raster_worker,source.raster_open,1,0.001503,3.155742
round_1,radar_isea4h,datasets[0].timings.units[1].workers[14],raster_worker,entity.tile_checksum,3,0.030353,3.155742
round_1,radar_isea4h,datasets[0].timings.units[1].workers[14],raster_worker,grid.window_calculation,3,0.000688,3.155742
round_1,radar_isea4h,datasets[0].timings.units[1].workers[15],raster_worker,grid.cover,1,0.005642,3.571482
round_1,radar_isea4h,datasets[0].timings.units[1].workers[15],raster_worker,source.cache,1,0.391867,3.571482
round_1,radar_isea4h,datasets[0].timings.units[1].workers[15],raster_worker,grid.geometry,2,0.002049,3.571482
round_1,radar_isea4h,datasets[0].timings.units[1].workers[15],raster_worker,minio.tile_stat,2,0.01039,3.571482
round_1,radar_isea4h,datasets[0].timings.units[1].workers[15],raster_worker,source.checksum,1,0.048796,3.571482
round_1,radar_isea4h,datasets[0].timings.units[1].workers[15],raster_worker,source.download,1,0.391322,3.571482
round_1,radar_isea4h,datasets[0].timings.units[1].workers[15],raster_worker,entity.tile_mask,2,0.291077,3.571482
round_1,radar_isea4h,datasets[0].timings.units[1].workers[15],raster_worker,entity.tile_write,2,0.698407,3.571482
round_1,radar_isea4h,datasets[0].timings.units[1].workers[15],raster_worker,minio.tile_upload,1,2.093082,3.571482
round_1,radar_isea4h,datasets[0].timings.units[1].workers[15],raster_worker,source.raster_open,1,0.001806,3.571482
round_1,radar_isea4h,datasets[0].timings.units[1].workers[15],raster_worker,entity.tile_checksum,2,0.024098,3.571482
round_1,radar_isea4h,datasets[0].timings.units[1].workers[15],raster_worker,grid.window_calculation,2,0.000522,3.571482
round_1,radar_isea4h,datasets[0].timings.units[1].source_preflight,source_preflight,minio.stat,1,0.007859,3.611953
round_1,radar_isea4h,datasets[0].timings.workflow,workflow_dataset,runner.execute,1,13.425061,14.036926
round_1,radar_isea4h,datasets[0].timings.workflow,workflow_dataset,opengauss.start_output,1,0.013254,14.036926
round_1,radar_isea4h,datasets[0].timings.workflow,workflow_dataset,opengauss.complete_output,1,0.597116,14.036926
round_1,product_geohash,timings.job_driver,ray_job_driver,workflow.run,1,1.94523,2.09272
round_1,product_geohash,timings.job_driver,ray_job_driver,driver.bootstrap,1,0.142752,2.09272
round_1,product_geohash,timings.job_driver,ray_job_driver,task.start_attempt,1,0.004018,2.09272
round_1,product_geohash,datasets[0].timings.units[0].driver,logical_batch_driver,ray.init,1,0.128769,1.535758
round_1,product_geohash,datasets[0].timings.units[0].driver,logical_batch_driver,ray.wait,2,1.355025,1.535758
round_1,product_geohash,datasets[0].timings.units[0].driver,logical_batch_driver,ray.result_get,1,0.000323,1.535758
round_1,product_geohash,datasets[0].timings.units[0].driver,logical_batch_driver,ray.task_submit,1,0.04643,1.535758
round_1,product_geohash,datasets[0].timings.units[0].driver,logical_batch_driver,ray.task_prepare,2,0.000269,1.535758
round_1,product_geohash,datasets[0].timings.units[0].driver,logical_batch_driver,driver.result_merge,1,6e-06,1.535758
round_1,product_geohash,datasets[0].timings.units[0].workers[0],logical_worker,grid.cover,4,0.009246,0.164124
round_1,product_geohash,datasets[0].timings.units[0].workers[0],logical_worker,grid.geometry,40,0.000331,0.164124
round_1,product_geohash,datasets[0].timings.units[0].workers[0],logical_worker,minio.chunk_stat,1,0.006858,0.164124
round_1,product_geohash,datasets[0].timings.units[0].workers[0],logical_worker,minio.chunk_upload,1,0.042829,0.164124
round_1,product_geohash,datasets[0].timings.units[0].workers[0],logical_worker,logical.row_generation,4,0.00299,0.164124
round_1,product_geohash,datasets[0].timings.units[0].workers[0],logical_worker,logical.chunk_serialize,1,0.003154,0.164124
round_1,product_geohash,datasets[0].timings.units[0].workers[0],logical_worker,opengauss.logical_stage,1,0.098476,0.164124
round_1,product_geohash,datasets[0].timings.units[0].source_preflight,source_preflight,minio.stat,1,0.150365,1.873523
round_1,product_geohash,datasets[0].timings.workflow,workflow_dataset,runner.execute,1,1.874213,1.944884
round_1,product_geohash,datasets[0].timings.workflow,workflow_dataset,opengauss.start_output,1,0.010646,1.944884
round_1,product_geohash,datasets[0].timings.workflow,workflow_dataset,opengauss.complete_output,1,0.013274,1.944884
round_1,product_geohash,datasets[0].timings.workflow,workflow_dataset,opengauss.record_output_chunks,1,0.003743,1.944884
round_1,product_geohash,datasets[0].timings.workflow,workflow_dataset,opengauss.verify_output_chunks,1,0.018368,1.944884
round_1,product_geohash,datasets[0].timings.workflow,workflow_dataset,opengauss.promote_logical_staging,1,0.023153,1.944884
round_1,product_mgrs,timings.job_driver,ray_job_driver,workflow.run,1,2.333688,2.476917
round_1,product_mgrs,timings.job_driver,ray_job_driver,driver.bootstrap,1,0.13879,2.476917
round_1,product_mgrs,timings.job_driver,ray_job_driver,task.start_attempt,1,0.003712,2.476917
round_1,product_mgrs,datasets[0].timings.units[0].driver,logical_batch_driver,ray.init,1,0.066914,1.842706
round_1,product_mgrs,datasets[0].timings.units[0].driver,logical_batch_driver,ray.wait,2,1.727976,1.842706
round_1,product_mgrs,datasets[0].timings.units[0].driver,logical_batch_driver,ray.result_get,1,0.00038,1.842706
round_1,product_mgrs,datasets[0].timings.units[0].driver,logical_batch_driver,ray.task_submit,1,0.042579,1.842706
round_1,product_mgrs,datasets[0].timings.units[0].driver,logical_batch_driver,ray.task_prepare,2,0.000276,1.842706
round_1,product_mgrs,datasets[0].timings.units[0].driver,logical_batch_driver,driver.result_merge,1,6e-06,1.842706
round_1,product_mgrs,datasets[0].timings.units[0].workers[0],logical_worker,grid.cover,4,0.25359,0.569902
round_1,product_mgrs,datasets[0].timings.units[0].workers[0],logical_worker,grid.geometry,238,0.0279,0.569902
round_1,product_mgrs,datasets[0].timings.units[0].workers[0],logical_worker,minio.chunk_stat,1,0.007029,0.569902
round_1,product_mgrs,datasets[0].timings.units[0].workers[0],logical_worker,minio.chunk_upload,1,0.038321,0.569902
round_1,product_mgrs,datasets[0].timings.units[0].workers[0],logical_worker,logical.row_generation,4,0.04161,0.569902
round_1,product_mgrs,datasets[0].timings.units[0].workers[0],logical_worker,logical.chunk_serialize,1,0.067086,0.569902
round_1,product_mgrs,datasets[0].timings.units[0].workers[0],logical_worker,opengauss.logical_stage,1,0.161112,0.569902
round_1,product_mgrs,datasets[0].timings.units[0].source_preflight,source_preflight,minio.stat,1,0.153295,2.18442
round_1,product_mgrs,datasets[0].timings.workflow,workflow_dataset,runner.execute,1,2.185073,2.333344
round_1,product_mgrs,datasets[0].timings.workflow,workflow_dataset,opengauss.start_output,1,0.009747,2.333344
round_1,product_mgrs,datasets[0].timings.workflow,workflow_dataset,opengauss.complete_output,1,0.017107,2.333344
round_1,product_mgrs,datasets[0].timings.workflow,workflow_dataset,opengauss.record_output_chunks,1,0.004348,2.333344
round_1,product_mgrs,datasets[0].timings.workflow,workflow_dataset,opengauss.verify_output_chunks,1,0.033039,2.333344
round_1,product_mgrs,datasets[0].timings.workflow,workflow_dataset,opengauss.promote_logical_staging,1,0.082539,2.333344
round_1,product_isea4h,timings.job_driver,ray_job_driver,workflow.run,1,12.422048,12.564126
round_1,product_isea4h,timings.job_driver,ray_job_driver,driver.bootstrap,1,0.138062,12.564126
round_1,product_isea4h,timings.job_driver,ray_job_driver,task.start_attempt,1,0.003338,12.564126
round_1,product_isea4h,datasets[0].timings.units[0].driver,raster_driver,ray.init,1,0.064129,12.057444
round_1,product_isea4h,datasets[0].timings.units[0].driver,raster_driver,ray.wait,24,11.888542,12.057444
round_1,product_isea4h,datasets[0].timings.units[0].driver,raster_driver,ray.result_get,16,0.005003,12.057444
round_1,product_isea4h,datasets[0].timings.units[0].driver,raster_driver,ray.task_submit,16,0.052535,12.057444
round_1,product_isea4h,datasets[0].timings.units[0].driver,raster_driver,driver.result_merge,16,0.000133,12.057444
round_1,product_isea4h,datasets[0].timings.units[0].workers[0],raster_worker,grid.cover,1,4.513356,5.141433
round_1,product_isea4h,datasets[0].timings.units[0].workers[0],raster_worker,source.cache,1,0.032035,5.141433
round_1,product_isea4h,datasets[0].timings.units[0].workers[0],raster_worker,grid.geometry,1,0.00082,5.141433
round_1,product_isea4h,datasets[0].timings.units[0].workers[0],raster_worker,minio.tile_stat,1,0.004633,5.141433
round_1,product_isea4h,datasets[0].timings.units[0].workers[0],raster_worker,source.checksum,1,0.004355,5.141433
round_1,product_isea4h,datasets[0].timings.units[0].workers[0],raster_worker,source.download,1,0.031519,5.141433
round_1,product_isea4h,datasets[0].timings.units[0].workers[0],raster_worker,entity.tile_mask,1,0.116522,5.141433
round_1,product_isea4h,datasets[0].timings.units[0].workers[0],raster_worker,entity.tile_write,1,0.293767,5.141433
round_1,product_isea4h,datasets[0].timings.units[0].workers[0],raster_worker,minio.tile_upload,1,0.145295,5.141433
round_1,product_isea4h,datasets[0].timings.units[0].workers[0],raster_worker,source.raster_open,1,0.018694,5.141433
round_1,product_isea4h,datasets[0].timings.units[0].workers[0],raster_worker,entity.tile_checksum,1,0.007878,5.141433
round_1,product_isea4h,datasets[0].timings.units[0].workers[0],raster_worker,grid.window_calculation,1,0.000352,5.141433
round_1,product_isea4h,datasets[0].timings.units[0].workers[1],raster_worker,grid.cover,1,4.519335,5.739587
round_1,product_isea4h,datasets[0].timings.units[0].workers[1],raster_worker,source.cache,1,0.028687,5.739587
round_1,product_isea4h,datasets[0].timings.units[0].workers[1],raster_worker,grid.geometry,2,0.00188,5.739587
round_1,product_isea4h,datasets[0].timings.units[0].workers[1],raster_worker,minio.tile_stat,2,0.010043,5.739587
round_1,product_isea4h,datasets[0].timings.units[0].workers[1],raster_worker,source.checksum,1,0.004271,5.739587
round_1,product_isea4h,datasets[0].timings.units[0].workers[1],raster_worker,source.download,1,0.0282,5.739587
round_1,product_isea4h,datasets[0].timings.units[0].workers[1],raster_worker,entity.tile_mask,2,0.197746,5.739587
round_1,product_isea4h,datasets[0].timings.units[0].workers[1],raster_worker,entity.tile_write,2,0.487851,5.739587
round_1,product_isea4h,datasets[0].timings.units[0].workers[1],raster_worker,minio.tile_upload,2,0.451742,5.739587
round_1,product_isea4h,datasets[0].timings.units[0].workers[1],raster_worker,source.raster_open,1,0.019309,5.739587
round_1,product_isea4h,datasets[0].timings.units[0].workers[1],raster_worker,entity.tile_checksum,2,0.013089,5.739587
round_1,product_isea4h,datasets[0].timings.units[0].workers[1],raster_worker,grid.window_calculation,2,0.000639,5.739587
round_1,product_isea4h,datasets[0].timings.units[0].workers[2],raster_worker,grid.cover,1,4.637957,5.800448
round_1,product_isea4h,datasets[0].timings.units[0].workers[2],raster_worker,source.cache,1,0.030027,5.800448
round_1,product_isea4h,datasets[0].timings.units[0].workers[2],raster_worker,grid.geometry,1,0.000809,5.800448
round_1,product_isea4h,datasets[0].timings.units[0].workers[2],raster_worker,minio.tile_stat,1,0.00827,5.800448
round_1,product_isea4h,datasets[0].timings.units[0].workers[2],raster_worker,source.checksum,1,0.004266,5.800448
round_1,product_isea4h,datasets[0].timings.units[0].workers[2],raster_worker,source.download,1,0.029517,5.800448
round_1,product_isea4h,datasets[0].timings.units[0].workers[2],raster_worker,entity.tile_mask,1,0.192527,5.800448
round_1,product_isea4h,datasets[0].timings.units[0].workers[2],raster_worker,entity.tile_write,1,0.483775,5.800448
round_1,product_isea4h,datasets[0].timings.units[0].workers[2],raster_worker,minio.tile_upload,1,0.402964,5.800448
round_1,product_isea4h,datasets[0].timings.units[0].workers[2],raster_worker,source.raster_open,1,0.018924,5.800448
round_1,product_isea4h,datasets[0].timings.units[0].workers[2],raster_worker,entity.tile_checksum,1,0.016698,5.800448
round_1,product_isea4h,datasets[0].timings.units[0].workers[2],raster_worker,grid.window_calculation,1,0.000354,5.800448
round_1,product_isea4h,datasets[0].timings.units[0].workers[3],raster_worker,grid.cover,1,4.509252,5.938928
round_1,product_isea4h,datasets[0].timings.units[0].workers[3],raster_worker,source.cache,1,0.027832,5.938928
round_1,product_isea4h,datasets[0].timings.units[0].workers[3],raster_worker,grid.geometry,2,0.001912,5.938928
round_1,product_isea4h,datasets[0].timings.units[0].workers[3],raster_worker,minio.tile_stat,2,0.008765,5.938928
round_1,product_isea4h,datasets[0].timings.units[0].workers[3],raster_worker,source.checksum,1,0.004478,5.938928
round_1,product_isea4h,datasets[0].timings.units[0].workers[3],raster_worker,source.download,1,0.027346,5.938928
round_1,product_isea4h,datasets[0].timings.units[0].workers[3],raster_worker,entity.tile_mask,2,0.284778,5.938928
round_1,product_isea4h,datasets[0].timings.units[0].workers[3],raster_worker,entity.tile_write,2,0.742389,5.938928
round_1,product_isea4h,datasets[0].timings.units[0].workers[3],raster_worker,minio.tile_upload,1,0.31455,5.938928
round_1,product_isea4h,datasets[0].timings.units[0].workers[3],raster_worker,source.raster_open,1,0.018625,5.938928
round_1,product_isea4h,datasets[0].timings.units[0].workers[3],raster_worker,entity.tile_checksum,2,0.020702,5.938928
round_1,product_isea4h,datasets[0].timings.units[0].workers[3],raster_worker,grid.window_calculation,2,0.000644,5.938928
round_1,product_isea4h,datasets[0].timings.units[0].workers[4],raster_worker,grid.cover,1,4.534867,6.02673
round_1,product_isea4h,datasets[0].timings.units[0].workers[4],raster_worker,source.cache,1,0.021963,6.02673
round_1,product_isea4h,datasets[0].timings.units[0].workers[4],raster_worker,grid.geometry,3,0.002972,6.02673
round_1,product_isea4h,datasets[0].timings.units[0].workers[4],raster_worker,minio.tile_stat,3,0.013995,6.02673
round_1,product_isea4h,datasets[0].timings.units[0].workers[4],raster_worker,source.checksum,1,0.004252,6.02673
round_1,product_isea4h,datasets[0].timings.units[0].workers[4],raster_worker,source.download,1,0.021387,6.02673
round_1,product_isea4h,datasets[0].timings.units[0].workers[4],raster_worker,entity.tile_mask,3,0.275513,6.02673
round_1,product_isea4h,datasets[0].timings.units[0].workers[4],raster_worker,entity.tile_write,3,0.819004,6.02673
round_1,product_isea4h,datasets[0].timings.units[0].workers[4],raster_worker,minio.tile_upload,1,0.30742,6.02673
round_1,product_isea4h,datasets[0].timings.units[0].workers[4],raster_worker,source.raster_open,1,0.018351,6.02673
round_1,product_isea4h,datasets[0].timings.units[0].workers[4],raster_worker,entity.tile_checksum,3,0.021038,6.02673
round_1,product_isea4h,datasets[0].timings.units[0].workers[4],raster_worker,grid.window_calculation,3,0.000869,6.02673
round_1,product_isea4h,datasets[0].timings.units[0].workers[5],raster_worker,grid.cover,1,4.79395,9.062009
round_1,product_isea4h,datasets[0].timings.units[0].workers[5],raster_worker,source.cache,1,0.023131,9.062009
round_1,product_isea4h,datasets[0].timings.units[0].workers[5],raster_worker,grid.geometry,2,0.001949,9.062009
round_1,product_isea4h,datasets[0].timings.units[0].workers[5],raster_worker,minio.tile_stat,2,0.010097,9.062009
round_1,product_isea4h,datasets[0].timings.units[0].workers[5],raster_worker,source.checksum,1,0.004239,9.062009
round_1,product_isea4h,datasets[0].timings.units[0].workers[5],raster_worker,source.download,1,0.022713,9.062009
round_1,product_isea4h,datasets[0].timings.units[0].workers[5],raster_worker,entity.tile_mask,2,0.264608,9.062009
round_1,product_isea4h,datasets[0].timings.units[0].workers[5],raster_worker,entity.tile_write,2,0.67953,9.062009
round_1,product_isea4h,datasets[0].timings.units[0].workers[5],raster_worker,minio.tile_upload,1,3.241094,9.062009
round_1,product_isea4h,datasets[0].timings.units[0].workers[5],raster_worker,source.raster_open,1,0.018196,9.062009
round_1,product_isea4h,datasets[0].timings.units[0].workers[5],raster_worker,entity.tile_checksum,2,0.019632,9.062009
round_1,product_isea4h,datasets[0].timings.units[0].workers[5],raster_worker,grid.window_calculation,2,0.000646,9.062009
round_1,product_isea4h,datasets[0].timings.units[0].workers[6],raster_worker,grid.cover,1,5.014225,8.211485
round_1,product_isea4h,datasets[0].timings.units[0].workers[6],raster_worker,source.cache,1,0.023803,8.211485
round_1,product_isea4h,datasets[0].timings.units[0].workers[6],raster_worker,grid.geometry,1,0.00084,8.211485
round_1,product_isea4h,datasets[0].timings.units[0].workers[6],raster_worker,minio.tile_stat,1,0.003075,8.211485
round_1,product_isea4h,datasets[0].timings.units[0].workers[6],raster_worker,source.checksum,1,0.004244,8.211485
round_1,product_isea4h,datasets[0].timings.units[0].workers[6],raster_worker,source.download,1,0.023357,8.211485
round_1,product_isea4h,datasets[0].timings.units[0].workers[6],raster_worker,entity.tile_mask,1,0.187217,8.211485
round_1,product_isea4h,datasets[0].timings.units[0].workers[6],raster_worker,entity.tile_write,1,0.408234,8.211485
round_1,product_isea4h,datasets[0].timings.units[0].workers[6],raster_worker,minio.tile_upload,1,2.536036,8.211485
round_1,product_isea4h,datasets[0].timings.units[0].workers[6],raster_worker,source.raster_open,1,0.018012,8.211485
round_1,product_isea4h,datasets[0].timings.units[0].workers[6],raster_worker,entity.tile_checksum,1,0.011813,8.211485
round_1,product_isea4h,datasets[0].timings.units[0].workers[6],raster_worker,grid.window_calculation,1,0.000379,8.211485
round_1,product_isea4h,datasets[0].timings.units[0].workers[7],raster_worker,grid.cover,1,4.599273,8.3426
round_1,product_isea4h,datasets[0].timings.units[0].workers[7],raster_worker,source.cache,1,0.020714,8.3426
round_1,product_isea4h,datasets[0].timings.units[0].workers[7],raster_worker,grid.geometry,1,0.000946,8.3426
round_1,product_isea4h,datasets[0].timings.units[0].workers[7],raster_worker,minio.tile_stat,1,0.003547,8.3426
round_1,product_isea4h,datasets[0].timings.units[0].workers[7],raster_worker,source.checksum,1,0.004434,8.3426
round_1,product_isea4h,datasets[0].timings.units[0].workers[7],raster_worker,source.download,1,0.020214,8.3426
round_1,product_isea4h,datasets[0].timings.units[0].workers[7],raster_worker,entity.tile_mask,1,0.170519,8.3426
round_1,product_isea4h,datasets[0].timings.units[0].workers[7],raster_worker,entity.tile_write,1,0.43069,8.3426
round_1,product_isea4h,datasets[0].timings.units[0].workers[7],raster_worker,minio.tile_upload,1,3.078761,8.3426
round_1,product_isea4h,datasets[0].timings.units[0].workers[7],raster_worker,source.raster_open,1,0.017736,8.3426
round_1,product_isea4h,datasets[0].timings.units[0].workers[7],raster_worker,entity.tile_checksum,1,0.011776,8.3426
round_1,product_isea4h,datasets[0].timings.units[0].workers[7],raster_worker,grid.window_calculation,1,0.00038,8.3426
round_1,product_isea4h,datasets[0].timings.units[0].workers[8],raster_worker,grid.cover,1,4.837456,9.239422
round_1,product_isea4h,datasets[0].timings.units[0].workers[8],raster_worker,source.cache,1,0.026206,9.239422
round_1,product_isea4h,datasets[0].timings.units[0].workers[8],raster_worker,grid.geometry,3,0.003033,9.239422
round_1,product_isea4h,datasets[0].timings.units[0].workers[8],raster_worker,minio.tile_stat,3,0.286131,9.239422
round_1,product_isea4h,datasets[0].timings.units[0].workers[8],raster_worker,source.checksum,1,0.004375,9.239422
round_1,product_isea4h,datasets[0].timings.units[0].workers[8],raster_worker,source.download,1,0.025734,9.239422
round_1,product_isea4h,datasets[0].timings.units[0].workers[8],raster_worker,entity.tile_mask,3,0.395269,9.239422
round_1,product_isea4h,datasets[0].timings.units[0].workers[8],raster_worker,entity.tile_write,3,1.14131,9.239422
round_1,product_isea4h,datasets[0].timings.units[0].workers[8],raster_worker,minio.tile_upload,1,2.486539,9.239422
round_1,product_isea4h,datasets[0].timings.units[0].workers[8],raster_worker,source.raster_open,1,0.018971,9.239422
round_1,product_isea4h,datasets[0].timings.units[0].workers[8],raster_worker,entity.tile_checksum,3,0.032582,9.239422
round_1,product_isea4h,datasets[0].timings.units[0].workers[8],raster_worker,grid.window_calculation,3,0.000879,9.239422
round_1,product_isea4h,datasets[0].timings.units[0].workers[9],raster_worker,grid.cover,1,4.92459,8.555221
round_1,product_isea4h,datasets[0].timings.units[0].workers[9],raster_worker,source.cache,1,0.021749,8.555221
round_1,product_isea4h,datasets[0].timings.units[0].workers[9],raster_worker,grid.geometry,2,0.00193,8.555221
round_1,product_isea4h,datasets[0].timings.units[0].workers[9],raster_worker,minio.tile_stat,2,2.70402,8.555221
round_1,product_isea4h,datasets[0].timings.units[0].workers[9],raster_worker,source.checksum,1,0.004425,8.555221
round_1,product_isea4h,datasets[0].timings.units[0].workers[9],raster_worker,source.download,1,0.021307,8.555221
round_1,product_isea4h,datasets[0].timings.units[0].workers[9],raster_worker,entity.tile_mask,2,0.235668,8.555221
round_1,product_isea4h,datasets[0].timings.units[0].workers[9],raster_worker,entity.tile_write,2,0.566771,8.555221
round_1,product_isea4h,datasets[0].timings.units[0].workers[9],raster_worker,minio.tile_upload,1,0.057246,8.555221
round_1,product_isea4h,datasets[0].timings.units[0].workers[9],raster_worker,source.raster_open,1,0.018051,8.555221
round_1,product_isea4h,datasets[0].timings.units[0].workers[9],raster_worker,entity.tile_checksum,2,0.014992,8.555221
round_1,product_isea4h,datasets[0].timings.units[0].workers[9],raster_worker,grid.window_calculation,2,0.0007,8.555221
round_1,product_isea4h,datasets[0].timings.units[0].workers[10],raster_worker,grid.cover,1,4.64607,9.498992
round_1,product_isea4h,datasets[0].timings.units[0].workers[10],raster_worker,source.cache,1,0.029282,9.498992
round_1,product_isea4h,datasets[0].timings.units[0].workers[10],raster_worker,grid.geometry,1,0.000804,9.498992
round_1,product_isea4h,datasets[0].timings.units[0].workers[10],raster_worker,minio.tile_stat,1,0.004317,9.498992
round_1,product_isea4h,datasets[0].timings.units[0].workers[10],raster_worker,source.checksum,1,0.004799,9.498992
round_1,product_isea4h,datasets[0].timings.units[0].workers[10],raster_worker,source.download,1,0.028763,9.498992
round_1,product_isea4h,datasets[0].timings.units[0].workers[10],raster_worker,entity.tile_mask,1,0.198536,9.498992
round_1,product_isea4h,datasets[0].timings.units[0].workers[10],raster_worker,entity.tile_write,1,0.536322,9.498992
round_1,product_isea4h,datasets[0].timings.units[0].workers[10],raster_worker,minio.tile_upload,1,4.037544,9.498992
round_1,product_isea4h,datasets[0].timings.units[0].workers[10],raster_worker,source.raster_open,1,0.023859,9.498992
round_1,product_isea4h,datasets[0].timings.units[0].workers[10],raster_worker,entity.tile_checksum,1,0.012791,9.498992
round_1,product_isea4h,datasets[0].timings.units[0].workers[10],raster_worker,grid.window_calculation,1,0.000347,9.498992
round_1,product_isea4h,datasets[0].timings.units[0].workers[11],raster_worker,grid.cover,1,4.687282,9.493001
round_1,product_isea4h,datasets[0].timings.units[0].workers[11],raster_worker,source.cache,1,0.025515,9.493001
round_1,product_isea4h,datasets[0].timings.units[0].workers[11],raster_worker,grid.geometry,2,0.002037,9.493001
round_1,product_isea4h,datasets[0].timings.units[0].workers[11],raster_worker,minio.tile_stat,2,0.013415,9.493001
round_1,product_isea4h,datasets[0].timings.units[0].workers[11],raster_worker,source.checksum,1,0.004806,9.493001
round_1,product_isea4h,datasets[0].timings.units[0].workers[11],raster_worker,source.download,1,0.024949,9.493001
round_1,product_isea4h,datasets[0].timings.units[0].workers[11],raster_worker,entity.tile_mask,2,0.282185,9.493001
round_1,product_isea4h,datasets[0].timings.units[0].workers[11],raster_worker,entity.tile_write,2,0.773471,9.493001
round_1,product_isea4h,datasets[0].timings.units[0].workers[11],raster_worker,minio.tile_upload,1,3.656144,9.493001
round_1,product_isea4h,datasets[0].timings.units[0].workers[11],raster_worker,source.raster_open,1,0.019239,9.493001
round_1,product_isea4h,datasets[0].timings.units[0].workers[11],raster_worker,entity.tile_checksum,2,0.022706,9.493001
round_1,product_isea4h,datasets[0].timings.units[0].workers[11],raster_worker,grid.window_calculation,2,0.000733,9.493001
round_1,product_isea4h,datasets[0].timings.units[0].workers[12],raster_worker,grid.cover,1,4.649812,8.658074
round_1,product_isea4h,datasets[0].timings.units[0].workers[12],raster_worker,source.cache,1,0.019248,8.658074
round_1,product_isea4h,datasets[0].timings.units[0].workers[12],raster_worker,grid.geometry,1,0.000896,8.658074
round_1,product_isea4h,datasets[0].timings.units[0].workers[12],raster_worker,minio.tile_stat,1,0.003624,8.658074
round_1,product_isea4h,datasets[0].timings.units[0].workers[12],raster_worker,source.checksum,1,0.00435,8.658074
round_1,product_isea4h,datasets[0].timings.units[0].workers[12],raster_worker,source.download,1,0.018809,8.658074
round_1,product_isea4h,datasets[0].timings.units[0].workers[12],raster_worker,entity.tile_mask,1,0.16627,8.658074
round_1,product_isea4h,datasets[0].timings.units[0].workers[12],raster_worker,entity.tile_write,1,0.410816,8.658074
round_1,product_isea4h,datasets[0].timings.units[0].workers[12],raster_worker,minio.tile_upload,1,3.369307,8.658074
round_1,product_isea4h,datasets[0].timings.units[0].workers[12],raster_worker,source.raster_open,1,0.018047,8.658074
round_1,product_isea4h,datasets[0].timings.units[0].workers[12],raster_worker,entity.tile_checksum,1,0.011821,8.658074
round_1,product_isea4h,datasets[0].timings.units[0].workers[12],raster_worker,grid.window_calculation,1,0.00037,8.658074
round_1,product_isea4h,datasets[0].timings.units[0].workers[13],raster_worker,grid.cover,1,4.527663,9.569395
round_1,product_isea4h,datasets[0].timings.units[0].workers[13],raster_worker,source.cache,1,0.024608,9.569395
round_1,product_isea4h,datasets[0].timings.units[0].workers[13],raster_worker,grid.geometry,2,0.001961,9.569395
round_1,product_isea4h,datasets[0].timings.units[0].workers[13],raster_worker,minio.tile_stat,2,0.013077,9.569395
round_1,product_isea4h,datasets[0].timings.units[0].workers[13],raster_worker,source.checksum,1,0.004285,9.569395
round_1,product_isea4h,datasets[0].timings.units[0].workers[13],raster_worker,source.download,1,0.024136,9.569395
round_1,product_isea4h,datasets[0].timings.units[0].workers[13],raster_worker,entity.tile_mask,2,0.330854,9.569395
round_1,product_isea4h,datasets[0].timings.units[0].workers[13],raster_worker,entity.tile_write,2,0.898508,9.569395
round_1,product_isea4h,datasets[0].timings.units[0].workers[13],raster_worker,minio.tile_upload,1,3.701918,9.569395
round_1,product_isea4h,datasets[0].timings.units[0].workers[13],raster_worker,source.raster_open,1,0.017641,9.569395
round_1,product_isea4h,datasets[0].timings.units[0].workers[13],raster_worker,entity.tile_checksum,2,0.043281,9.569395
round_1,product_isea4h,datasets[0].timings.units[0].workers[13],raster_worker,grid.window_calculation,2,0.000647,9.569395
round_1,product_isea4h,datasets[0].timings.units[0].workers[14],raster_worker,grid.cover,1,4.656772,8.874011
round_1,product_isea4h,datasets[0].timings.units[0].workers[14],raster_worker,source.cache,1,0.021279,8.874011
round_1,product_isea4h,datasets[0].timings.units[0].workers[14],raster_worker,grid.geometry,2,0.002109,8.874011
round_1,product_isea4h,datasets[0].timings.units[0].workers[14],raster_worker,minio.tile_stat,2,2.892651,8.874011
round_1,product_isea4h,datasets[0].timings.units[0].workers[14],raster_worker,source.checksum,1,0.004353,8.874011
round_1,product_isea4h,datasets[0].timings.units[0].workers[14],raster_worker,source.download,1,0.020843,8.874011
round_1,product_isea4h,datasets[0].timings.units[0].workers[14],raster_worker,entity.tile_mask,2,0.333417,8.874011
round_1,product_isea4h,datasets[0].timings.units[0].workers[14],raster_worker,entity.tile_write,2,0.899989,8.874011
round_1,product_isea4h,datasets[0].timings.units[0].workers[14],raster_worker,source.raster_open,1,0.017712,8.874011
round_1,product_isea4h,datasets[0].timings.units[0].workers[14],raster_worker,entity.tile_checksum,2,0.039522,8.874011
round_1,product_isea4h,datasets[0].timings.units[0].workers[14],raster_worker,grid.window_calculation,2,0.000685,8.874011
round_1,product_isea4h,datasets[0].timings.units[0].workers[15],raster_worker,grid.cover,1,4.771389,9.527323
round_1,product_isea4h,datasets[0].timings.units[0].workers[15],raster_worker,source.cache,1,0.02437,9.527323
round_1,product_isea4h,datasets[0].timings.units[0].workers[15],raster_worker,grid.geometry,3,0.002926,9.527323
round_1,product_isea4h,datasets[0].timings.units[0].workers[15],raster_worker,minio.tile_stat,3,3.269464,9.527323
round_1,product_isea4h,datasets[0].timings.units[0].workers[15],raster_worker,source.checksum,1,0.004405,9.527323
round_1,product_isea4h,datasets[0].timings.units[0].workers[15],raster_worker,source.download,1,0.023939,9.527323
round_1,product_isea4h,datasets[0].timings.units[0].workers[15],raster_worker,entity.tile_mask,3,0.372487,9.527323
round_1,product_isea4h,datasets[0].timings.units[0].workers[15],raster_worker,entity.tile_write,3,1.012365,9.527323
round_1,product_isea4h,datasets[0].timings.units[0].workers[15],raster_worker,source.raster_open,1,0.018561,9.527323
round_1,product_isea4h,datasets[0].timings.units[0].workers[15],raster_worker,entity.tile_checksum,3,0.04386,9.527323
round_1,product_isea4h,datasets[0].timings.units[0].workers[15],raster_worker,grid.window_calculation,3,0.000798,9.527323
round_1,product_isea4h,datasets[0].timings.units[0].source_preflight,source_preflight,minio.stat,1,0.145654,12.387249
round_1,product_isea4h,datasets[0].timings.workflow,workflow_dataset,runner.execute,1,12.387936,12.421724
round_1,product_isea4h,datasets[0].timings.workflow,workflow_dataset,opengauss.start_output,1,0.008988,12.421724
round_1,product_isea4h,datasets[0].timings.workflow,workflow_dataset,opengauss.complete_output,1,0.023288,12.421724
round_1,carbon_isea4h,timings.job_driver,ray_job_driver,workflow.run,1,2.366981,2.509369
round_1,carbon_isea4h,timings.job_driver,ray_job_driver,driver.bootstrap,1,0.138116,2.509369
round_1,carbon_isea4h,timings.job_driver,ray_job_driver,task.start_attempt,1,0.003619,2.509369
round_1,carbon_isea4h,datasets[0].timings.units[0].driver,carbon_driver,ray.init,1,0.067336,1.782207
round_1,carbon_isea4h,datasets[0].timings.units[0].driver,carbon_driver,ray.wait_get,1,1.670632,1.782207
round_1,carbon_isea4h,datasets[0].timings.units[0].driver,carbon_driver,ray.task_submit,1,0.044124,1.782207
round_1,carbon_isea4h,datasets[0].timings.units[0].driver,carbon_driver,driver.result_merge,1,2e-06,1.782207
round_1,carbon_isea4h,datasets[0].timings.units[0].workers[0],carbon_worker,grid.locate,1,0.001332,0.239892
round_1,carbon_isea4h,datasets[0].timings.units[0].workers[0],carbon_worker,source.cache,1,0.102201,0.239892
round_1,carbon_isea4h,datasets[0].timings.units[0].workers[0],carbon_worker,grid.geometry,1,0.000664,0.239892
round_1,carbon_isea4h,datasets[0].timings.units[0].workers[0],carbon_worker,source.checksum,1,0.054641,0.239892
round_1,carbon_isea4h,datasets[0].timings.units[0].workers[0],carbon_worker,source.download,1,0.101711,0.239892
round_1,carbon_isea4h,datasets[0].timings.units[0].workers[0],carbon_worker,carbon.observation_load,1,0.076803,0.239892
round_1,carbon_isea4h,datasets[0].timings.units[0].workers[0],carbon_worker,carbon.measurement_partition,1,0.000116,0.239892
round_1,carbon_isea4h,datasets[0].timings.units[0].workers[0],carbon_worker,carbon.partition_observation,1,0.003679,0.239892
round_1,carbon_isea4h,datasets[0].timings.units[0].source_preflight,source_preflight,minio.stat,1,0.162859,2.142069
round_1,carbon_isea4h,datasets[0].timings.workflow,workflow_dataset,runner.execute,1,2.142712,2.36662
round_1,carbon_isea4h,datasets[0].timings.workflow,workflow_dataset,opengauss.start_output,1,0.009391,2.36662
round_1,carbon_isea4h,datasets[0].timings.workflow,workflow_dataset,opengauss.complete_output,1,0.212607,2.36662
round_2,optical_geohash,timings.job_driver,ray_job_driver,workflow.run,1,3.670738,3.814614
round_2,optical_geohash,timings.job_driver,ray_job_driver,driver.bootstrap,1,0.13928,3.814614
round_2,optical_geohash,timings.job_driver,ray_job_driver,task.start_attempt,1,0.003834,3.814614
round_2,optical_geohash,datasets[0].timings.units[0].driver,logical_batch_driver,ray.init,1,0.068847,1.545663
round_2,optical_geohash,datasets[0].timings.units[0].driver,logical_batch_driver,ray.wait,2,1.431237,1.545663
round_2,optical_geohash,datasets[0].timings.units[0].driver,logical_batch_driver,ray.result_get,1,0.000385,1.545663
round_2,optical_geohash,datasets[0].timings.units[0].driver,logical_batch_driver,ray.task_submit,1,0.040016,1.545663
round_2,optical_geohash,datasets[0].timings.units[0].driver,logical_batch_driver,ray.task_prepare,2,0.000287,1.545663
round_2,optical_geohash,datasets[0].timings.units[0].driver,logical_batch_driver,driver.result_merge,1,8e-06,1.545663
round_2,optical_geohash,datasets[0].timings.units[0].workers[0],logical_worker,grid.cover,4,0.008542,0.175879
round_2,optical_geohash,datasets[0].timings.units[0].workers[0],logical_worker,grid.geometry,35,0.000287,0.175879
round_2,optical_geohash,datasets[0].timings.units[0].workers[0],logical_worker,minio.chunk_stat,1,0.007302,0.175879
round_2,optical_geohash,datasets[0].timings.units[0].workers[0],logical_worker,minio.chunk_upload,1,0.054962,0.175879
round_2,optical_geohash,datasets[0].timings.units[0].workers[0],logical_worker,logical.row_generation,4,0.002665,0.175879
round_2,optical_geohash,datasets[0].timings.units[0].workers[0],logical_worker,logical.chunk_serialize,1,0.002778,0.175879
round_2,optical_geohash,datasets[0].timings.units[0].workers[0],logical_worker,opengauss.logical_stage,1,0.099016,0.175879
round_2,optical_geohash,datasets[0].timings.units[0].source_preflight,source_preflight,minio.stat,1,0.150481,1.882666
round_2,optical_geohash,datasets[0].timings.units[1].driver,logical_batch_driver,ray.wait,1,0.084342,0.097498
round_2,optical_geohash,datasets[0].timings.units[1].driver,logical_batch_driver,ray.result_get,1,0.000343,0.097498
round_2,optical_geohash,datasets[0].timings.units[1].driver,logical_batch_driver,ray.task_submit,1,0.009877,0.097498
round_2,optical_geohash,datasets[0].timings.units[1].driver,logical_batch_driver,ray.task_prepare,2,0.000261,0.097498
round_2,optical_geohash,datasets[0].timings.units[1].driver,logical_batch_driver,driver.result_merge,1,9e-06,0.097498
round_2,optical_geohash,datasets[0].timings.units[1].workers[0],logical_worker,grid.cover,4,0.008336,0.079359
round_2,optical_geohash,datasets[0].timings.units[1].workers[0],logical_worker,grid.geometry,35,0.000313,0.079359
round_2,optical_geohash,datasets[0].timings.units[1].workers[0],logical_worker,minio.chunk_stat,1,0.006341,0.079359
round_2,optical_geohash,datasets[0].timings.units[1].workers[0],logical_worker,minio.chunk_upload,1,0.025171,0.079359
round_2,optical_geohash,datasets[0].timings.units[1].workers[0],logical_worker,logical.row_generation,4,0.002611,0.079359
round_2,optical_geohash,datasets[0].timings.units[1].workers[0],logical_worker,logical.chunk_serialize,1,0.002848,0.079359
round_2,optical_geohash,datasets[0].timings.units[1].workers[0],logical_worker,opengauss.logical_stage,1,0.033272,0.079359
round_2,optical_geohash,datasets[0].timings.units[1].source_preflight,source_preflight,minio.stat,1,0.008041,0.10572
round_2,optical_geohash,datasets[0].timings.units[2].driver,logical_batch_driver,ray.wait,1,0.203302,0.215387
round_2,optical_geohash,datasets[0].timings.units[2].driver,logical_batch_driver,ray.result_get,1,0.000257,0.215387
round_2,optical_geohash,datasets[0].timings.units[2].driver,logical_batch_driver,ray.task_submit,1,0.009153,0.215387
round_2,optical_geohash,datasets[0].timings.units[2].driver,logical_batch_driver,ray.task_prepare,2,0.000247,0.215387
round_2,optical_geohash,datasets[0].timings.units[2].driver,logical_batch_driver,driver.result_merge,1,6e-06,0.215387
round_2,optical_geohash,datasets[0].timings.units[2].workers[0],logical_worker,grid.cover,4,0.007956,0.198817
round_2,optical_geohash,datasets[0].timings.units[2].workers[0],logical_worker,grid.geometry,35,0.000288,0.198817
round_2,optical_geohash,datasets[0].timings.units[2].workers[0],logical_worker,minio.chunk_stat,1,0.005775,0.198817
round_2,optical_geohash,datasets[0].timings.units[2].workers[0],logical_worker,minio.chunk_upload,1,0.024754,0.198817
round_2,optical_geohash,datasets[0].timings.units[2].workers[0],logical_worker,logical.row_generation,4,0.002921,0.198817
round_2,optical_geohash,datasets[0].timings.units[2].workers[0],logical_worker,logical.chunk_serialize,1,0.002722,0.198817
round_2,optical_geohash,datasets[0].timings.units[2].workers[0],logical_worker,opengauss.logical_stage,1,0.154118,0.198817
round_2,optical_geohash,datasets[0].timings.units[2].source_preflight,source_preflight,minio.stat,1,0.007162,0.222667
round_2,optical_geohash,datasets[0].timings.units[3].driver,logical_batch_driver,ray.wait,2,1.321494,1.335175
round_2,optical_geohash,datasets[0].timings.units[3].driver,logical_batch_driver,ray.result_get,1,0.000279,1.335175
round_2,optical_geohash,datasets[0].timings.units[3].driver,logical_batch_driver,ray.task_submit,1,0.008481,1.335175
round_2,optical_geohash,datasets[0].timings.units[3].driver,logical_batch_driver,ray.task_prepare,2,0.000231,1.335175
round_2,optical_geohash,datasets[0].timings.units[3].driver,logical_batch_driver,driver.result_merge,1,6e-06,1.335175
round_2,optical_geohash,datasets[0].timings.units[3].workers[0],logical_worker,grid.cover,4,0.008134,0.151435
round_2,optical_geohash,datasets[0].timings.units[3].workers[0],logical_worker,grid.geometry,35,0.000277,0.151435
round_2,optical_geohash,datasets[0].timings.units[3].workers[0],logical_worker,minio.chunk_stat,1,0.006861,0.151435
round_2,optical_geohash,datasets[0].timings.units[3].workers[0],logical_worker,minio.chunk_upload,1,0.029766,0.151435
round_2,optical_geohash,datasets[0].timings.units[3].workers[0],logical_worker,logical.row_generation,4,0.002536,0.151435
round_2,optical_geohash,datasets[0].timings.units[3].workers[0],logical_worker,logical.chunk_serialize,1,0.002681,0.151435
round_2,optical_geohash,datasets[0].timings.units[3].workers[0],logical_worker,opengauss.logical_stage,1,0.100909,0.151435
round_2,optical_geohash,datasets[0].timings.units[3].source_preflight,source_preflight,minio.stat,1,0.006387,1.341692
round_2,optical_geohash,datasets[0].timings.workflow,workflow_dataset,runner.execute,1,3.555402,3.670382
round_2,optical_geohash,datasets[0].timings.workflow,workflow_dataset,opengauss.start_output,1,0.014057,3.670382
round_2,optical_geohash,datasets[0].timings.workflow,workflow_dataset,opengauss.complete_output,1,0.01665,3.670382
round_2,optical_geohash,datasets[0].timings.workflow,workflow_dataset,opengauss.record_output_chunks,1,0.008108,3.670382
round_2,optical_geohash,datasets[0].timings.workflow,workflow_dataset,opengauss.verify_output_chunks,1,0.030355,3.670382
round_2,optical_geohash,datasets[0].timings.workflow,workflow_dataset,opengauss.promote_logical_staging,1,0.043812,3.670382
round_2,optical_mgrs,timings.job_driver,ray_job_driver,workflow.run,1,4.670079,5.096842
round_2,optical_mgrs,timings.job_driver,ray_job_driver,driver.bootstrap,1,0.416919,5.096842
round_2,optical_mgrs,timings.job_driver,ray_job_driver,task.start_attempt,1,0.009063,5.096842
round_2,optical_mgrs,datasets[0].timings.units[0].driver,logical_batch_driver,ray.init,1,0.129425,1.840357
round_2,optical_mgrs,datasets[0].timings.units[0].driver,logical_batch_driver,ray.wait,2,1.663638,1.840357
round_2,optical_mgrs,datasets[0].timings.units[0].driver,logical_batch_driver,ray.result_get,1,0.000329,1.840357
round_2,optical_mgrs,datasets[0].timings.units[0].driver,logical_batch_driver,ray.task_submit,1,0.04198,1.840357
round_2,optical_mgrs,datasets[0].timings.units[0].driver,logical_batch_driver,ray.task_prepare,2,0.000264,1.840357
round_2,optical_mgrs,datasets[0].timings.units[0].driver,logical_batch_driver,driver.result_merge,1,6e-06,1.840357
round_2,optical_mgrs,datasets[0].timings.units[0].workers[0],logical_worker,grid.cover,4,0.193748,0.457203
round_2,optical_mgrs,datasets[0].timings.units[0].workers[0],logical_worker,grid.geometry,165,0.020017,0.457203
round_2,optical_mgrs,datasets[0].timings.units[0].workers[0],logical_worker,minio.chunk_stat,1,0.006631,0.457203
round_2,optical_mgrs,datasets[0].timings.units[0].workers[0],logical_worker,minio.chunk_upload,1,0.038598,0.457203
round_2,optical_mgrs,datasets[0].timings.units[0].workers[0],logical_worker,logical.row_generation,4,0.029709,0.457203
round_2,optical_mgrs,datasets[0].timings.units[0].workers[0],logical_worker,logical.chunk_serialize,1,0.04633,0.457203
round_2,optical_mgrs,datasets[0].timings.units[0].workers[0],logical_worker,opengauss.logical_stage,1,0.141176,0.457203
round_2,optical_mgrs,datasets[0].timings.units[0].source_preflight,source_preflight,minio.stat,1,0.14781,2.174315
round_2,optical_mgrs,datasets[0].timings.units[1].driver,logical_batch_driver,ray.wait,2,1.636198,1.64862
round_2,optical_mgrs,datasets[0].timings.units[1].driver,logical_batch_driver,ray.result_get,1,0.000314,1.64862
round_2,optical_mgrs,datasets[0].timings.units[1].driver,logical_batch_driver,ray.task_submit,1,0.007811,1.64862
round_2,optical_mgrs,datasets[0].timings.units[1].driver,logical_batch_driver,ray.task_prepare,2,0.000257,1.64862
round_2,optical_mgrs,datasets[0].timings.units[1].driver,logical_batch_driver,driver.result_merge,1,7e-06,1.64862
round_2,optical_mgrs,datasets[0].timings.units[1].workers[0],logical_worker,grid.cover,4,0.18816,0.44735
round_2,optical_mgrs,datasets[0].timings.units[1].workers[0],logical_worker,grid.geometry,165,0.019612,0.44735
round_2,optical_mgrs,datasets[0].timings.units[1].workers[0],logical_worker,minio.chunk_stat,1,0.007018,0.44735
round_2,optical_mgrs,datasets[0].timings.units[1].workers[0],logical_worker,minio.chunk_upload,1,0.031035,0.44735
round_2,optical_mgrs,datasets[0].timings.units[1].workers[0],logical_worker,logical.row_generation,4,0.029251,0.44735
round_2,optical_mgrs,datasets[0].timings.units[1].workers[0],logical_worker,logical.chunk_serialize,1,0.046905,0.44735
round_2,optical_mgrs,datasets[0].timings.units[1].workers[0],logical_worker,opengauss.logical_stage,1,0.143952,0.44735
round_2,optical_mgrs,datasets[0].timings.units[1].source_preflight,source_preflight,minio.stat,1,0.006784,1.655513
round_2,optical_mgrs,datasets[0].timings.units[2].driver,logical_batch_driver,ray.wait,1,0.256298,0.267373
round_2,optical_mgrs,datasets[0].timings.units[2].driver,logical_batch_driver,ray.result_get,1,0.00023,0.267373
round_2,optical_mgrs,datasets[0].timings.units[2].driver,logical_batch_driver,ray.task_submit,1,0.008456,0.267373
round_2,optical_mgrs,datasets[0].timings.units[2].driver,logical_batch_driver,ray.task_prepare,2,0.000246,0.267373
round_2,optical_mgrs,datasets[0].timings.units[2].driver,logical_batch_driver,driver.result_merge,1,5e-06,0.267373
round_2,optical_mgrs,datasets[0].timings.units[2].workers[0],logical_worker,grid.cover,4,0.066132,0.251456
round_2,optical_mgrs,datasets[0].timings.units[2].workers[0],logical_worker,grid.geometry,165,0.02209,0.251456
round_2,optical_mgrs,datasets[0].timings.units[2].workers[0],logical_worker,minio.chunk_stat,1,0.005941,0.251456
round_2,optical_mgrs,datasets[0].timings.units[2].workers[0],logical_worker,minio.chunk_upload,1,0.024883,0.251456
round_2,optical_mgrs,datasets[0].timings.units[2].workers[0],logical_worker,logical.row_generation,4,0.031731,0.251456
round_2,optical_mgrs,datasets[0].timings.units[2].workers[0],logical_worker,logical.chunk_serialize,1,0.046273,0.251456
round_2,optical_mgrs,datasets[0].timings.units[2].workers[0],logical_worker,opengauss.logical_stage,1,0.075531,0.251456
round_2,optical_mgrs,datasets[0].timings.units[2].source_preflight,source_preflight,minio.stat,1,0.006444,0.273929
round_2,optical_mgrs,datasets[0].timings.units[3].driver,logical_batch_driver,ray.wait,1,0.249913,0.261024
round_2,optical_mgrs,datasets[0].timings.units[3].driver,logical_batch_driver,ray.result_get,1,0.000248,0.261024
round_2,optical_mgrs,datasets[0].timings.units[3].driver,logical_batch_driver,ray.task_submit,1,0.008439,0.261024
round_2,optical_mgrs,datasets[0].timings.units[3].driver,logical_batch_driver,ray.task_prepare,2,0.00024,0.261024
round_2,optical_mgrs,datasets[0].timings.units[3].driver,logical_batch_driver,driver.result_merge,1,5e-06,0.261024
round_2,optical_mgrs,datasets[0].timings.units[3].workers[0],logical_worker,grid.cover,4,0.060895,0.245239
round_2,optical_mgrs,datasets[0].timings.units[3].workers[0],logical_worker,grid.geometry,165,0.021517,0.245239
round_2,optical_mgrs,datasets[0].timings.units[3].workers[0],logical_worker,minio.chunk_stat,1,0.006117,0.245239
round_2,optical_mgrs,datasets[0].timings.units[3].workers[0],logical_worker,minio.chunk_upload,1,0.023903,0.245239
round_2,optical_mgrs,datasets[0].timings.units[3].workers[0],logical_worker,logical.row_generation,4,0.032613,0.245239
round_2,optical_mgrs,datasets[0].timings.units[3].workers[0],logical_worker,logical.chunk_serialize,1,0.046055,0.245239
round_2,optical_mgrs,datasets[0].timings.units[3].workers[0],logical_worker,opengauss.logical_stage,1,0.07477,0.245239
round_2,optical_mgrs,datasets[0].timings.units[3].source_preflight,source_preflight,minio.stat,1,0.006819,0.267941
round_2,optical_mgrs,datasets[0].timings.workflow,workflow_dataset,runner.execute,1,4.374348,4.669688
round_2,optical_mgrs,datasets[0].timings.workflow,workflow_dataset,opengauss.start_output,1,0.016848,4.669688
round_2,optical_mgrs,datasets[0].timings.workflow,workflow_dataset,opengauss.complete_output,1,0.024132,4.669688
round_2,optical_mgrs,datasets[0].timings.workflow,workflow_dataset,opengauss.record_output_chunks,1,0.008319,4.669688
round_2,optical_mgrs,datasets[0].timings.workflow,workflow_dataset,opengauss.verify_output_chunks,1,0.081756,4.669688
round_2,optical_mgrs,datasets[0].timings.workflow,workflow_dataset,opengauss.promote_logical_staging,1,0.162823,4.669688
round_2,optical_isea4h,timings.job_driver,ray_job_driver,workflow.run,1,67.174728,67.318388
round_2,optical_isea4h,timings.job_driver,ray_job_driver,driver.bootstrap,1,0.139651,67.318388
round_2,optical_isea4h,timings.job_driver,ray_job_driver,task.start_attempt,1,0.003354,67.318388
round_2,optical_isea4h,datasets[0].timings.units[0].driver,raster_driver,ray.init,1,0.066171,21.727154
round_2,optical_isea4h,datasets[0].timings.units[0].driver,raster_driver,ray.wait,31,21.545354,21.727154
round_2,optical_isea4h,datasets[0].timings.units[0].driver,raster_driver,ray.result_get,16,0.005931,21.727154
round_2,optical_isea4h,datasets[0].timings.units[0].driver,raster_driver,ray.task_submit,16,0.051823,21.727154
round_2,optical_isea4h,datasets[0].timings.units[0].driver,raster_driver,driver.result_merge,16,0.000142,21.727154
round_2,optical_isea4h,datasets[0].timings.units[0].workers[0],raster_worker,grid.cover,1,4.803433,6.696613
round_2,optical_isea4h,datasets[0].timings.units[0].workers[0],raster_worker,source.cache,1,0.000232,6.696613
round_2,optical_isea4h,datasets[0].timings.units[0].workers[0],raster_worker,grid.geometry,1,0.000739,6.696613
round_2,optical_isea4h,datasets[0].timings.units[0].workers[0],raster_worker,minio.tile_stat,1,0.007323,6.696613
round_2,optical_isea4h,datasets[0].timings.units[0].workers[0],raster_worker,source.checksum,1,0.046936,6.696613
round_2,optical_isea4h,datasets[0].timings.units[0].workers[0],raster_worker,source.download,1,0.0,6.696613
round_2,optical_isea4h,datasets[0].timings.units[0].workers[0],raster_worker,entity.tile_mask,1,0.932057,6.696613
round_2,optical_isea4h,datasets[0].timings.units[0].workers[0],raster_worker,entity.tile_write,1,0.757254,6.696613
round_2,optical_isea4h,datasets[0].timings.units[0].workers[0],raster_worker,minio.tile_upload,1,0.133848,6.696613
round_2,optical_isea4h,datasets[0].timings.units[0].workers[0],raster_worker,source.raster_open,1,0.009537,6.696613
round_2,optical_isea4h,datasets[0].timings.units[0].workers[0],raster_worker,entity.tile_checksum,1,0.003402,6.696613
round_2,optical_isea4h,datasets[0].timings.units[0].workers[0],raster_worker,grid.window_calculation,1,0.000269,6.696613
round_2,optical_isea4h,datasets[0].timings.units[0].workers[1],raster_worker,grid.cover,1,4.857069,6.762073
round_2,optical_isea4h,datasets[0].timings.units[0].workers[1],raster_worker,source.cache,1,0.000238,6.762073
round_2,optical_isea4h,datasets[0].timings.units[0].workers[1],raster_worker,grid.geometry,1,0.000768,6.762073
round_2,optical_isea4h,datasets[0].timings.units[0].workers[1],raster_worker,minio.tile_stat,1,0.00601,6.762073
round_2,optical_isea4h,datasets[0].timings.units[0].workers[1],raster_worker,source.checksum,1,0.049246,6.762073
round_2,optical_isea4h,datasets[0].timings.units[0].workers[1],raster_worker,source.download,1,0.0,6.762073
round_2,optical_isea4h,datasets[0].timings.units[0].workers[1],raster_worker,entity.tile_mask,1,0.925049,6.762073
round_2,optical_isea4h,datasets[0].timings.units[0].workers[1],raster_worker,entity.tile_write,1,0.769394,6.762073
round_2,optical_isea4h,datasets[0].timings.units[0].workers[1],raster_worker,minio.tile_upload,1,0.131183,6.762073
round_2,optical_isea4h,datasets[0].timings.units[0].workers[1],raster_worker,source.raster_open,1,0.017804,6.762073
round_2,optical_isea4h,datasets[0].timings.units[0].workers[1],raster_worker,entity.tile_checksum,1,0.003425,6.762073
round_2,optical_isea4h,datasets[0].timings.units[0].workers[1],raster_worker,grid.window_calculation,1,0.000302,6.762073
round_2,optical_isea4h,datasets[0].timings.units[0].workers[2],raster_worker,grid.cover,1,0.005869,1.757541
round_2,optical_isea4h,datasets[0].timings.units[0].workers[2],raster_worker,source.cache,1,0.000265,1.757541
round_2,optical_isea4h,datasets[0].timings.units[0].workers[2],raster_worker,grid.geometry,1,0.005755,1.757541
round_2,optical_isea4h,datasets[0].timings.units[0].workers[2],raster_worker,minio.tile_stat,1,0.008693,1.757541
round_2,optical_isea4h,datasets[0].timings.units[0].workers[2],raster_worker,source.checksum,1,0.112031,1.757541
round_2,optical_isea4h,datasets[0].timings.units[0].workers[2],raster_worker,source.download,1,0.0,1.757541
round_2,optical_isea4h,datasets[0].timings.units[0].workers[2],raster_worker,entity.tile_mask,1,0.858324,1.757541
round_2,optical_isea4h,datasets[0].timings.units[0].workers[2],raster_worker,entity.tile_write,1,0.760701,1.757541
round_2,optical_isea4h,datasets[0].timings.units[0].workers[2],raster_worker,source.raster_open,1,0.001045,1.757541
round_2,optical_isea4h,datasets[0].timings.units[0].workers[2],raster_worker,entity.tile_checksum,1,0.003431,1.757541
round_2,optical_isea4h,datasets[0].timings.units[0].workers[2],raster_worker,grid.window_calculation,1,0.000194,1.757541
round_2,optical_isea4h,datasets[0].timings.units[0].workers[3],raster_worker,grid.cover,1,0.005312,1.958672
round_2,optical_isea4h,datasets[0].timings.units[0].workers[3],raster_worker,source.cache,1,0.000263,1.958672
round_2,optical_isea4h,datasets[0].timings.units[0].workers[3],raster_worker,grid.geometry,2,0.001727,1.958672
round_2,optical_isea4h,datasets[0].timings.units[0].workers[3],raster_worker,minio.tile_stat,2,0.016796,1.958672
round_2,optical_isea4h,datasets[0].timings.units[0].workers[3],raster_worker,source.checksum,1,0.082023,1.958672
round_2,optical_isea4h,datasets[0].timings.units[0].workers[3],raster_worker,source.download,1,0.0,1.958672
round_2,optical_isea4h,datasets[0].timings.units[0].workers[3],raster_worker,entity.tile_mask,2,0.962897,1.958672
round_2,optical_isea4h,datasets[0].timings.units[0].workers[3],raster_worker,entity.tile_write,2,0.854341,1.958672
round_2,optical_isea4h,datasets[0].timings.units[0].workers[3],raster_worker,minio.tile_upload,1,0.028689,1.958672
round_2,optical_isea4h,datasets[0].timings.units[0].workers[3],raster_worker,source.raster_open,1,0.00105,1.958672
round_2,optical_isea4h,datasets[0].timings.units[0].workers[3],raster_worker,entity.tile_checksum,2,0.00351,1.958672
round_2,optical_isea4h,datasets[0].timings.units[0].workers[3],raster_worker,grid.window_calculation,2,0.000427,1.958672
round_2,optical_isea4h,datasets[0].timings.units[0].workers[4],raster_worker,grid.cover,1,0.007563,1.74792
round_2,optical_isea4h,datasets[0].timings.units[0].workers[4],raster_worker,source.cache,1,0.00024,1.74792
round_2,optical_isea4h,datasets[0].timings.units[0].workers[4],raster_worker,grid.geometry,1,0.000684,1.74792
round_2,optical_isea4h,datasets[0].timings.units[0].workers[4],raster_worker,minio.tile_stat,1,0.00651,1.74792
round_2,optical_isea4h,datasets[0].timings.units[0].workers[4],raster_worker,source.checksum,1,0.081989,1.74792
round_2,optical_isea4h,datasets[0].timings.units[0].workers[4],raster_worker,source.download,1,0.0,1.74792
round_2,optical_isea4h,datasets[0].timings.units[0].workers[4],raster_worker,entity.tile_mask,1,0.903034,1.74792
round_2,optical_isea4h,datasets[0].timings.units[0].workers[4],raster_worker,entity.tile_write,1,0.7411,1.74792
round_2,optical_isea4h,datasets[0].timings.units[0].workers[4],raster_worker,source.raster_open,1,0.001011,1.74792
round_2,optical_isea4h,datasets[0].timings.units[0].workers[4],raster_worker,entity.tile_checksum,1,0.00449,1.74792
round_2,optical_isea4h,datasets[0].timings.units[0].workers[4],raster_worker,grid.window_calculation,1,0.000194,1.74792
round_2,optical_isea4h,datasets[0].timings.units[0].workers[5],raster_worker,grid.cover,1,0.005734,1.663539
round_2,optical_isea4h,datasets[0].timings.units[0].workers[5],raster_worker,source.cache,1,0.000225,1.663539
round_2,optical_isea4h,datasets[0].timings.units[0].workers[5],raster_worker,grid.geometry,1,0.000729,1.663539
round_2,optical_isea4h,datasets[0].timings.units[0].workers[5],raster_worker,minio.tile_stat,1,0.007046,1.663539
round_2,optical_isea4h,datasets[0].timings.units[0].workers[5],raster_worker,source.checksum,1,0.070459,1.663539
round_2,optical_isea4h,datasets[0].timings.units[0].workers[5],raster_worker,source.download,1,0.0,1.663539
round_2,optical_isea4h,datasets[0].timings.units[0].workers[5],raster_worker,entity.tile_mask,1,0.825939,1.663539
round_2,optical_isea4h,datasets[0].timings.units[0].workers[5],raster_worker,entity.tile_write,1,0.747653,1.663539
round_2,optical_isea4h,datasets[0].timings.units[0].workers[5],raster_worker,source.raster_open,1,0.00097,1.663539
round_2,optical_isea4h,datasets[0].timings.units[0].workers[5],raster_worker,entity.tile_checksum,1,0.003431,1.663539
round_2,optical_isea4h,datasets[0].timings.units[0].workers[5],raster_worker,grid.window_calculation,1,0.000183,1.663539
round_2,optical_isea4h,datasets[0].timings.units[0].workers[6],raster_worker,grid.cover,1,0.010167,1.77791
round_2,optical_isea4h,datasets[0].timings.units[0].workers[6],raster_worker,source.cache,1,0.000239,1.77791
round_2,optical_isea4h,datasets[0].timings.units[0].workers[6],raster_worker,grid.geometry,1,0.000735,1.77791
round_2,optical_isea4h,datasets[0].timings.units[0].workers[6],raster_worker,minio.tile_stat,1,0.00653,1.77791
round_2,optical_isea4h,datasets[0].timings.units[0].workers[6],raster_worker,source.checksum,1,0.072526,1.77791
round_2,optical_isea4h,datasets[0].timings.units[0].workers[6],raster_worker,source.download,1,0.0,1.77791
round_2,optical_isea4h,datasets[0].timings.units[0].workers[6],raster_worker,entity.tile_mask,1,0.94011,1.77791
round_2,optical_isea4h,datasets[0].timings.units[0].workers[6],raster_worker,entity.tile_write,1,0.741982,1.77791
round_2,optical_isea4h,datasets[0].timings.units[0].workers[6],raster_worker,source.raster_open,1,0.000938,1.77791
round_2,optical_isea4h,datasets[0].timings.units[0].workers[6],raster_worker,entity.tile_checksum,1,0.003408,1.77791
round_2,optical_isea4h,datasets[0].timings.units[0].workers[6],raster_worker,grid.window_calculation,1,0.000196,1.77791
round_2,optical_isea4h,datasets[0].timings.units[0].workers[7],raster_worker,grid.cover,1,0.007576,2.026849
round_2,optical_isea4h,datasets[0].timings.units[0].workers[7],raster_worker,source.cache,1,0.000234,2.026849
round_2,optical_isea4h,datasets[0].timings.units[0].workers[7],raster_worker,grid.geometry,3,0.002977,2.026849
round_2,optical_isea4h,datasets[0].timings.units[0].workers[7],raster_worker,minio.tile_stat,3,0.016218,2.026849
round_2,optical_isea4h,datasets[0].timings.units[0].workers[7],raster_worker,source.checksum,1,0.032609,2.026849
round_2,optical_isea4h,datasets[0].timings.units[0].workers[7],raster_worker,source.download,1,0.0,2.026849
round_2,optical_isea4h,datasets[0].timings.units[0].workers[7],raster_worker,entity.tile_mask,3,0.938574,2.026849
round_2,optical_isea4h,datasets[0].timings.units[0].workers[7],raster_worker,entity.tile_write,3,0.975371,2.026849
round_2,optical_isea4h,datasets[0].timings.units[0].workers[7],raster_worker,minio.tile_upload,1,0.045721,2.026849
round_2,optical_isea4h,datasets[0].timings.units[0].workers[7],raster_worker,source.raster_open,1,0.000982,2.026849
round_2,optical_isea4h,datasets[0].timings.units[0].workers[7],raster_worker,entity.tile_checksum,3,0.003567,2.026849
round_2,optical_isea4h,datasets[0].timings.units[0].workers[7],raster_worker,grid.window_calculation,3,0.000667,2.026849
round_2,optical_isea4h,datasets[0].timings.units[0].workers[8],raster_worker,grid.cover,1,0.007055,2.049867
round_2,optical_isea4h,datasets[0].timings.units[0].workers[8],raster_worker,source.cache,1,0.000338,2.049867
round_2,optical_isea4h,datasets[0].timings.units[0].workers[8],raster_worker,grid.geometry,2,0.001897,2.049867
round_2,optical_isea4h,datasets[0].timings.units[0].workers[8],raster_worker,minio.tile_stat,2,0.011877,2.049867
round_2,optical_isea4h,datasets[0].timings.units[0].workers[8],raster_worker,source.checksum,1,0.075175,2.049867
round_2,optical_isea4h,datasets[0].timings.units[0].workers[8],raster_worker,source.download,1,0.0,2.049867
round_2,optical_isea4h,datasets[0].timings.units[0].workers[8],raster_worker,entity.tile_mask,2,1.017274,2.049867
round_2,optical_isea4h,datasets[0].timings.units[0].workers[8],raster_worker,entity.tile_write,2,0.867086,2.049867
round_2,optical_isea4h,datasets[0].timings.units[0].workers[8],raster_worker,minio.tile_upload,1,0.06238,2.049867
round_2,optical_isea4h,datasets[0].timings.units[0].workers[8],raster_worker,source.raster_open,1,0.000944,2.049867
round_2,optical_isea4h,datasets[0].timings.units[0].workers[8],raster_worker,entity.tile_checksum,2,0.003702,2.049867
round_2,optical_isea4h,datasets[0].timings.units[0].workers[8],raster_worker,grid.window_calculation,2,0.000459,2.049867
round_2,optical_isea4h,datasets[0].timings.units[0].workers[9],raster_worker,grid.cover,1,0.008303,1.640433
round_2,optical_isea4h,datasets[0].timings.units[0].workers[9],raster_worker,source.cache,1,0.000274,1.640433
round_2,optical_isea4h,datasets[0].timings.units[0].workers[9],raster_worker,grid.geometry,1,0.000689,1.640433
round_2,optical_isea4h,datasets[0].timings.units[0].workers[9],raster_worker,minio.tile_stat,1,0.00652,1.640433
round_2,optical_isea4h,datasets[0].timings.units[0].workers[9],raster_worker,source.checksum,1,0.04547,1.640433
round_2,optical_isea4h,datasets[0].timings.units[0].workers[9],raster_worker,source.download,1,0.0,1.640433
round_2,optical_isea4h,datasets[0].timings.units[0].workers[9],raster_worker,entity.tile_mask,1,0.832754,1.640433
round_2,optical_isea4h,datasets[0].timings.units[0].workers[9],raster_worker,entity.tile_write,1,0.740649,1.640433
round_2,optical_isea4h,datasets[0].timings.units[0].workers[9],raster_worker,source.raster_open,1,0.001021,1.640433
round_2,optical_isea4h,datasets[0].timings.units[0].workers[9],raster_worker,entity.tile_checksum,1,0.003425,1.640433
round_2,optical_isea4h,datasets[0].timings.units[0].workers[9],raster_worker,grid.window_calculation,1,0.000202,1.640433
round_2,optical_isea4h,datasets[0].timings.units[0].workers[10],raster_worker,grid.cover,1,0.009257,1.780975
round_2,optical_isea4h,datasets[0].timings.units[0].workers[10],raster_worker,source.cache,1,0.000244,1.780975
round_2,optical_isea4h,datasets[0].timings.units[0].workers[10],raster_worker,grid.geometry,1,0.000714,1.780975
round_2,optical_isea4h,datasets[0].timings.units[0].workers[10],raster_worker,minio.tile_stat,1,0.005947,1.780975
round_2,optical_isea4h,datasets[0].timings.units[0].workers[10],raster_worker,source.checksum,1,0.073119,1.780975
round_2,optical_isea4h,datasets[0].timings.units[0].workers[10],raster_worker,source.download,1,0.0,1.780975
round_2,optical_isea4h,datasets[0].timings.units[0].workers[10],raster_worker,entity.tile_mask,1,0.905269,1.780975
round_2,optical_isea4h,datasets[0].timings.units[0].workers[10],raster_worker,entity.tile_write,1,0.780755,1.780975
round_2,optical_isea4h,datasets[0].timings.units[0].workers[10],raster_worker,source.raster_open,1,0.000985,1.780975
round_2,optical_isea4h,datasets[0].timings.units[0].workers[10],raster_worker,entity.tile_checksum,1,0.003432,1.780975
round_2,optical_isea4h,datasets[0].timings.units[0].workers[10],raster_worker,grid.window_calculation,1,0.00019,1.780975
round_2,optical_isea4h,datasets[0].timings.units[0].workers[11],raster_worker,grid.cover,1,0.008069,1.779489
round_2,optical_isea4h,datasets[0].timings.units[0].workers[11],raster_worker,source.cache,1,0.000267,1.779489
round_2,optical_isea4h,datasets[0].timings.units[0].workers[11],raster_worker,grid.geometry,2,0.001693,1.779489
round_2,optical_isea4h,datasets[0].timings.units[0].workers[11],raster_worker,minio.tile_stat,2,0.012404,1.779489
round_2,optical_isea4h,datasets[0].timings.units[0].workers[11],raster_worker,source.checksum,1,0.031992,1.779489
round_2,optical_isea4h,datasets[0].timings.units[0].workers[11],raster_worker,source.download,1,0.0,1.779489
round_2,optical_isea4h,datasets[0].timings.units[0].workers[11],raster_worker,entity.tile_mask,2,0.866706,1.779489
round_2,optical_isea4h,datasets[0].timings.units[0].workers[11],raster_worker,entity.tile_write,2,0.851815,1.779489
round_2,optical_isea4h,datasets[0].timings.units[0].workers[11],raster_worker,source.raster_open,1,0.001009,1.779489
round_2,optical_isea4h,datasets[0].timings.units[0].workers[11],raster_worker,entity.tile_checksum,2,0.003538,1.779489
round_2,optical_isea4h,datasets[0].timings.units[0].workers[11],raster_worker,grid.window_calculation,2,0.000384,1.779489
round_2,optical_isea4h,datasets[0].timings.units[0].workers[12],raster_worker,grid.cover,1,0.005215,1.845307
round_2,optical_isea4h,datasets[0].timings.units[0].workers[12],raster_worker,source.cache,1,0.000246,1.845307
round_2,optical_isea4h,datasets[0].timings.units[0].workers[12],raster_worker,grid.geometry,2,0.001713,1.845307
round_2,optical_isea4h,datasets[0].timings.units[0].workers[12],raster_worker,minio.tile_stat,2,0.010874,1.845307
round_2,optical_isea4h,datasets[0].timings.units[0].workers[12],raster_worker,source.checksum,1,0.031986,1.845307
round_2,optical_isea4h,datasets[0].timings.units[0].workers[12],raster_worker,source.download,1,0.0,1.845307
round_2,optical_isea4h,datasets[0].timings.units[0].workers[12],raster_worker,entity.tile_mask,2,0.858169,1.845307
round_2,optical_isea4h,datasets[0].timings.units[0].workers[12],raster_worker,entity.tile_write,2,0.870996,1.845307
round_2,optical_isea4h,datasets[0].timings.units[0].workers[12],raster_worker,minio.tile_upload,1,0.05607,1.845307
round_2,optical_isea4h,datasets[0].timings.units[0].workers[12],raster_worker,source.raster_open,1,0.001021,1.845307
round_2,optical_isea4h,datasets[0].timings.units[0].workers[12],raster_worker,entity.tile_checksum,2,0.006904,1.845307
round_2,optical_isea4h,datasets[0].timings.units[0].workers[12],raster_worker,grid.window_calculation,2,0.000388,1.845307
round_2,optical_isea4h,datasets[0].timings.units[0].workers[13],raster_worker,grid.cover,1,0.006108,2.177716
round_2,optical_isea4h,datasets[0].timings.units[0].workers[13],raster_worker,source.cache,1,0.000225,2.177716
round_2,optical_isea4h,datasets[0].timings.units[0].workers[13],raster_worker,grid.geometry,3,0.00278,2.177716
round_2,optical_isea4h,datasets[0].timings.units[0].workers[13],raster_worker,minio.tile_stat,3,0.02741,2.177716
round_2,optical_isea4h,datasets[0].timings.units[0].workers[13],raster_worker,source.checksum,1,0.070354,2.177716
round_2,optical_isea4h,datasets[0].timings.units[0].workers[13],raster_worker,source.download,1,0.0,2.177716
round_2,optical_isea4h,datasets[0].timings.units[0].workers[13],raster_worker,entity.tile_mask,3,1.034403,2.177716
round_2,optical_isea4h,datasets[0].timings.units[0].workers[13],raster_worker,entity.tile_write,3,1.027825,2.177716
round_2,optical_isea4h,datasets[0].timings.units[0].workers[13],raster_worker,source.raster_open,1,0.000961,2.177716
round_2,optical_isea4h,datasets[0].timings.units[0].workers[13],raster_worker,entity.tile_checksum,3,0.004878,2.177716
round_2,optical_isea4h,datasets[0].timings.units[0].workers[13],raster_worker,grid.window_calculation,3,0.00063,2.177716
round_2,optical_isea4h,datasets[0].timings.units[0].workers[14],raster_worker,grid.cover,1,0.006281,1.949652
round_2,optical_isea4h,datasets[0].timings.units[0].workers[14],raster_worker,source.cache,1,0.000272,1.949652
round_2,optical_isea4h,datasets[0].timings.units[0].workers[14],raster_worker,grid.geometry,3,0.002783,1.949652
round_2,optical_isea4h,datasets[0].timings.units[0].workers[14],raster_worker,minio.tile_stat,3,0.016016,1.949652
round_2,optical_isea4h,datasets[0].timings.units[0].workers[14],raster_worker,source.checksum,1,0.03278,1.949652
round_2,optical_isea4h,datasets[0].timings.units[0].workers[14],raster_worker,source.download,1,0.0,1.949652
round_2,optical_isea4h,datasets[0].timings.units[0].workers[14],raster_worker,entity.tile_mask,3,0.931619,1.949652
round_2,optical_isea4h,datasets[0].timings.units[0].workers[14],raster_worker,entity.tile_write,3,0.95146,1.949652
round_2,optical_isea4h,datasets[0].timings.units[0].workers[14],raster_worker,source.raster_open,1,0.001096,1.949652
round_2,optical_isea4h,datasets[0].timings.units[0].workers[14],raster_worker,entity.tile_checksum,3,0.004673,1.949652
round_2,optical_isea4h,datasets[0].timings.units[0].workers[14],raster_worker,grid.window_calculation,3,0.000584,1.949652
round_2,optical_isea4h,datasets[0].timings.units[0].workers[15],raster_worker,grid.cover,1,0.007299,2.017876
round_2,optical_isea4h,datasets[0].timings.units[0].workers[15],raster_worker,source.cache,1,0.000246,2.017876
round_2,optical_isea4h,datasets[0].timings.units[0].workers[15],raster_worker,grid.geometry,3,0.002934,2.017876
round_2,optical_isea4h,datasets[0].timings.units[0].workers[15],raster_worker,minio.tile_stat,3,0.01441,2.017876
round_2,optical_isea4h,datasets[0].timings.units[0].workers[15],raster_worker,source.checksum,1,0.076964,2.017876
round_2,optical_isea4h,datasets[0].timings.units[0].workers[15],raster_worker,source.download,1,0.0,2.017876
round_2,optical_isea4h,datasets[0].timings.units[0].workers[15],raster_worker,entity.tile_mask,3,0.970125,2.017876
round_2,optical_isea4h,datasets[0].timings.units[0].workers[15],raster_worker,entity.tile_write,3,0.937497,2.017876
round_2,optical_isea4h,datasets[0].timings.units[0].workers[15],raster_worker,source.raster_open,1,0.001,2.017876
round_2,optical_isea4h,datasets[0].timings.units[0].workers[15],raster_worker,entity.tile_checksum,3,0.004651,2.017876
round_2,optical_isea4h,datasets[0].timings.units[0].workers[15],raster_worker,grid.window_calculation,3,0.000621,2.017876
round_2,optical_isea4h,datasets[0].timings.units[0].source_preflight,source_preflight,minio.stat,1,0.152343,22.065498
round_2,optical_isea4h,datasets[0].timings.units[1].driver,raster_driver,ray.wait,43,31.486552,31.5806
round_2,optical_isea4h,datasets[0].timings.units[1].driver,raster_driver,ray.result_get,16,0.005439,31.5806
round_2,optical_isea4h,datasets[0].timings.units[1].driver,raster_driver,ray.task_submit,16,0.016849,31.5806
round_2,optical_isea4h,datasets[0].timings.units[1].driver,raster_driver,driver.result_merge,16,0.000129,31.5806
round_2,optical_isea4h,datasets[0].timings.units[1].workers[0],raster_worker,grid.cover,1,0.007207,1.592057
round_2,optical_isea4h,datasets[0].timings.units[1].workers[0],raster_worker,source.cache,1,0.000217,1.592057
round_2,optical_isea4h,datasets[0].timings.units[1].workers[0],raster_worker,grid.geometry,1,0.000682,1.592057
round_2,optical_isea4h,datasets[0].timings.units[1].workers[0],raster_worker,minio.tile_stat,1,0.007078,1.592057
round_2,optical_isea4h,datasets[0].timings.units[1].workers[0],raster_worker,source.checksum,1,0.033626,1.592057
round_2,optical_isea4h,datasets[0].timings.units[1].workers[0],raster_worker,source.download,1,0.0,1.592057
round_2,optical_isea4h,datasets[0].timings.units[1].workers[0],raster_worker,entity.tile_mask,1,0.861232,1.592057
round_2,optical_isea4h,datasets[0].timings.units[1].workers[0],raster_worker,entity.tile_write,1,0.602902,1.592057
round_2,optical_isea4h,datasets[0].timings.units[1].workers[0],raster_worker,minio.tile_upload,1,0.073226,1.592057
round_2,optical_isea4h,datasets[0].timings.units[1].workers[0],raster_worker,source.raster_open,1,0.00097,1.592057
round_2,optical_isea4h,datasets[0].timings.units[1].workers[0],raster_worker,entity.tile_checksum,1,0.003585,1.592057
round_2,optical_isea4h,datasets[0].timings.units[1].workers[0],raster_worker,grid.window_calculation,1,0.000185,1.592057
round_2,optical_isea4h,datasets[0].timings.units[1].workers[1],raster_worker,grid.cover,1,0.004488,1.607767
round_2,optical_isea4h,datasets[0].timings.units[1].workers[1],raster_worker,source.cache,1,0.000216,1.607767
round_2,optical_isea4h,datasets[0].timings.units[1].workers[1],raster_worker,grid.geometry,1,0.00068,1.607767
round_2,optical_isea4h,datasets[0].timings.units[1].workers[1],raster_worker,minio.tile_stat,1,0.012421,1.607767
round_2,optical_isea4h,datasets[0].timings.units[1].workers[1],raster_worker,source.checksum,1,0.117969,1.607767
round_2,optical_isea4h,datasets[0].timings.units[1].workers[1],raster_worker,source.download,1,0.0,1.607767
round_2,optical_isea4h,datasets[0].timings.units[1].workers[1],raster_worker,entity.tile_mask,1,0.886456,1.607767
round_2,optical_isea4h,datasets[0].timings.units[1].workers[1],raster_worker,entity.tile_write,1,0.580372,1.607767
round_2,optical_isea4h,datasets[0].timings.units[1].workers[1],raster_worker,source.raster_open,1,0.000965,1.607767
round_2,optical_isea4h,datasets[0].timings.units[1].workers[1],raster_worker,entity.tile_checksum,1,0.002897,1.607767
round_2,optical_isea4h,datasets[0].timings.units[1].workers[1],raster_worker,grid.window_calculation,1,0.000186,1.607767
round_2,optical_isea4h,datasets[0].timings.units[1].workers[2],raster_worker,grid.cover,1,0.005769,1.677511
round_2,optical_isea4h,datasets[0].timings.units[1].workers[2],raster_worker,source.cache,1,0.000201,1.677511
round_2,optical_isea4h,datasets[0].timings.units[1].workers[2],raster_worker,grid.geometry,1,0.000694,1.677511
round_2,optical_isea4h,datasets[0].timings.units[1].workers[2],raster_worker,minio.tile_stat,1,0.0071,1.677511
round_2,optical_isea4h,datasets[0].timings.units[1].workers[2],raster_worker,source.checksum,1,0.077569,1.677511
round_2,optical_isea4h,datasets[0].timings.units[1].workers[2],raster_worker,source.download,1,0.0,1.677511
round_2,optical_isea4h,datasets[0].timings.units[1].workers[2],raster_worker,entity.tile_mask,1,0.96385,1.677511
round_2,optical_isea4h,datasets[0].timings.units[1].workers[2],raster_worker,entity.tile_write,1,0.617898,1.677511
round_2,optical_isea4h,datasets[0].timings.units[1].workers[2],raster_worker,source.raster_open,1,0.001015,1.677511
round_2,optical_isea4h,datasets[0].timings.units[1].workers[2],raster_worker,entity.tile_checksum,1,0.002128,1.677511
round_2,optical_isea4h,datasets[0].timings.units[1].workers[2],raster_worker,grid.window_calculation,1,0.000174,1.677511
round_2,optical_isea4h,datasets[0].timings.units[1].workers[3],raster_worker,grid.cover,1,0.005949,1.757205
round_2,optical_isea4h,datasets[0].timings.units[1].workers[3],raster_worker,source.cache,1,0.000235,1.757205
round_2,optical_isea4h,datasets[0].timings.units[1].workers[3],raster_worker,grid.geometry,2,0.001741,1.757205
round_2,optical_isea4h,datasets[0].timings.units[1].workers[3],raster_worker,minio.tile_stat,2,0.027512,1.757205
round_2,optical_isea4h,datasets[0].timings.units[1].workers[3],raster_worker,source.checksum,1,0.046174,1.757205
round_2,optical_isea4h,datasets[0].timings.units[1].workers[3],raster_worker,source.download,1,0.0,1.757205
round_2,optical_isea4h,datasets[0].timings.units[1].workers[3],raster_worker,entity.tile_mask,2,0.932193,1.757205
round_2,optical_isea4h,datasets[0].timings.units[1].workers[3],raster_worker,entity.tile_write,2,0.694624,1.757205
round_2,optical_isea4h,datasets[0].timings.units[1].workers[3],raster_worker,minio.tile_upload,1,0.035142,1.757205
round_2,optical_isea4h,datasets[0].timings.units[1].workers[3],raster_worker,source.raster_open,1,0.001438,1.757205
round_2,optical_isea4h,datasets[0].timings.units[1].workers[3],raster_worker,entity.tile_checksum,2,0.009911,1.757205
round_2,optical_isea4h,datasets[0].timings.units[1].workers[3],raster_worker,grid.window_calculation,2,0.00041,1.757205
round_2,optical_isea4h,datasets[0].timings.units[1].workers[4],raster_worker,grid.cover,1,0.007281,1.512481
round_2,optical_isea4h,datasets[0].timings.units[1].workers[4],raster_worker,source.cache,1,0.000216,1.512481
round_2,optical_isea4h,datasets[0].timings.units[1].workers[4],raster_worker,grid.geometry,1,0.000707,1.512481
round_2,optical_isea4h,datasets[0].timings.units[1].workers[4],raster_worker,minio.tile_stat,1,0.006799,1.512481
round_2,optical_isea4h,datasets[0].timings.units[1].workers[4],raster_worker,source.checksum,1,0.066251,1.512481
round_2,optical_isea4h,datasets[0].timings.units[1].workers[4],raster_worker,source.download,1,0.0,1.512481
round_2,optical_isea4h,datasets[0].timings.units[1].workers[4],raster_worker,entity.tile_mask,1,0.838605,1.512481
round_2,optical_isea4h,datasets[0].timings.units[1].workers[4],raster_worker,entity.tile_write,1,0.588284,1.512481
round_2,optical_isea4h,datasets[0].timings.units[1].workers[4],raster_worker,source.raster_open,1,0.000957,1.512481
round_2,optical_isea4h,datasets[0].timings.units[1].workers[4],raster_worker,entity.tile_checksum,1,0.002142,1.512481
round_2,optical_isea4h,datasets[0].timings.units[1].workers[4],raster_worker,grid.window_calculation,1,0.000174,1.512481
round_2,optical_isea4h,datasets[0].timings.units[1].workers[5],raster_worker,grid.cover,1,0.005891,1.451403
round_2,optical_isea4h,datasets[0].timings.units[1].workers[5],raster_worker,source.cache,1,0.000186,1.451403
round_2,optical_isea4h,datasets[0].timings.units[1].workers[5],raster_worker,grid.geometry,1,0.000663,1.451403
round_2,optical_isea4h,datasets[0].timings.units[1].workers[5],raster_worker,minio.tile_stat,1,0.006316,1.451403
round_2,optical_isea4h,datasets[0].timings.units[1].workers[5],raster_worker,source.checksum,1,0.031279,1.451403
round_2,optical_isea4h,datasets[0].timings.units[1].workers[5],raster_worker,source.download,1,0.0,1.451403
round_2,optical_isea4h,datasets[0].timings.units[1].workers[5],raster_worker,entity.tile_mask,1,0.839077,1.451403
round_2,optical_isea4h,datasets[0].timings.units[1].workers[5],raster_worker,entity.tile_write,1,0.563762,1.451403
round_2,optical_isea4h,datasets[0].timings.units[1].workers[5],raster_worker,source.raster_open,1,0.000938,1.451403
round_2,optical_isea4h,datasets[0].timings.units[1].workers[5],raster_worker,entity.tile_checksum,1,0.002112,1.451403
round_2,optical_isea4h,datasets[0].timings.units[1].workers[5],raster_worker,grid.window_calculation,1,0.000171,1.451403
round_2,optical_isea4h,datasets[0].timings.units[1].workers[6],raster_worker,grid.cover,1,4.675426,6.3083
round_2,optical_isea4h,datasets[0].timings.units[1].workers[6],raster_worker,source.cache,1,0.098711,6.3083
round_2,optical_isea4h,datasets[0].timings.units[1].workers[6],raster_worker,grid.geometry,1,0.000759,6.3083
round_2,optical_isea4h,datasets[0].timings.units[1].workers[6],raster_worker,minio.tile_stat,1,0.00416,6.3083
round_2,optical_isea4h,datasets[0].timings.units[1].workers[6],raster_worker,source.checksum,1,0.051568,6.3083
round_2,optical_isea4h,datasets[0].timings.units[1].workers[6],raster_worker,source.download,1,0.098181,6.3083
round_2,optical_isea4h,datasets[0].timings.units[1].workers[6],raster_worker,entity.tile_mask,1,0.861358,6.3083
round_2,optical_isea4h,datasets[0].timings.units[1].workers[6],raster_worker,entity.tile_write,1,0.599494,6.3083
round_2,optical_isea4h,datasets[0].timings.units[1].workers[6],raster_worker,source.raster_open,1,0.012812,6.3083
round_2,optical_isea4h,datasets[0].timings.units[1].workers[6],raster_worker,entity.tile_checksum,1,0.002149,6.3083
round_2,optical_isea4h,datasets[0].timings.units[1].workers[6],raster_worker,grid.window_calculation,1,0.000281,6.3083
round_2,optical_isea4h,datasets[0].timings.units[1].workers[7],raster_worker,grid.cover,1,4.63975,6.703038
round_2,optical_isea4h,datasets[0].timings.units[1].workers[7],raster_worker,source.cache,1,0.092392,6.703038
round_2,optical_isea4h,datasets[0].timings.units[1].workers[7],raster_worker,grid.geometry,3,0.002978,6.703038
round_2,optical_isea4h,datasets[0].timings.units[1].workers[7],raster_worker,minio.tile_stat,3,0.015459,6.703038
round_2,optical_isea4h,datasets[0].timings.units[1].workers[7],raster_worker,source.checksum,1,0.044736,6.703038
round_2,optical_isea4h,datasets[0].timings.units[1].workers[7],raster_worker,source.download,1,0.09185,6.703038
round_2,optical_isea4h,datasets[0].timings.units[1].workers[7],raster_worker,entity.tile_mask,3,1.01835,6.703038
round_2,optical_isea4h,datasets[0].timings.units[1].workers[7],raster_worker,entity.tile_write,3,0.822256,6.703038
round_2,optical_isea4h,datasets[0].timings.units[1].workers[7],raster_worker,minio.tile_upload,1,0.051751,6.703038
round_2,optical_isea4h,datasets[0].timings.units[1].workers[7],raster_worker,source.raster_open,1,0.008971,6.703038
round_2,optical_isea4h,datasets[0].timings.units[1].workers[7],raster_worker,entity.tile_checksum,3,0.00301,6.703038
round_2,optical_isea4h,datasets[0].timings.units[1].workers[7],raster_worker,grid.window_calculation,3,0.000857,6.703038
round_2,optical_isea4h,datasets[0].timings.units[1].workers[8],raster_worker,grid.cover,1,4.55765,6.414228
round_2,optical_isea4h,datasets[0].timings.units[1].workers[8],raster_worker,source.cache,1,0.095714,6.414228
round_2,optical_isea4h,datasets[0].timings.units[1].workers[8],raster_worker,grid.geometry,2,0.001837,6.414228
round_2,optical_isea4h,datasets[0].timings.units[1].workers[8],raster_worker,minio.tile_stat,2,0.008192,6.414228
round_2,optical_isea4h,datasets[0].timings.units[1].workers[8],raster_worker,source.checksum,1,0.044619,6.414228
round_2,optical_isea4h,datasets[0].timings.units[1].workers[8],raster_worker,source.download,1,0.095193,6.414228
round_2,optical_isea4h,datasets[0].timings.units[1].workers[8],raster_worker,entity.tile_mask,2,0.932036,6.414228
round_2,optical_isea4h,datasets[0].timings.units[1].workers[8],raster_worker,entity.tile_write,2,0.707382,6.414228
round_2,optical_isea4h,datasets[0].timings.units[1].workers[8],raster_worker,minio.tile_upload,1,0.053572,6.414228
round_2,optical_isea4h,datasets[0].timings.units[1].workers[8],raster_worker,source.raster_open,1,0.008655,6.414228
round_2,optical_isea4h,datasets[0].timings.units[1].workers[8],raster_worker,entity.tile_checksum,2,0.002336,6.414228
round_2,optical_isea4h,datasets[0].timings.units[1].workers[8],raster_worker,grid.window_calculation,2,0.000507,6.414228
round_2,optical_isea4h,datasets[0].timings.units[1].workers[9],raster_worker,grid.cover,1,4.562723,6.191529
round_2,optical_isea4h,datasets[0].timings.units[1].workers[9],raster_worker,source.cache,1,0.105811,6.191529
round_2,optical_isea4h,datasets[0].timings.units[1].workers[9],raster_worker,grid.geometry,1,0.000767,6.191529
round_2,optical_isea4h,datasets[0].timings.units[1].workers[9],raster_worker,minio.tile_stat,1,0.004279,6.191529
round_2,optical_isea4h,datasets[0].timings.units[1].workers[9],raster_worker,source.checksum,1,0.044347,6.191529
round_2,optical_isea4h,datasets[0].timings.units[1].workers[9],raster_worker,source.download,1,0.105281,6.191529
round_2,optical_isea4h,datasets[0].timings.units[1].workers[9],raster_worker,entity.tile_mask,1,0.863997,6.191529
round_2,optical_isea4h,datasets[0].timings.units[1].workers[9],raster_worker,entity.tile_write,1,0.59578,6.191529
round_2,optical_isea4h,datasets[0].timings.units[1].workers[9],raster_worker,source.raster_open,1,0.009859,6.191529
round_2,optical_isea4h,datasets[0].timings.units[1].workers[9],raster_worker,entity.tile_checksum,1,0.002134,6.191529
round_2,optical_isea4h,datasets[0].timings.units[1].workers[9],raster_worker,grid.window_calculation,1,0.00031,6.191529
round_2,optical_isea4h,datasets[0].timings.units[1].workers[10],raster_worker,grid.cover,1,4.54197,6.363
round_2,optical_isea4h,datasets[0].timings.units[1].workers[10],raster_worker,source.cache,1,0.116908,6.363
round_2,optical_isea4h,datasets[0].timings.units[1].workers[10],raster_worker,grid.geometry,2,0.001791,6.363
round_2,optical_isea4h,datasets[0].timings.units[1].workers[10],raster_worker,minio.tile_stat,2,0.010218,6.363
round_2,optical_isea4h,datasets[0].timings.units[1].workers[10],raster_worker,source.checksum,1,0.044071,6.363
round_2,optical_isea4h,datasets[0].timings.units[1].workers[10],raster_worker,source.download,1,0.116319,6.363
round_2,optical_isea4h,datasets[0].timings.units[1].workers[10],raster_worker,entity.tile_mask,2,0.936277,6.363
round_2,optical_isea4h,datasets[0].timings.units[1].workers[10],raster_worker,entity.tile_write,2,0.697134,6.363
round_2,optical_isea4h,datasets[0].timings.units[1].workers[10],raster_worker,source.raster_open,1,0.009217,6.363
round_2,optical_isea4h,datasets[0].timings.units[1].workers[10],raster_worker,entity.tile_checksum,2,0.002855,6.363
round_2,optical_isea4h,datasets[0].timings.units[1].workers[10],raster_worker,grid.window_calculation,2,0.000543,6.363
round_2,optical_isea4h,datasets[0].timings.units[1].workers[11],raster_worker,grid.cover,1,4.777218,6.457829
round_2,optical_isea4h,datasets[0].timings.units[1].workers[11],raster_worker,source.cache,1,0.11697,6.457829
round_2,optical_isea4h,datasets[0].timings.units[1].workers[11],raster_worker,grid.geometry,1,0.000826,6.457829
round_2,optical_isea4h,datasets[0].timings.units[1].workers[11],raster_worker,minio.tile_stat,1,0.004671,6.457829
round_2,optical_isea4h,datasets[0].timings.units[1].workers[11],raster_worker,source.checksum,1,0.045322,6.457829
round_2,optical_isea4h,datasets[0].timings.units[1].workers[11],raster_worker,source.download,1,0.116343,6.457829
round_2,optical_isea4h,datasets[0].timings.units[1].workers[11],raster_worker,entity.tile_mask,1,0.916435,6.457829
round_2,optical_isea4h,datasets[0].timings.units[1].workers[11],raster_worker,entity.tile_write,1,0.583553,6.457829
round_2,optical_isea4h,datasets[0].timings.units[1].workers[11],raster_worker,source.raster_open,1,0.008931,6.457829
round_2,optical_isea4h,datasets[0].timings.units[1].workers[11],raster_worker,entity.tile_checksum,1,0.00213,6.457829
round_2,optical_isea4h,datasets[0].timings.units[1].workers[11],raster_worker,grid.window_calculation,1,0.000297,6.457829
round_2,optical_isea4h,datasets[0].timings.units[1].workers[12],raster_worker,grid.cover,1,4.735663,6.730698
round_2,optical_isea4h,datasets[0].timings.units[1].workers[12],raster_worker,source.cache,1,0.184802,6.730698
round_2,optical_isea4h,datasets[0].timings.units[1].workers[12],raster_worker,grid.geometry,2,0.00184,6.730698
round_2,optical_isea4h,datasets[0].timings.units[1].workers[12],raster_worker,minio.tile_stat,2,0.008974,6.730698
round_2,optical_isea4h,datasets[0].timings.units[1].workers[12],raster_worker,source.checksum,1,0.044418,6.730698
round_2,optical_isea4h,datasets[0].timings.units[1].workers[12],raster_worker,source.download,1,0.184256,6.730698
round_2,optical_isea4h,datasets[0].timings.units[1].workers[12],raster_worker,entity.tile_mask,2,0.944081,6.730698
round_2,optical_isea4h,datasets[0].timings.units[1].workers[12],raster_worker,entity.tile_write,2,0.73612,6.730698
round_2,optical_isea4h,datasets[0].timings.units[1].workers[12],raster_worker,minio.tile_upload,1,0.058755,6.730698
round_2,optical_isea4h,datasets[0].timings.units[1].workers[12],raster_worker,source.raster_open,1,0.009348,6.730698
round_2,optical_isea4h,datasets[0].timings.units[1].workers[12],raster_worker,entity.tile_checksum,2,0.004036,6.730698
round_2,optical_isea4h,datasets[0].timings.units[1].workers[12],raster_worker,grid.window_calculation,2,0.000546,6.730698
round_2,optical_isea4h,datasets[0].timings.units[1].workers[13],raster_worker,grid.cover,1,4.794186,6.913295
round_2,optical_isea4h,datasets[0].timings.units[1].workers[13],raster_worker,source.cache,1,0.202147,6.913295
round_2,optical_isea4h,datasets[0].timings.units[1].workers[13],raster_worker,grid.geometry,3,0.00283,6.913295
round_2,optical_isea4h,datasets[0].timings.units[1].workers[13],raster_worker,minio.tile_stat,3,0.013169,6.913295
round_2,optical_isea4h,datasets[0].timings.units[1].workers[13],raster_worker,source.checksum,1,0.044711,6.913295
round_2,optical_isea4h,datasets[0].timings.units[1].workers[13],raster_worker,source.download,1,0.201622,6.913295
round_2,optical_isea4h,datasets[0].timings.units[1].workers[13],raster_worker,entity.tile_mask,3,1.015186,6.913295
round_2,optical_isea4h,datasets[0].timings.units[1].workers[13],raster_worker,entity.tile_write,3,0.823235,6.913295
round_2,optical_isea4h,datasets[0].timings.units[1].workers[13],raster_worker,source.raster_open,1,0.008974,6.913295
round_2,optical_isea4h,datasets[0].timings.units[1].workers[13],raster_worker,entity.tile_checksum,3,0.005566,6.913295
round_2,optical_isea4h,datasets[0].timings.units[1].workers[13],raster_worker,grid.window_calculation,3,0.000792,6.913295
round_2,optical_isea4h,datasets[0].timings.units[1].workers[14],raster_worker,grid.cover,1,4.880098,6.97493
round_2,optical_isea4h,datasets[0].timings.units[1].workers[14],raster_worker,source.cache,1,0.198397,6.97493
round_2,optical_isea4h,datasets[0].timings.units[1].workers[14],raster_worker,grid.geometry,3,0.003293,6.97493
round_2,optical_isea4h,datasets[0].timings.units[1].workers[14],raster_worker,minio.tile_stat,3,0.0131,6.97493
round_2,optical_isea4h,datasets[0].timings.units[1].workers[14],raster_worker,source.checksum,1,0.045897,6.97493
round_2,optical_isea4h,datasets[0].timings.units[1].workers[14],raster_worker,source.download,1,0.197876,6.97493
round_2,optical_isea4h,datasets[0].timings.units[1].workers[14],raster_worker,entity.tile_mask,3,1.047138,6.97493
round_2,optical_isea4h,datasets[0].timings.units[1].workers[14],raster_worker,entity.tile_write,3,0.769561,6.97493
round_2,optical_isea4h,datasets[0].timings.units[1].workers[14],raster_worker,source.raster_open,1,0.008856,6.97493
round_2,optical_isea4h,datasets[0].timings.units[1].workers[14],raster_worker,entity.tile_checksum,3,0.004665,6.97493
round_2,optical_isea4h,datasets[0].timings.units[1].workers[14],raster_worker,grid.window_calculation,3,0.000961,6.97493
round_2,optical_isea4h,datasets[0].timings.units[1].workers[15],raster_worker,grid.cover,1,4.962228,7.056625
round_2,optical_isea4h,datasets[0].timings.units[1].workers[15],raster_worker,source.cache,1,0.202946,7.056625
round_2,optical_isea4h,datasets[0].timings.units[1].workers[15],raster_worker,grid.geometry,3,0.002962,7.056625
round_2,optical_isea4h,datasets[0].timings.units[1].workers[15],raster_worker,minio.tile_stat,3,0.014256,7.056625
round_2,optical_isea4h,datasets[0].timings.units[1].workers[15],raster_worker,source.checksum,1,0.044995,7.056625
round_2,optical_isea4h,datasets[0].timings.units[1].workers[15],raster_worker,source.download,1,0.202378,7.056625
round_2,optical_isea4h,datasets[0].timings.units[1].workers[15],raster_worker,entity.tile_mask,3,1.02401,7.056625
round_2,optical_isea4h,datasets[0].timings.units[1].workers[15],raster_worker,entity.tile_write,3,0.788942,7.056625
round_2,optical_isea4h,datasets[0].timings.units[1].workers[15],raster_worker,source.raster_open,1,0.008801,7.056625
round_2,optical_isea4h,datasets[0].timings.units[1].workers[15],raster_worker,entity.tile_checksum,3,0.004255,7.056625
round_2,optical_isea4h,datasets[0].timings.units[1].workers[15],raster_worker,grid.window_calculation,3,0.000775,7.056625
round_2,optical_isea4h,datasets[0].timings.units[1].source_preflight,source_preflight,minio.stat,1,0.00675,31.587607
round_2,optical_isea4h,datasets[0].timings.units[2].driver,raster_driver,ray.wait,22,8.770259,8.82042
round_2,optical_isea4h,datasets[0].timings.units[2].driver,raster_driver,ray.result_get,16,0.005007,8.82042
round_2,optical_isea4h,datasets[0].timings.units[2].driver,raster_driver,ray.task_submit,16,0.015719,8.82042
round_2,optical_isea4h,datasets[0].timings.units[2].driver,raster_driver,driver.result_merge,16,0.000133,8.82042
round_2,optical_isea4h,datasets[0].timings.units[2].workers[0],raster_worker,grid.cover,1,0.008982,1.550019
round_2,optical_isea4h,datasets[0].timings.units[2].workers[0],raster_worker,source.cache,1,0.000339,1.550019
round_2,optical_isea4h,datasets[0].timings.units[2].workers[0],raster_worker,grid.geometry,1,0.00091,1.550019
round_2,optical_isea4h,datasets[0].timings.units[2].workers[0],raster_worker,minio.tile_stat,1,0.008153,1.550019
round_2,optical_isea4h,datasets[0].timings.units[2].workers[0],raster_worker,source.checksum,1,0.036562,1.550019
round_2,optical_isea4h,datasets[0].timings.units[2].workers[0],raster_worker,source.download,1,0.0,1.550019
round_2,optical_isea4h,datasets[0].timings.units[2].workers[0],raster_worker,entity.tile_mask,1,0.834541,1.550019
round_2,optical_isea4h,datasets[0].timings.units[2].workers[0],raster_worker,entity.tile_write,1,0.578861,1.550019
round_2,optical_isea4h,datasets[0].timings.units[2].workers[0],raster_worker,minio.tile_upload,1,0.07748,1.550019
round_2,optical_isea4h,datasets[0].timings.units[2].workers[0],raster_worker,source.raster_open,1,0.000888,1.550019
round_2,optical_isea4h,datasets[0].timings.units[2].workers[0],raster_worker,entity.tile_checksum,1,0.001776,1.550019
round_2,optical_isea4h,datasets[0].timings.units[2].workers[0],raster_worker,grid.window_calculation,1,0.000243,1.550019
round_2,optical_isea4h,datasets[0].timings.units[2].workers[1],raster_worker,grid.cover,1,0.00858,1.597374
round_2,optical_isea4h,datasets[0].timings.units[2].workers[1],raster_worker,source.cache,1,0.000399,1.597374
round_2,optical_isea4h,datasets[0].timings.units[2].workers[1],raster_worker,grid.geometry,1,0.000983,1.597374
round_2,optical_isea4h,datasets[0].timings.units[2].workers[1],raster_worker,minio.tile_stat,1,0.011042,1.597374
round_2,optical_isea4h,datasets[0].timings.units[2].workers[1],raster_worker,source.checksum,1,0.036852,1.597374
round_2,optical_isea4h,datasets[0].timings.units[2].workers[1],raster_worker,source.download,1,0.0,1.597374
round_2,optical_isea4h,datasets[0].timings.units[2].workers[1],raster_worker,entity.tile_mask,1,0.848612,1.597374
round_2,optical_isea4h,datasets[0].timings.units[2].workers[1],raster_worker,entity.tile_write,1,0.578013,1.597374
round_2,optical_isea4h,datasets[0].timings.units[2].workers[1],raster_worker,minio.tile_upload,1,0.108301,1.597374
round_2,optical_isea4h,datasets[0].timings.units[2].workers[1],raster_worker,source.raster_open,1,0.001092,1.597374
round_2,optical_isea4h,datasets[0].timings.units[2].workers[1],raster_worker,entity.tile_checksum,1,0.0018,1.597374
round_2,optical_isea4h,datasets[0].timings.units[2].workers[1],raster_worker,grid.window_calculation,1,0.000284,1.597374
round_2,optical_isea4h,datasets[0].timings.units[2].workers[2],raster_worker,grid.cover,1,0.009822,1.601762
round_2,optical_isea4h,datasets[0].timings.units[2].workers[2],raster_worker,source.cache,1,0.000401,1.601762
round_2,optical_isea4h,datasets[0].timings.units[2].workers[2],raster_worker,grid.geometry,1,0.001022,1.601762
round_2,optical_isea4h,datasets[0].timings.units[2].workers[2],raster_worker,minio.tile_stat,1,0.073404,1.601762
round_2,optical_isea4h,datasets[0].timings.units[2].workers[2],raster_worker,source.checksum,1,0.105262,1.601762
round_2,optical_isea4h,datasets[0].timings.units[2].workers[2],raster_worker,source.download,1,0.0,1.601762
round_2,optical_isea4h,datasets[0].timings.units[2].workers[2],raster_worker,entity.tile_mask,1,0.829881,1.601762
round_2,optical_isea4h,datasets[0].timings.units[2].workers[2],raster_worker,entity.tile_write,1,0.577304,1.601762
round_2,optical_isea4h,datasets[0].timings.units[2].workers[2],raster_worker,source.raster_open,1,0.001197,1.601762
round_2,optical_isea4h,datasets[0].timings.units[2].workers[2],raster_worker,entity.tile_checksum,1,0.001777,1.601762
round_2,optical_isea4h,datasets[0].timings.units[2].workers[2],raster_worker,grid.window_calculation,1,0.000253,1.601762
round_2,optical_isea4h,datasets[0].timings.units[2].workers[3],raster_worker,grid.cover,1,0.007934,1.687752
round_2,optical_isea4h,datasets[0].timings.units[2].workers[3],raster_worker,source.cache,1,0.000394,1.687752
round_2,optical_isea4h,datasets[0].timings.units[2].workers[3],raster_worker,grid.geometry,1,0.000899,1.687752
round_2,optical_isea4h,datasets[0].timings.units[2].workers[3],raster_worker,minio.tile_stat,1,0.007134,1.687752
round_2,optical_isea4h,datasets[0].timings.units[2].workers[3],raster_worker,source.checksum,1,0.036262,1.687752
round_2,optical_isea4h,datasets[0].timings.units[2].workers[3],raster_worker,source.download,1,0.0,1.687752
round_2,optical_isea4h,datasets[0].timings.units[2].workers[3],raster_worker,entity.tile_mask,1,0.832855,1.687752
round_2,optical_isea4h,datasets[0].timings.units[2].workers[3],raster_worker,entity.tile_write,1,0.560992,1.687752
round_2,optical_isea4h,datasets[0].timings.units[2].workers[3],raster_worker,minio.tile_upload,1,0.236755,1.687752
round_2,optical_isea4h,datasets[0].timings.units[2].workers[3],raster_worker,source.raster_open,1,0.001092,1.687752
round_2,optical_isea4h,datasets[0].timings.units[2].workers[3],raster_worker,entity.tile_checksum,1,0.001791,1.687752
round_2,optical_isea4h,datasets[0].timings.units[2].workers[3],raster_worker,grid.window_calculation,1,0.000242,1.687752
round_2,optical_isea4h,datasets[0].timings.units[2].workers[4],raster_worker,grid.cover,1,0.00912,1.754567
round_2,optical_isea4h,datasets[0].timings.units[2].workers[4],raster_worker,source.cache,1,0.000676,1.754567
round_2,optical_isea4h,datasets[0].timings.units[2].workers[4],raster_worker,grid.geometry,2,0.002486,1.754567
round_2,optical_isea4h,datasets[0].timings.units[2].workers[4],raster_worker,minio.tile_stat,2,0.089455,1.754567
round_2,optical_isea4h,datasets[0].timings.units[2].workers[4],raster_worker,source.checksum,1,0.036488,1.754567
round_2,optical_isea4h,datasets[0].timings.units[2].workers[4],raster_worker,source.download,1,0.0,1.754567
round_2,optical_isea4h,datasets[0].timings.units[2].workers[4],raster_worker,entity.tile_mask,2,0.900917,1.754567
round_2,optical_isea4h,datasets[0].timings.units[2].workers[4],raster_worker,entity.tile_write,2,0.677492,1.754567
round_2,optical_isea4h,datasets[0].timings.units[2].workers[4],raster_worker,minio.tile_upload,1,0.032117,1.754567
round_2,optical_isea4h,datasets[0].timings.units[2].workers[4],raster_worker,source.raster_open,1,0.000944,1.754567
round_2,optical_isea4h,datasets[0].timings.units[2].workers[4],raster_worker,entity.tile_checksum,2,0.001968,1.754567
round_2,optical_isea4h,datasets[0].timings.units[2].workers[4],raster_worker,grid.window_calculation,2,0.000529,1.754567
round_2,optical_isea4h,datasets[0].timings.units[2].workers[5],raster_worker,grid.cover,1,0.005796,1.756266
round_2,optical_isea4h,datasets[0].timings.units[2].workers[5],raster_worker,source.cache,1,0.00028,1.756266
round_2,optical_isea4h,datasets[0].timings.units[2].workers[5],raster_worker,grid.geometry,1,0.000692,1.756266
round_2,optical_isea4h,datasets[0].timings.units[2].workers[5],raster_worker,minio.tile_stat,1,0.006212,1.756266
round_2,optical_isea4h,datasets[0].timings.units[2].workers[5],raster_worker,source.checksum,1,0.077677,1.756266
round_2,optical_isea4h,datasets[0].timings.units[2].workers[5],raster_worker,source.download,1,0.0,1.756266
round_2,optical_isea4h,datasets[0].timings.units[2].workers[5],raster_worker,entity.tile_mask,1,1.097591,1.756266
round_2,optical_isea4h,datasets[0].timings.units[2].workers[5],raster_worker,entity.tile_write,1,0.56383,1.756266
round_2,optical_isea4h,datasets[0].timings.units[2].workers[5],raster_worker,source.raster_open,1,0.00103,1.756266
round_2,optical_isea4h,datasets[0].timings.units[2].workers[5],raster_worker,entity.tile_checksum,1,0.001794,1.756266
round_2,optical_isea4h,datasets[0].timings.units[2].workers[5],raster_worker,grid.window_calculation,1,0.000198,1.756266
round_2,optical_isea4h,datasets[0].timings.units[2].workers[6],raster_worker,grid.cover,1,0.009179,1.829453
round_2,optical_isea4h,datasets[0].timings.units[2].workers[6],raster_worker,source.cache,1,0.000242,1.829453
round_2,optical_isea4h,datasets[0].timings.units[2].workers[6],raster_worker,grid.geometry,2,0.001938,1.829453
round_2,optical_isea4h,datasets[0].timings.units[2].workers[6],raster_worker,minio.tile_stat,2,0.090558,1.829453
round_2,optical_isea4h,datasets[0].timings.units[2].workers[6],raster_worker,source.checksum,1,0.082082,1.829453
round_2,optical_isea4h,datasets[0].timings.units[2].workers[6],raster_worker,source.download,1,0.0,1.829453
round_2,optical_isea4h,datasets[0].timings.units[2].workers[6],raster_worker,entity.tile_mask,2,0.901694,1.829453
round_2,optical_isea4h,datasets[0].timings.units[2].workers[6],raster_worker,entity.tile_write,2,0.679476,1.829453
round_2,optical_isea4h,datasets[0].timings.units[2].workers[6],raster_worker,minio.tile_upload,1,0.058193,1.829453
round_2,optical_isea4h,datasets[0].timings.units[2].workers[6],raster_worker,source.raster_open,1,0.001211,1.829453
round_2,optical_isea4h,datasets[0].timings.units[2].workers[6],raster_worker,entity.tile_checksum,2,0.002418,1.829453
round_2,optical_isea4h,datasets[0].timings.units[2].workers[6],raster_worker,grid.window_calculation,2,0.000458,1.829453
round_2,optical_isea4h,datasets[0].timings.units[2].workers[7],raster_worker,grid.cover,1,0.007734,2.01071
round_2,optical_isea4h,datasets[0].timings.units[2].workers[7],raster_worker,source.cache,1,0.000275,2.01071
round_2,optical_isea4h,datasets[0].timings.units[2].workers[7],raster_worker,grid.geometry,3,0.002829,2.01071
round_2,optical_isea4h,datasets[0].timings.units[2].workers[7],raster_worker,minio.tile_stat,3,0.014603,2.01071
round_2,optical_isea4h,datasets[0].timings.units[2].workers[7],raster_worker,source.checksum,1,0.036207,2.01071
round_2,optical_isea4h,datasets[0].timings.units[2].workers[7],raster_worker,source.download,1,0.0,2.01071
round_2,optical_isea4h,datasets[0].timings.units[2].workers[7],raster_worker,entity.tile_mask,3,0.961481,2.01071
round_2,optical_isea4h,datasets[0].timings.units[2].workers[7],raster_worker,entity.tile_write,3,0.805649,2.01071
round_2,optical_isea4h,datasets[0].timings.units[2].workers[7],raster_worker,minio.tile_upload,2,0.174246,2.01071
round_2,optical_isea4h,datasets[0].timings.units[2].workers[7],raster_worker,source.raster_open,1,0.001024,2.01071
round_2,optical_isea4h,datasets[0].timings.units[2].workers[7],raster_worker,entity.tile_checksum,3,0.003634,2.01071
round_2,optical_isea4h,datasets[0].timings.units[2].workers[7],raster_worker,grid.window_calculation,3,0.000695,2.01071
round_2,optical_isea4h,datasets[0].timings.units[2].workers[8],raster_worker,grid.cover,1,0.008614,2.037089
round_2,optical_isea4h,datasets[0].timings.units[2].workers[8],raster_worker,source.cache,1,0.000243,2.037089
round_2,optical_isea4h,datasets[0].timings.units[2].workers[8],raster_worker,grid.geometry,1,0.000804,2.037089
round_2,optical_isea4h,datasets[0].timings.units[2].workers[8],raster_worker,minio.tile_stat,1,0.498384,2.037089
round_2,optical_isea4h,datasets[0].timings.units[2].workers[8],raster_worker,source.checksum,1,0.103549,2.037089
round_2,optical_isea4h,datasets[0].timings.units[2].workers[8],raster_worker,source.download,1,0.0,2.037089
round_2,optical_isea4h,datasets[0].timings.units[2].workers[8],raster_worker,entity.tile_mask,1,0.836996,2.037089
round_2,optical_isea4h,datasets[0].timings.units[2].workers[8],raster_worker,entity.tile_write,1,0.583911,2.037089
round_2,optical_isea4h,datasets[0].timings.units[2].workers[8],raster_worker,source.raster_open,1,0.001235,2.037089
round_2,optical_isea4h,datasets[0].timings.units[2].workers[8],raster_worker,entity.tile_checksum,1,0.001757,2.037089
round_2,optical_isea4h,datasets[0].timings.units[2].workers[8],raster_worker,grid.window_calculation,1,0.000192,2.037089
round_2,optical_isea4h,datasets[0].timings.units[2].workers[9],raster_worker,grid.cover,1,0.006398,2.054717
round_2,optical_isea4h,datasets[0].timings.units[2].workers[9],raster_worker,source.cache,1,0.000357,2.054717
round_2,optical_isea4h,datasets[0].timings.units[2].workers[9],raster_worker,grid.geometry,2,0.001906,2.054717
round_2,optical_isea4h,datasets[0].timings.units[2].workers[9],raster_worker,minio.tile_stat,2,0.011728,2.054717
round_2,optical_isea4h,datasets[0].timings.units[2].workers[9],raster_worker,source.checksum,1,0.038886,2.054717
round_2,optical_isea4h,datasets[0].timings.units[2].workers[9],raster_worker,source.download,1,0.0,2.054717
round_2,optical_isea4h,datasets[0].timings.units[2].workers[9],raster_worker,entity.tile_mask,2,0.905735,2.054717
round_2,optical_isea4h,datasets[0].timings.units[2].workers[9],raster_worker,entity.tile_write,2,0.671916,2.054717
round_2,optical_isea4h,datasets[0].timings.units[2].workers[9],raster_worker,minio.tile_upload,1,0.412646,2.054717
round_2,optical_isea4h,datasets[0].timings.units[2].workers[9],raster_worker,source.raster_open,1,0.000972,2.054717
round_2,optical_isea4h,datasets[0].timings.units[2].workers[9],raster_worker,entity.tile_checksum,2,0.001823,2.054717
round_2,optical_isea4h,datasets[0].timings.units[2].workers[9],raster_worker,grid.window_calculation,2,0.000431,2.054717
round_2,optical_isea4h,datasets[0].timings.units[2].workers[10],raster_worker,grid.cover,1,0.004722,2.201001
round_2,optical_isea4h,datasets[0].timings.units[2].workers[10],raster_worker,source.cache,1,0.000282,2.201001
round_2,optical_isea4h,datasets[0].timings.units[2].workers[10],raster_worker,grid.geometry,1,0.000787,2.201001
round_2,optical_isea4h,datasets[0].timings.units[2].workers[10],raster_worker,minio.tile_stat,1,0.011305,2.201001
round_2,optical_isea4h,datasets[0].timings.units[2].workers[10],raster_worker,source.checksum,1,0.03781,2.201001
round_2,optical_isea4h,datasets[0].timings.units[2].workers[10],raster_worker,source.download,1,0.0,2.201001
round_2,optical_isea4h,datasets[0].timings.units[2].workers[10],raster_worker,entity.tile_mask,1,0.874046,2.201001
round_2,optical_isea4h,datasets[0].timings.units[2].workers[10],raster_worker,entity.tile_write,1,0.585092,2.201001
round_2,optical_isea4h,datasets[0].timings.units[2].workers[10],raster_worker,minio.tile_upload,1,0.682682,2.201001
round_2,optical_isea4h,datasets[0].timings.units[2].workers[10],raster_worker,source.raster_open,1,0.000915,2.201001
round_2,optical_isea4h,datasets[0].timings.units[2].workers[10],raster_worker,entity.tile_checksum,1,0.001886,2.201001
round_2,optical_isea4h,datasets[0].timings.units[2].workers[10],raster_worker,grid.window_calculation,1,0.000198,2.201001
round_2,optical_isea4h,datasets[0].timings.units[2].workers[11],raster_worker,grid.cover,1,0.007491,2.803224
round_2,optical_isea4h,datasets[0].timings.units[2].workers[11],raster_worker,source.cache,1,0.000268,2.803224
round_2,optical_isea4h,datasets[0].timings.units[2].workers[11],raster_worker,grid.geometry,1,0.000777,2.803224
round_2,optical_isea4h,datasets[0].timings.units[2].workers[11],raster_worker,minio.tile_stat,1,0.012998,2.803224
round_2,optical_isea4h,datasets[0].timings.units[2].workers[11],raster_worker,source.checksum,1,0.036049,2.803224
round_2,optical_isea4h,datasets[0].timings.units[2].workers[11],raster_worker,source.download,1,0.0,2.803224
round_2,optical_isea4h,datasets[0].timings.units[2].workers[11],raster_worker,entity.tile_mask,1,0.850895,2.803224
round_2,optical_isea4h,datasets[0].timings.units[2].workers[11],raster_worker,entity.tile_write,1,0.580779,2.803224
round_2,optical_isea4h,datasets[0].timings.units[2].workers[11],raster_worker,minio.tile_upload,1,1.309605,2.803224
round_2,optical_isea4h,datasets[0].timings.units[2].workers[11],raster_worker,source.raster_open,1,0.001087,2.803224
round_2,optical_isea4h,datasets[0].timings.units[2].workers[11],raster_worker,entity.tile_checksum,1,0.001786,2.803224
round_2,optical_isea4h,datasets[0].timings.units[2].workers[11],raster_worker,grid.window_calculation,1,0.000211,2.803224
round_2,optical_isea4h,datasets[0].timings.units[2].workers[12],raster_worker,grid.cover,1,4.642592,6.665675
round_2,optical_isea4h,datasets[0].timings.units[2].workers[12],raster_worker,source.cache,1,0.125783,6.665675
round_2,optical_isea4h,datasets[0].timings.units[2].workers[12],raster_worker,grid.geometry,3,0.002971,6.665675
round_2,optical_isea4h,datasets[0].timings.units[2].workers[12],raster_worker,minio.tile_stat,3,0.016369,6.665675
round_2,optical_isea4h,datasets[0].timings.units[2].workers[12],raster_worker,source.checksum,1,0.04629,6.665675
round_2,optical_isea4h,datasets[0].timings.units[2].workers[12],raster_worker,source.download,1,0.125263,6.665675
round_2,optical_isea4h,datasets[0].timings.units[2].workers[12],raster_worker,entity.tile_mask,3,1.044122,6.665675
round_2,optical_isea4h,datasets[0].timings.units[2].workers[12],raster_worker,entity.tile_write,3,0.768991,6.665675
round_2,optical_isea4h,datasets[0].timings.units[2].workers[12],raster_worker,source.raster_open,1,0.011458,6.665675
round_2,optical_isea4h,datasets[0].timings.units[2].workers[12],raster_worker,entity.tile_checksum,3,0.00396,6.665675
round_2,optical_isea4h,datasets[0].timings.units[2].workers[12],raster_worker,grid.window_calculation,3,0.000788,6.665675
round_2,optical_isea4h,datasets[0].timings.units[2].workers[13],raster_worker,grid.cover,1,4.57564,6.655495
round_2,optical_isea4h,datasets[0].timings.units[2].workers[13],raster_worker,source.cache,1,0.155926,6.655495
round_2,optical_isea4h,datasets[0].timings.units[2].workers[13],raster_worker,grid.geometry,3,0.003041,6.655495
round_2,optical_isea4h,datasets[0].timings.units[2].workers[13],raster_worker,minio.tile_stat,3,0.015957,6.655495
round_2,optical_isea4h,datasets[0].timings.units[2].workers[13],raster_worker,source.checksum,1,0.045806,6.655495
round_2,optical_isea4h,datasets[0].timings.units[2].workers[13],raster_worker,source.download,1,0.155359,6.655495
round_2,optical_isea4h,datasets[0].timings.units[2].workers[13],raster_worker,entity.tile_mask,3,1.003952,6.655495
round_2,optical_isea4h,datasets[0].timings.units[2].workers[13],raster_worker,entity.tile_write,3,0.773745,6.655495
round_2,optical_isea4h,datasets[0].timings.units[2].workers[13],raster_worker,minio.tile_upload,1,0.062872,6.655495
round_2,optical_isea4h,datasets[0].timings.units[2].workers[13],raster_worker,source.raster_open,1,0.010611,6.655495
round_2,optical_isea4h,datasets[0].timings.units[2].workers[13],raster_worker,entity.tile_checksum,3,0.004374,6.655495
round_2,optical_isea4h,datasets[0].timings.units[2].workers[13],raster_worker,grid.window_calculation,3,0.000821,6.655495
round_2,optical_isea4h,datasets[0].timings.units[2].workers[14],raster_worker,grid.cover,1,4.835245,6.689334
round_2,optical_isea4h,datasets[0].timings.units[2].workers[14],raster_worker,source.cache,1,0.147511,6.689334
round_2,optical_isea4h,datasets[0].timings.units[2].workers[14],raster_worker,grid.geometry,2,0.001914,6.689334
round_2,optical_isea4h,datasets[0].timings.units[2].workers[14],raster_worker,minio.tile_stat,2,0.007512,6.689334
round_2,optical_isea4h,datasets[0].timings.units[2].workers[14],raster_worker,source.checksum,1,0.044696,6.689334
round_2,optical_isea4h,datasets[0].timings.units[2].workers[14],raster_worker,source.download,1,0.146948,6.689334
round_2,optical_isea4h,datasets[0].timings.units[2].workers[14],raster_worker,entity.tile_mask,2,0.962891,6.689334
round_2,optical_isea4h,datasets[0].timings.units[2].workers[14],raster_worker,entity.tile_write,2,0.674102,6.689334
round_2,optical_isea4h,datasets[0].timings.units[2].workers[14],raster_worker,source.raster_open,1,0.00919,6.689334
round_2,optical_isea4h,datasets[0].timings.units[2].workers[14],raster_worker,entity.tile_checksum,2,0.003703,6.689334
round_2,optical_isea4h,datasets[0].timings.units[2].workers[14],raster_worker,grid.window_calculation,2,0.000547,6.689334
round_2,optical_isea4h,datasets[0].timings.units[2].workers[15],raster_worker,grid.cover,1,4.599541,6.608794
round_2,optical_isea4h,datasets[0].timings.units[2].workers[15],raster_worker,source.cache,1,0.123612,6.608794
round_2,optical_isea4h,datasets[0].timings.units[2].workers[15],raster_worker,grid.geometry,3,0.002871,6.608794
round_2,optical_isea4h,datasets[0].timings.units[2].workers[15],raster_worker,minio.tile_stat,3,0.014344,6.608794
round_2,optical_isea4h,datasets[0].timings.units[2].workers[15],raster_worker,source.checksum,1,0.050094,6.608794
round_2,optical_isea4h,datasets[0].timings.units[2].workers[15],raster_worker,source.download,1,0.122977,6.608794
round_2,optical_isea4h,datasets[0].timings.units[2].workers[15],raster_worker,entity.tile_mask,3,1.032011,6.608794
round_2,optical_isea4h,datasets[0].timings.units[2].workers[15],raster_worker,entity.tile_write,3,0.769245,6.608794
round_2,optical_isea4h,datasets[0].timings.units[2].workers[15],raster_worker,source.raster_open,1,0.009348,6.608794
round_2,optical_isea4h,datasets[0].timings.units[2].workers[15],raster_worker,entity.tile_checksum,3,0.004314,6.608794
round_2,optical_isea4h,datasets[0].timings.units[2].workers[15],raster_worker,grid.window_calculation,3,0.00077,6.608794
round_2,optical_isea4h,datasets[0].timings.units[2].source_preflight,source_preflight,minio.stat,1,0.005582,8.826211
round_2,optical_isea4h,datasets[0].timings.units[3].driver,raster_driver,ray.wait,18,4.590623,4.636834
round_2,optical_isea4h,datasets[0].timings.units[3].driver,raster_driver,ray.result_get,16,0.004859,4.636834
round_2,optical_isea4h,datasets[0].timings.units[3].driver,raster_driver,ray.task_submit,16,0.016135,4.636834
round_2,optical_isea4h,datasets[0].timings.units[3].driver,raster_driver,driver.result_merge,16,0.000112,4.636834
round_2,optical_isea4h,datasets[0].timings.units[3].workers[0],raster_worker,grid.cover,1,0.008833,2.854586
round_2,optical_isea4h,datasets[0].timings.units[3].workers[0],raster_worker,source.cache,1,0.000372,2.854586
round_2,optical_isea4h,datasets[0].timings.units[3].workers[0],raster_worker,grid.geometry,1,0.000747,2.854586
round_2,optical_isea4h,datasets[0].timings.units[3].workers[0],raster_worker,minio.tile_stat,1,0.007108,2.854586
round_2,optical_isea4h,datasets[0].timings.units[3].workers[0],raster_worker,source.checksum,1,0.038609,2.854586
round_2,optical_isea4h,datasets[0].timings.units[3].workers[0],raster_worker,source.download,1,0.0,2.854586
round_2,optical_isea4h,datasets[0].timings.units[3].workers[0],raster_worker,entity.tile_mask,1,0.83032,2.854586
round_2,optical_isea4h,datasets[0].timings.units[3].workers[0],raster_worker,entity.tile_write,1,1.406976,2.854586
round_2,optical_isea4h,datasets[0].timings.units[3].workers[0],raster_worker,minio.tile_upload,1,0.548479,2.854586
round_2,optical_isea4h,datasets[0].timings.units[3].workers[0],raster_worker,source.raster_open,1,0.00104,2.854586
round_2,optical_isea4h,datasets[0].timings.units[3].workers[0],raster_worker,entity.tile_checksum,1,0.010634,2.854586
round_2,optical_isea4h,datasets[0].timings.units[3].workers[0],raster_worker,grid.window_calculation,1,0.000209,2.854586
round_2,optical_isea4h,datasets[0].timings.units[3].workers[1],raster_worker,grid.cover,1,0.00939,2.950516
round_2,optical_isea4h,datasets[0].timings.units[3].workers[1],raster_worker,source.cache,1,0.00024,2.950516
round_2,optical_isea4h,datasets[0].timings.units[3].workers[1],raster_worker,grid.geometry,1,0.000741,2.950516
round_2,optical_isea4h,datasets[0].timings.units[3].workers[1],raster_worker,minio.tile_stat,1,0.01084,2.950516
round_2,optical_isea4h,datasets[0].timings.units[3].workers[1],raster_worker,source.checksum,1,0.035927,2.950516
round_2,optical_isea4h,datasets[0].timings.units[3].workers[1],raster_worker,source.download,1,0.0,2.950516
round_2,optical_isea4h,datasets[0].timings.units[3].workers[1],raster_worker,entity.tile_mask,1,0.857751,2.950516
round_2,optical_isea4h,datasets[0].timings.units[3].workers[1],raster_worker,entity.tile_write,1,1.433864,2.950516
round_2,optical_isea4h,datasets[0].timings.units[3].workers[1],raster_worker,minio.tile_upload,1,0.588087,2.950516
round_2,optical_isea4h,datasets[0].timings.units[3].workers[1],raster_worker,source.raster_open,1,0.001381,2.950516
round_2,optical_isea4h,datasets[0].timings.units[3].workers[1],raster_worker,entity.tile_checksum,1,0.010706,2.950516
round_2,optical_isea4h,datasets[0].timings.units[3].workers[1],raster_worker,grid.window_calculation,1,0.0002,2.950516
round_2,optical_isea4h,datasets[0].timings.units[3].workers[2],raster_worker,grid.cover,1,0.016319,3.252909
round_2,optical_isea4h,datasets[0].timings.units[3].workers[2],raster_worker,source.cache,1,0.000227,3.252909
round_2,optical_isea4h,datasets[0].timings.units[3].workers[2],raster_worker,grid.geometry,1,0.000967,3.252909
round_2,optical_isea4h,datasets[0].timings.units[3].workers[2],raster_worker,minio.tile_stat,1,0.016169,3.252909
round_2,optical_isea4h,datasets[0].timings.units[3].workers[2],raster_worker,source.checksum,1,0.037821,3.252909
round_2,optical_isea4h,datasets[0].timings.units[3].workers[2],raster_worker,source.download,1,0.0,3.252909
round_2,optical_isea4h,datasets[0].timings.units[3].workers[2],raster_worker,entity.tile_mask,1,0.842754,3.252909
round_2,optical_isea4h,datasets[0].timings.units[3].workers[2],raster_worker,entity.tile_write,1,1.441454,3.252909
round_2,optical_isea4h,datasets[0].timings.units[3].workers[2],raster_worker,minio.tile_upload,1,0.881423,3.252909
round_2,optical_isea4h,datasets[0].timings.units[3].workers[2],raster_worker,source.raster_open,1,0.000886,3.252909
round_2,optical_isea4h,datasets[0].timings.units[3].workers[2],raster_worker,entity.tile_checksum,1,0.013132,3.252909
round_2,optical_isea4h,datasets[0].timings.units[3].workers[2],raster_worker,grid.window_calculation,1,0.000278,3.252909
round_2,optical_isea4h,datasets[0].timings.units[3].workers[3],raster_worker,grid.cover,1,0.004711,3.317533
round_2,optical_isea4h,datasets[0].timings.units[3].workers[3],raster_worker,source.cache,1,0.000252,3.317533
round_2,optical_isea4h,datasets[0].timings.units[3].workers[3],raster_worker,grid.geometry,1,0.000746,3.317533
round_2,optical_isea4h,datasets[0].timings.units[3].workers[3],raster_worker,minio.tile_stat,1,0.014107,3.317533
round_2,optical_isea4h,datasets[0].timings.units[3].workers[3],raster_worker,source.checksum,1,0.091908,3.317533
round_2,optical_isea4h,datasets[0].timings.units[3].workers[3],raster_worker,source.download,1,0.0,3.317533
round_2,optical_isea4h,datasets[0].timings.units[3].workers[3],raster_worker,entity.tile_mask,1,0.823923,3.317533
round_2,optical_isea4h,datasets[0].timings.units[3].workers[3],raster_worker,entity.tile_write,1,1.420992,3.317533
round_2,optical_isea4h,datasets[0].timings.units[3].workers[3],raster_worker,minio.tile_upload,1,0.947686,3.317533
round_2,optical_isea4h,datasets[0].timings.units[3].workers[3],raster_worker,source.raster_open,1,0.001108,3.317533
round_2,optical_isea4h,datasets[0].timings.units[3].workers[3],raster_worker,entity.tile_checksum,1,0.010653,3.317533
round_2,optical_isea4h,datasets[0].timings.units[3].workers[3],raster_worker,grid.window_calculation,1,0.000213,3.317533
round_2,optical_isea4h,datasets[0].timings.units[3].workers[4],raster_worker,grid.cover,1,0.005465,3.402007
round_2,optical_isea4h,datasets[0].timings.units[3].workers[4],raster_worker,source.cache,1,0.000234,3.402007
round_2,optical_isea4h,datasets[0].timings.units[3].workers[4],raster_worker,grid.geometry,2,0.001804,3.402007
round_2,optical_isea4h,datasets[0].timings.units[3].workers[4],raster_worker,minio.tile_stat,2,0.027929,3.402007
round_2,optical_isea4h,datasets[0].timings.units[3].workers[4],raster_worker,source.checksum,1,0.03771,3.402007
round_2,optical_isea4h,datasets[0].timings.units[3].workers[4],raster_worker,source.download,1,0.0,3.402007
round_2,optical_isea4h,datasets[0].timings.units[3].workers[4],raster_worker,entity.tile_mask,2,0.939064,3.402007
round_2,optical_isea4h,datasets[0].timings.units[3].workers[4],raster_worker,entity.tile_write,2,1.546116,3.402007
round_2,optical_isea4h,datasets[0].timings.units[3].workers[4],raster_worker,minio.tile_upload,2,0.829192,3.402007
round_2,optical_isea4h,datasets[0].timings.units[3].workers[4],raster_worker,source.raster_open,1,0.00104,3.402007
round_2,optical_isea4h,datasets[0].timings.units[3].workers[4],raster_worker,entity.tile_checksum,2,0.011198,3.402007
round_2,optical_isea4h,datasets[0].timings.units[3].workers[4],raster_worker,grid.window_calculation,2,0.000444,3.402007
round_2,optical_isea4h,datasets[0].timings.units[3].workers[5],raster_worker,grid.cover,1,0.006116,3.457936
round_2,optical_isea4h,datasets[0].timings.units[3].workers[5],raster_worker,source.cache,1,0.00034,3.457936
round_2,optical_isea4h,datasets[0].timings.units[3].workers[5],raster_worker,grid.geometry,3,0.002794,3.457936
round_2,optical_isea4h,datasets[0].timings.units[3].workers[5],raster_worker,minio.tile_stat,3,0.013633,3.457936
round_2,optical_isea4h,datasets[0].timings.units[3].workers[5],raster_worker,source.checksum,1,0.040702,3.457936
round_2,optical_isea4h,datasets[0].timings.units[3].workers[5],raster_worker,source.download,1,0.0,3.457936
round_2,optical_isea4h,datasets[0].timings.units[3].workers[5],raster_worker,entity.tile_mask,3,0.944953,3.457936
round_2,optical_isea4h,datasets[0].timings.units[3].workers[5],raster_worker,entity.tile_write,3,1.628242,3.457936
round_2,optical_isea4h,datasets[0].timings.units[3].workers[5],raster_worker,minio.tile_upload,3,0.803759,3.457936
round_2,optical_isea4h,datasets[0].timings.units[3].workers[5],raster_worker,source.raster_open,1,0.000951,3.457936
round_2,optical_isea4h,datasets[0].timings.units[3].workers[5],raster_worker,entity.tile_checksum,3,0.013382,3.457936
round_2,optical_isea4h,datasets[0].timings.units[3].workers[5],raster_worker,grid.window_calculation,3,0.000663,3.457936
round_2,optical_isea4h,datasets[0].timings.units[3].workers[6],raster_worker,grid.cover,1,0.006429,3.516296
round_2,optical_isea4h,datasets[0].timings.units[3].workers[6],raster_worker,source.cache,1,0.000446,3.516296
round_2,optical_isea4h,datasets[0].timings.units[3].workers[6],raster_worker,grid.geometry,1,0.000758,3.516296
round_2,optical_isea4h,datasets[0].timings.units[3].workers[6],raster_worker,minio.tile_stat,1,0.018612,3.516296
round_2,optical_isea4h,datasets[0].timings.units[3].workers[6],raster_worker,source.checksum,1,0.108055,3.516296
round_2,optical_isea4h,datasets[0].timings.units[3].workers[6],raster_worker,source.download,1,0.0,3.516296
round_2,optical_isea4h,datasets[0].timings.units[3].workers[6],raster_worker,entity.tile_mask,1,0.806234,3.516296
round_2,optical_isea4h,datasets[0].timings.units[3].workers[6],raster_worker,entity.tile_write,1,1.449616,3.516296
round_2,optical_isea4h,datasets[0].timings.units[3].workers[6],raster_worker,minio.tile_upload,1,1.103905,3.516296
round_2,optical_isea4h,datasets[0].timings.units[3].workers[6],raster_worker,source.raster_open,1,0.001253,3.516296
round_2,optical_isea4h,datasets[0].timings.units[3].workers[6],raster_worker,entity.tile_checksum,1,0.01929,3.516296
round_2,optical_isea4h,datasets[0].timings.units[3].workers[6],raster_worker,grid.window_calculation,1,0.00022,3.516296
round_2,optical_isea4h,datasets[0].timings.units[3].workers[7],raster_worker,grid.cover,1,0.007122,3.52968
round_2,optical_isea4h,datasets[0].timings.units[3].workers[7],raster_worker,source.cache,1,0.000413,3.52968
round_2,optical_isea4h,datasets[0].timings.units[3].workers[7],raster_worker,grid.geometry,3,0.003057,3.52968
round_2,optical_isea4h,datasets[0].timings.units[3].workers[7],raster_worker,minio.tile_stat,3,0.553837,3.52968
round_2,optical_isea4h,datasets[0].timings.units[3].workers[7],raster_worker,source.checksum,1,0.0523,3.52968
round_2,optical_isea4h,datasets[0].timings.units[3].workers[7],raster_worker,source.download,1,0.0,3.52968
round_2,optical_isea4h,datasets[0].timings.units[3].workers[7],raster_worker,entity.tile_mask,3,1.067059,3.52968
round_2,optical_isea4h,datasets[0].timings.units[3].workers[7],raster_worker,entity.tile_write,3,1.826019,3.52968
round_2,optical_isea4h,datasets[0].timings.units[3].workers[7],raster_worker,source.raster_open,1,0.001284,3.52968
round_2,optical_isea4h,datasets[0].timings.units[3].workers[7],raster_worker,entity.tile_checksum,3,0.015267,3.52968
round_2,optical_isea4h,datasets[0].timings.units[3].workers[7],raster_worker,grid.window_calculation,3,0.000694,3.52968
round_2,optical_isea4h,datasets[0].timings.units[3].workers[8],raster_worker,grid.cover,1,0.006539,3.605985
round_2,optical_isea4h,datasets[0].timings.units[3].workers[8],raster_worker,source.cache,1,0.000283,3.605985
round_2,optical_isea4h,datasets[0].timings.units[3].workers[8],raster_worker,grid.geometry,1,0.000782,3.605985
round_2,optical_isea4h,datasets[0].timings.units[3].workers[8],raster_worker,minio.tile_stat,1,0.005095,3.605985
round_2,optical_isea4h,datasets[0].timings.units[3].workers[8],raster_worker,source.checksum,1,0.041282,3.605985
round_2,optical_isea4h,datasets[0].timings.units[3].workers[8],raster_worker,source.download,1,0.0,3.605985
round_2,optical_isea4h,datasets[0].timings.units[3].workers[8],raster_worker,entity.tile_mask,1,0.821616,3.605985
round_2,optical_isea4h,datasets[0].timings.units[3].workers[8],raster_worker,entity.tile_write,1,1.42307,3.605985
round_2,optical_isea4h,datasets[0].timings.units[3].workers[8],raster_worker,minio.tile_upload,1,1.294018,3.605985
round_2,optical_isea4h,datasets[0].timings.units[3].workers[8],raster_worker,source.raster_open,1,0.00125,3.605985
round_2,optical_isea4h,datasets[0].timings.units[3].workers[8],raster_worker,entity.tile_checksum,1,0.010632,3.605985
round_2,optical_isea4h,datasets[0].timings.units[3].workers[8],raster_worker,grid.window_calculation,1,0.000204,3.605985
round_2,optical_isea4h,datasets[0].timings.units[3].workers[9],raster_worker,grid.cover,1,0.007275,3.666949
round_2,optical_isea4h,datasets[0].timings.units[3].workers[9],raster_worker,source.cache,1,0.000449,3.666949
round_2,optical_isea4h,datasets[0].timings.units[3].workers[9],raster_worker,grid.geometry,2,0.002276,3.666949
round_2,optical_isea4h,datasets[0].timings.units[3].workers[9],raster_worker,minio.tile_stat,2,0.029874,3.666949
round_2,optical_isea4h,datasets[0].timings.units[3].workers[9],raster_worker,source.checksum,1,0.036625,3.666949
round_2,optical_isea4h,datasets[0].timings.units[3].workers[9],raster_worker,source.download,1,0.0,3.666949
round_2,optical_isea4h,datasets[0].timings.units[3].workers[9],raster_worker,entity.tile_mask,2,0.898168,3.666949
round_2,optical_isea4h,datasets[0].timings.units[3].workers[9],raster_worker,entity.tile_write,2,1.565409,3.666949
round_2,optical_isea4h,datasets[0].timings.units[3].workers[9],raster_worker,minio.tile_upload,2,1.110904,3.666949
round_2,optical_isea4h,datasets[0].timings.units[3].workers[9],raster_worker,source.raster_open,1,0.001074,3.666949
round_2,optical_isea4h,datasets[0].timings.units[3].workers[9],raster_worker,entity.tile_checksum,2,0.012259,3.666949
round_2,optical_isea4h,datasets[0].timings.units[3].workers[9],raster_worker,grid.window_calculation,2,0.000524,3.666949
round_2,optical_isea4h,datasets[0].timings.units[3].workers[10],raster_worker,grid.cover,1,0.006805,3.675661
round_2,optical_isea4h,datasets[0].timings.units[3].workers[10],raster_worker,source.cache,1,0.000283,3.675661
round_2,optical_isea4h,datasets[0].timings.units[3].workers[10],raster_worker,grid.geometry,3,0.002952,3.675661
round_2,optical_isea4h,datasets[0].timings.units[3].workers[10],raster_worker,minio.tile_stat,3,0.05736,3.675661
round_2,optical_isea4h,datasets[0].timings.units[3].workers[10],raster_worker,source.checksum,1,0.108963,3.675661
round_2,optical_isea4h,datasets[0].timings.units[3].workers[10],raster_worker,source.download,1,0.0,3.675661
round_2,optical_isea4h,datasets[0].timings.units[3].workers[10],raster_worker,entity.tile_mask,3,0.986547,3.675661
round_2,optical_isea4h,datasets[0].timings.units[3].workers[10],raster_worker,entity.tile_write,3,1.645822,3.675661
round_2,optical_isea4h,datasets[0].timings.units[3].workers[10],raster_worker,minio.tile_upload,2,0.848821,3.675661
round_2,optical_isea4h,datasets[0].timings.units[3].workers[10],raster_worker,source.raster_open,1,0.001397,3.675661
round_2,optical_isea4h,datasets[0].timings.units[3].workers[10],raster_worker,entity.tile_checksum,3,0.013281,3.675661
round_2,optical_isea4h,datasets[0].timings.units[3].workers[10],raster_worker,grid.window_calculation,3,0.000728,3.675661
round_2,optical_isea4h,datasets[0].timings.units[3].workers[11],raster_worker,grid.cover,1,0.018933,3.950687
round_2,optical_isea4h,datasets[0].timings.units[3].workers[11],raster_worker,source.cache,1,0.000299,3.950687
round_2,optical_isea4h,datasets[0].timings.units[3].workers[11],raster_worker,grid.geometry,1,0.000832,3.950687
round_2,optical_isea4h,datasets[0].timings.units[3].workers[11],raster_worker,minio.tile_stat,1,0.032244,3.950687
round_2,optical_isea4h,datasets[0].timings.units[3].workers[11],raster_worker,source.checksum,1,0.095692,3.950687
round_2,optical_isea4h,datasets[0].timings.units[3].workers[11],raster_worker,source.download,1,0.0,3.950687
round_2,optical_isea4h,datasets[0].timings.units[3].workers[11],raster_worker,entity.tile_mask,1,0.860805,3.950687
round_2,optical_isea4h,datasets[0].timings.units[3].workers[11],raster_worker,entity.tile_write,1,1.437525,3.950687
round_2,optical_isea4h,datasets[0].timings.units[3].workers[11],raster_worker,minio.tile_upload,1,1.490809,3.950687
round_2,optical_isea4h,datasets[0].timings.units[3].workers[11],raster_worker,source.raster_open,1,0.001195,3.950687
round_2,optical_isea4h,datasets[0].timings.units[3].workers[11],raster_worker,entity.tile_checksum,1,0.010651,3.950687
round_2,optical_isea4h,datasets[0].timings.units[3].workers[11],raster_worker,grid.window_calculation,1,0.00023,3.950687
round_2,optical_isea4h,datasets[0].timings.units[3].workers[12],raster_worker,grid.cover,1,0.006183,4.01094
round_2,optical_isea4h,datasets[0].timings.units[3].workers[12],raster_worker,source.cache,1,0.000422,4.01094
round_2,optical_isea4h,datasets[0].timings.units[3].workers[12],raster_worker,grid.geometry,2,0.002066,4.01094
round_2,optical_isea4h,datasets[0].timings.units[3].workers[12],raster_worker,minio.tile_stat,2,0.031412,4.01094
round_2,optical_isea4h,datasets[0].timings.units[3].workers[12],raster_worker,source.checksum,1,0.10793,4.01094
round_2,optical_isea4h,datasets[0].timings.units[3].workers[12],raster_worker,source.download,1,0.0,4.01094
round_2,optical_isea4h,datasets[0].timings.units[3].workers[12],raster_worker,entity.tile_mask,2,0.862259,4.01094
round_2,optical_isea4h,datasets[0].timings.units[3].workers[12],raster_worker,entity.tile_write,2,1.519715,4.01094
round_2,optical_isea4h,datasets[0].timings.units[3].workers[12],raster_worker,minio.tile_upload,1,1.461314,4.01094
round_2,optical_isea4h,datasets[0].timings.units[3].workers[12],raster_worker,source.raster_open,1,0.001425,4.01094
round_2,optical_isea4h,datasets[0].timings.units[3].workers[12],raster_worker,entity.tile_checksum,2,0.015681,4.01094
round_2,optical_isea4h,datasets[0].timings.units[3].workers[12],raster_worker,grid.window_calculation,2,0.000477,4.01094
round_2,optical_isea4h,datasets[0].timings.units[3].workers[13],raster_worker,grid.cover,1,0.006757,4.180313
round_2,optical_isea4h,datasets[0].timings.units[3].workers[13],raster_worker,source.cache,1,0.000322,4.180313
round_2,optical_isea4h,datasets[0].timings.units[3].workers[13],raster_worker,grid.geometry,1,0.000879,4.180313
round_2,optical_isea4h,datasets[0].timings.units[3].workers[13],raster_worker,minio.tile_stat,1,0.053837,4.180313
round_2,optical_isea4h,datasets[0].timings.units[3].workers[13],raster_worker,source.checksum,1,0.144767,4.180313
round_2,optical_isea4h,datasets[0].timings.units[3].workers[13],raster_worker,source.download,1,0.0,4.180313
round_2,optical_isea4h,datasets[0].timings.units[3].workers[13],raster_worker,entity.tile_mask,1,0.897325,4.180313
round_2,optical_isea4h,datasets[0].timings.units[3].workers[13],raster_worker,entity.tile_write,1,1.472356,4.180313
round_2,optical_isea4h,datasets[0].timings.units[3].workers[13],raster_worker,minio.tile_upload,1,1.590051,4.180313
round_2,optical_isea4h,datasets[0].timings.units[3].workers[13],raster_worker,source.raster_open,1,0.001302,4.180313
round_2,optical_isea4h,datasets[0].timings.units[3].workers[13],raster_worker,entity.tile_checksum,1,0.010954,4.180313
round_2,optical_isea4h,datasets[0].timings.units[3].workers[13],raster_worker,grid.window_calculation,1,0.000231,4.180313
round_2,optical_isea4h,datasets[0].timings.units[3].workers[14],raster_worker,grid.cover,1,0.008701,4.226667
round_2,optical_isea4h,datasets[0].timings.units[3].workers[14],raster_worker,source.cache,1,0.000299,4.226667
round_2,optical_isea4h,datasets[0].timings.units[3].workers[14],raster_worker,grid.geometry,2,0.00193,4.226667
round_2,optical_isea4h,datasets[0].timings.units[3].workers[14],raster_worker,minio.tile_stat,2,0.046075,4.226667
round_2,optical_isea4h,datasets[0].timings.units[3].workers[14],raster_worker,source.checksum,1,0.130112,4.226667
round_2,optical_isea4h,datasets[0].timings.units[3].workers[14],raster_worker,source.download,1,0.0,4.226667
round_2,optical_isea4h,datasets[0].timings.units[3].workers[14],raster_worker,entity.tile_mask,2,0.920499,4.226667
round_2,optical_isea4h,datasets[0].timings.units[3].workers[14],raster_worker,entity.tile_write,2,1.535759,4.226667
round_2,optical_isea4h,datasets[0].timings.units[3].workers[14],raster_worker,minio.tile_upload,1,1.568476,4.226667
round_2,optical_isea4h,datasets[0].timings.units[3].workers[14],raster_worker,source.raster_open,1,0.001033,4.226667
round_2,optical_isea4h,datasets[0].timings.units[3].workers[14],raster_worker,entity.tile_checksum,2,0.011295,4.226667
round_2,optical_isea4h,datasets[0].timings.units[3].workers[14],raster_worker,grid.window_calculation,2,0.000497,4.226667
round_2,optical_isea4h,datasets[0].timings.units[3].workers[15],raster_worker,grid.cover,1,0.009865,4.603997
round_2,optical_isea4h,datasets[0].timings.units[3].workers[15],raster_worker,source.cache,1,0.000319,4.603997
round_2,optical_isea4h,datasets[0].timings.units[3].workers[15],raster_worker,grid.geometry,3,0.003244,4.603997
round_2,optical_isea4h,datasets[0].timings.units[3].workers[15],raster_worker,minio.tile_stat,3,0.028485,4.603997
round_2,optical_isea4h,datasets[0].timings.units[3].workers[15],raster_worker,source.checksum,1,0.060567,4.603997
round_2,optical_isea4h,datasets[0].timings.units[3].workers[15],raster_worker,source.download,1,0.0,4.603997
round_2,optical_isea4h,datasets[0].timings.units[3].workers[15],raster_worker,entity.tile_mask,3,0.981244,4.603997
round_2,optical_isea4h,datasets[0].timings.units[3].workers[15],raster_worker,entity.tile_write,3,1.632707,4.603997
round_2,optical_isea4h,datasets[0].timings.units[3].workers[15],raster_worker,minio.tile_upload,1,1.870597,4.603997
round_2,optical_isea4h,datasets[0].timings.units[3].workers[15],raster_worker,source.raster_open,1,0.002279,4.603997
round_2,optical_isea4h,datasets[0].timings.units[3].workers[15],raster_worker,entity.tile_checksum,3,0.011438,4.603997
round_2,optical_isea4h,datasets[0].timings.units[3].workers[15],raster_worker,grid.window_calculation,3,0.000699,4.603997
round_2,optical_isea4h,datasets[0].timings.units[3].source_preflight,source_preflight,minio.stat,1,0.005828,4.642871
round_2,optical_isea4h,datasets[0].timings.workflow,workflow_dataset,runner.execute,1,67.125179,67.174395
round_2,optical_isea4h,datasets[0].timings.workflow,workflow_dataset,opengauss.start_output,1,0.012351,67.174395
round_2,optical_isea4h,datasets[0].timings.workflow,workflow_dataset,opengauss.complete_output,1,0.035119,67.174395
round_2,radar_geohash,timings.job_driver,ray_job_driver,workflow.run,1,3.52655,3.67231
round_2,radar_geohash,timings.job_driver,ray_job_driver,driver.bootstrap,1,0.141176,3.67231
round_2,radar_geohash,timings.job_driver,ray_job_driver,task.start_attempt,1,0.003857,3.67231
round_2,radar_geohash,datasets[0].timings.units[0].driver,logical_batch_driver,ray.init,1,0.069627,1.78816
round_2,radar_geohash,datasets[0].timings.units[0].driver,logical_batch_driver,ray.wait,2,1.666346,1.78816
round_2,radar_geohash,datasets[0].timings.units[0].driver,logical_batch_driver,ray.result_get,1,0.000336,1.78816
round_2,radar_geohash,datasets[0].timings.units[0].driver,logical_batch_driver,ray.task_submit,1,0.047456,1.78816
round_2,radar_geohash,datasets[0].timings.units[0].driver,logical_batch_driver,ray.task_prepare,2,0.000254,1.78816
round_2,radar_geohash,datasets[0].timings.units[0].driver,logical_batch_driver,driver.result_merge,1,7e-06,1.78816
round_2,radar_geohash,datasets[0].timings.units[0].workers[0],logical_worker,grid.cover,1,0.005717,0.170841
round_2,radar_geohash,datasets[0].timings.units[0].workers[0],logical_worker,grid.geometry,3,4e-05,0.170841
round_2,radar_geohash,datasets[0].timings.units[0].workers[0],logical_worker,minio.chunk_stat,1,0.007187,0.170841
round_2,radar_geohash,datasets[0].timings.units[0].workers[0],logical_worker,minio.chunk_upload,1,0.042934,0.170841
round_2,radar_geohash,datasets[0].timings.units[0].workers[0],logical_worker,logical.row_generation,1,0.000334,0.170841
round_2,radar_geohash,datasets[0].timings.units[0].workers[0],logical_worker,logical.chunk_serialize,1,0.000262,0.170841
round_2,radar_geohash,datasets[0].timings.units[0].workers[0],logical_worker,opengauss.logical_stage,1,0.114015,0.170841
round_2,radar_geohash,datasets[0].timings.units[0].source_preflight,source_preflight,minio.stat,1,0.14747,2.122917
round_2,radar_geohash,datasets[0].timings.units[1].driver,logical_batch_driver,ray.wait,2,1.313792,1.326364
round_2,radar_geohash,datasets[0].timings.units[1].driver,logical_batch_driver,ray.result_get,1,0.000349,1.326364
round_2,radar_geohash,datasets[0].timings.units[1].driver,logical_batch_driver,ray.task_submit,1,0.007892,1.326364
round_2,radar_geohash,datasets[0].timings.units[1].driver,logical_batch_driver,ray.task_prepare,2,0.000253,1.326364
round_2,radar_geohash,datasets[0].timings.units[1].driver,logical_batch_driver,driver.result_merge,1,7e-06,1.326364
round_2,radar_geohash,datasets[0].timings.units[1].workers[0],logical_worker,grid.cover,1,0.001661,0.128717
round_2,radar_geohash,datasets[0].timings.units[1].workers[0],logical_worker,grid.geometry,3,4.1e-05,0.128717
round_2,radar_geohash,datasets[0].timings.units[1].workers[0],logical_worker,minio.chunk_stat,1,0.007299,0.128717
round_2,radar_geohash,datasets[0].timings.units[1].workers[0],logical_worker,minio.chunk_upload,1,0.02774,0.128717
round_2,radar_geohash,datasets[0].timings.units[1].workers[0],logical_worker,logical.row_generation,1,0.000322,0.128717
round_2,radar_geohash,datasets[0].timings.units[1].workers[0],logical_worker,logical.chunk_serialize,1,0.000282,0.128717
round_2,radar_geohash,datasets[0].timings.units[1].workers[0],logical_worker,opengauss.logical_stage,1,0.090992,0.128717
round_2,radar_geohash,datasets[0].timings.units[1].source_preflight,source_preflight,minio.stat,1,0.007331,1.333836
round_2,radar_geohash,datasets[0].timings.workflow,workflow_dataset,runner.execute,1,3.458122,3.526207
round_2,radar_geohash,datasets[0].timings.workflow,workflow_dataset,opengauss.start_output,1,0.013665,3.526207
round_2,radar_geohash,datasets[0].timings.workflow,workflow_dataset,opengauss.complete_output,1,0.014631,3.526207
round_2,radar_geohash,datasets[0].timings.workflow,workflow_dataset,opengauss.record_output_chunks,1,0.005688,3.526207
round_2,radar_geohash,datasets[0].timings.workflow,workflow_dataset,opengauss.verify_output_chunks,1,0.020371,3.526207
round_2,radar_geohash,datasets[0].timings.workflow,workflow_dataset,opengauss.promote_logical_staging,1,0.011845,3.526207
round_2,radar_mgrs,timings.job_driver,ray_job_driver,workflow.run,1,3.42392,3.581741
round_2,radar_mgrs,timings.job_driver,ray_job_driver,driver.bootstrap,1,0.152803,3.581741
round_2,radar_mgrs,timings.job_driver,ray_job_driver,task.start_attempt,1,0.004283,3.581741
round_2,radar_mgrs,datasets[0].timings.units[0].driver,logical_batch_driver,ray.init,1,0.069139,1.531609
round_2,radar_mgrs,datasets[0].timings.units[0].driver,logical_batch_driver,ray.wait,2,1.416505,1.531609
round_2,radar_mgrs,datasets[0].timings.units[0].driver,logical_batch_driver,ray.result_get,1,0.000372,1.531609
round_2,radar_mgrs,datasets[0].timings.units[0].driver,logical_batch_driver,ray.task_submit,1,0.040826,1.531609
round_2,radar_mgrs,datasets[0].timings.units[0].driver,logical_batch_driver,ray.task_prepare,2,0.000264,1.531609
round_2,radar_mgrs,datasets[0].timings.units[0].driver,logical_batch_driver,driver.result_merge,1,6e-06,1.531609
round_2,radar_mgrs,datasets[0].timings.units[0].workers[0],logical_worker,grid.cover,1,0.065362,0.212237
round_2,radar_mgrs,datasets[0].timings.units[0].workers[0],logical_worker,grid.geometry,15,0.002098,0.212237
round_2,radar_mgrs,datasets[0].timings.units[0].workers[0],logical_worker,minio.chunk_stat,1,0.00685,0.212237
round_2,radar_mgrs,datasets[0].timings.units[0].workers[0],logical_worker,minio.chunk_upload,1,0.040486,0.212237
round_2,radar_mgrs,datasets[0].timings.units[0].workers[0],logical_worker,logical.row_generation,1,0.00308,0.212237
round_2,radar_mgrs,datasets[0].timings.units[0].workers[0],logical_worker,logical.chunk_serialize,1,0.002581,0.212237
round_2,radar_mgrs,datasets[0].timings.units[0].workers[0],logical_worker,opengauss.logical_stage,1,0.093408,0.212237
round_2,radar_mgrs,datasets[0].timings.units[0].source_preflight,source_preflight,minio.stat,1,0.154587,1.872881
round_2,radar_mgrs,datasets[0].timings.units[1].driver,logical_batch_driver,ray.wait,2,1.440426,1.453524
round_2,radar_mgrs,datasets[0].timings.units[1].driver,logical_batch_driver,ray.result_get,1,0.000313,1.453524
round_2,radar_mgrs,datasets[0].timings.units[1].driver,logical_batch_driver,ray.task_submit,1,0.008285,1.453524
round_2,radar_mgrs,datasets[0].timings.units[1].driver,logical_batch_driver,ray.task_prepare,2,0.00025,1.453524
round_2,radar_mgrs,datasets[0].timings.units[1].driver,logical_batch_driver,driver.result_merge,1,6e-06,1.453524
round_2,radar_mgrs,datasets[0].timings.units[1].workers[0],logical_worker,grid.cover,1,0.075359,0.231978
round_2,radar_mgrs,datasets[0].timings.units[1].workers[0],logical_worker,grid.geometry,15,0.002189,0.231978
round_2,radar_mgrs,datasets[0].timings.units[1].workers[0],logical_worker,minio.chunk_stat,1,0.006612,0.231978
round_2,radar_mgrs,datasets[0].timings.units[1].workers[0],logical_worker,minio.chunk_upload,1,0.028695,0.231978
round_2,radar_mgrs,datasets[0].timings.units[1].workers[0],logical_worker,logical.row_generation,1,0.023297,0.231978
round_2,radar_mgrs,datasets[0].timings.units[1].workers[0],logical_worker,logical.chunk_serialize,1,0.002594,0.231978
round_2,radar_mgrs,datasets[0].timings.units[1].workers[0],logical_worker,opengauss.logical_stage,1,0.094911,0.231978
round_2,radar_mgrs,datasets[0].timings.units[1].source_preflight,source_preflight,minio.stat,1,0.006877,1.460515
round_2,radar_mgrs,datasets[0].timings.workflow,workflow_dataset,runner.execute,1,3.3347,3.423569
round_2,radar_mgrs,datasets[0].timings.workflow,workflow_dataset,opengauss.start_output,1,0.012328,3.423569
round_2,radar_mgrs,datasets[0].timings.workflow,workflow_dataset,opengauss.complete_output,1,0.024488,3.423569
round_2,radar_mgrs,datasets[0].timings.workflow,workflow_dataset,opengauss.record_output_chunks,1,0.005772,3.423569
round_2,radar_mgrs,datasets[0].timings.workflow,workflow_dataset,opengauss.verify_output_chunks,1,0.02185,3.423569
round_2,radar_mgrs,datasets[0].timings.workflow,workflow_dataset,opengauss.promote_logical_staging,1,0.022809,3.423569
round_2,radar_isea4h,timings.job_driver,ray_job_driver,workflow.run,1,10.997772,11.151021
round_2,radar_isea4h,timings.job_driver,ray_job_driver,driver.bootstrap,1,0.147199,11.151021
round_2,radar_isea4h,timings.job_driver,ray_job_driver,task.start_attempt,1,0.005189,11.151021
round_2,radar_isea4h,datasets[0].timings.units[0].driver,raster_driver,ray.init,1,0.065405,8.595239
round_2,radar_isea4h,datasets[0].timings.units[0].driver,raster_driver,ray.wait,23,8.428245,8.595239
round_2,radar_isea4h,datasets[0].timings.units[0].driver,raster_driver,ray.result_get,16,0.005337,8.595239
round_2,radar_isea4h,datasets[0].timings.units[0].driver,raster_driver,ray.task_submit,16,0.051887,8.595239
round_2,radar_isea4h,datasets[0].timings.units[0].driver,raster_driver,driver.result_merge,16,0.000134,8.595239
round_2,radar_isea4h,datasets[0].timings.units[0].workers[0],raster_worker,grid.cover,1,4.654591,5.507154
round_2,radar_isea4h,datasets[0].timings.units[0].workers[0],raster_worker,source.cache,1,0.162871,5.507154
round_2,radar_isea4h,datasets[0].timings.units[0].workers[0],raster_worker,grid.geometry,1,0.000868,5.507154
round_2,radar_isea4h,datasets[0].timings.units[0].workers[0],raster_worker,minio.tile_stat,1,0.013232,5.507154
round_2,radar_isea4h,datasets[0].timings.units[0].workers[0],raster_worker,source.checksum,1,0.034135,5.507154
round_2,radar_isea4h,datasets[0].timings.units[0].workers[0],raster_worker,source.download,1,0.162379,5.507154
round_2,radar_isea4h,datasets[0].timings.units[0].workers[0],raster_worker,entity.tile_mask,1,0.230623,5.507154
round_2,radar_isea4h,datasets[0].timings.units[0].workers[0],raster_worker,entity.tile_write,1,0.377256,5.507154
round_2,radar_isea4h,datasets[0].timings.units[0].workers[0],raster_worker,source.raster_open,1,0.019241,5.507154
round_2,radar_isea4h,datasets[0].timings.units[0].workers[0],raster_worker,entity.tile_checksum,1,0.008812,5.507154
round_2,radar_isea4h,datasets[0].timings.units[0].workers[0],raster_worker,grid.window_calculation,1,0.000352,5.507154
round_2,radar_isea4h,datasets[0].timings.units[0].workers[1],raster_worker,grid.cover,1,4.653231,5.967481
round_2,radar_isea4h,datasets[0].timings.units[0].workers[1],raster_worker,source.cache,1,0.000265,5.967481
round_2,radar_isea4h,datasets[0].timings.units[0].workers[1],raster_worker,grid.geometry,1,0.000842,5.967481
round_2,radar_isea4h,datasets[0].timings.units[0].workers[1],raster_worker,minio.tile_stat,1,0.005452,5.967481
round_2,radar_isea4h,datasets[0].timings.units[0].workers[1],raster_worker,source.checksum,1,0.031943,5.967481
round_2,radar_isea4h,datasets[0].timings.units[0].workers[1],raster_worker,source.download,1,0.0,5.967481
round_2,radar_isea4h,datasets[0].timings.units[0].workers[1],raster_worker,entity.tile_mask,1,0.241419,5.967481
round_2,radar_isea4h,datasets[0].timings.units[0].workers[1],raster_worker,entity.tile_write,1,0.363448,5.967481
round_2,radar_isea4h,datasets[0].timings.units[0].workers[1],raster_worker,minio.tile_upload,1,0.636161,5.967481
round_2,radar_isea4h,datasets[0].timings.units[0].workers[1],raster_worker,source.raster_open,1,0.021848,5.967481
round_2,radar_isea4h,datasets[0].timings.units[0].workers[1],raster_worker,entity.tile_checksum,1,0.008826,5.967481
round_2,radar_isea4h,datasets[0].timings.units[0].workers[1],raster_worker,grid.window_calculation,1,0.000362,5.967481
round_2,radar_isea4h,datasets[0].timings.units[0].workers[2],raster_worker,grid.cover,1,4.603891,6.248799
round_2,radar_isea4h,datasets[0].timings.units[0].workers[2],raster_worker,source.cache,1,0.164672,6.248799
round_2,radar_isea4h,datasets[0].timings.units[0].workers[2],raster_worker,grid.geometry,1,0.000826,6.248799
round_2,radar_isea4h,datasets[0].timings.units[0].workers[2],raster_worker,minio.tile_stat,1,0.005665,6.248799
round_2,radar_isea4h,datasets[0].timings.units[0].workers[2],raster_worker,source.checksum,1,0.030149,6.248799
round_2,radar_isea4h,datasets[0].timings.units[0].workers[2],raster_worker,source.download,1,0.164143,6.248799
round_2,radar_isea4h,datasets[0].timings.units[0].workers[2],raster_worker,entity.tile_mask,1,0.232548,6.248799
round_2,radar_isea4h,datasets[0].timings.units[0].workers[2],raster_worker,entity.tile_write,1,0.363023,6.248799
round_2,radar_isea4h,datasets[0].timings.units[0].workers[2],raster_worker,minio.tile_upload,1,0.814829,6.248799
round_2,radar_isea4h,datasets[0].timings.units[0].workers[2],raster_worker,source.raster_open,1,0.019941,6.248799
round_2,radar_isea4h,datasets[0].timings.units[0].workers[2],raster_worker,entity.tile_checksum,1,0.009163,6.248799
round_2,radar_isea4h,datasets[0].timings.units[0].workers[2],raster_worker,grid.window_calculation,1,0.000336,6.248799
round_2,radar_isea4h,datasets[0].timings.units[0].workers[3],raster_worker,grid.cover,1,4.634383,6.215457
round_2,radar_isea4h,datasets[0].timings.units[0].workers[3],raster_worker,source.cache,1,0.176186,6.215457
round_2,radar_isea4h,datasets[0].timings.units[0].workers[3],raster_worker,grid.geometry,2,0.002174,6.215457
round_2,radar_isea4h,datasets[0].timings.units[0].workers[3],raster_worker,minio.tile_stat,2,0.007967,6.215457
round_2,radar_isea4h,datasets[0].timings.units[0].workers[3],raster_worker,source.checksum,1,0.035284,6.215457
round_2,radar_isea4h,datasets[0].timings.units[0].workers[3],raster_worker,source.download,1,0.175636,6.215457
round_2,radar_isea4h,datasets[0].timings.units[0].workers[3],raster_worker,entity.tile_mask,2,0.339981,6.215457
round_2,radar_isea4h,datasets[0].timings.units[0].workers[3],raster_worker,entity.tile_write,2,0.764414,6.215457
round_2,radar_isea4h,datasets[0].timings.units[0].workers[3],raster_worker,minio.tile_upload,1,0.210802,6.215457
round_2,radar_isea4h,datasets[0].timings.units[0].workers[3],raster_worker,source.raster_open,1,0.020109,6.215457
round_2,radar_isea4h,datasets[0].timings.units[0].workers[3],raster_worker,entity.tile_checksum,2,0.018182,6.215457
round_2,radar_isea4h,datasets[0].timings.units[0].workers[3],raster_worker,grid.window_calculation,2,0.000641,6.215457
round_2,radar_isea4h,datasets[0].timings.units[0].workers[4],raster_worker,grid.cover,1,4.520773,5.483429
round_2,radar_isea4h,datasets[0].timings.units[0].workers[4],raster_worker,source.cache,1,0.102296,5.483429
round_2,radar_isea4h,datasets[0].timings.units[0].workers[4],raster_worker,grid.geometry,1,0.000859,5.483429
round_2,radar_isea4h,datasets[0].timings.units[0].workers[4],raster_worker,minio.tile_stat,1,0.003319,5.483429
round_2,radar_isea4h,datasets[0].timings.units[0].workers[4],raster_worker,source.checksum,1,0.028644,5.483429
round_2,radar_isea4h,datasets[0].timings.units[0].workers[4],raster_worker,source.download,1,0.101792,5.483429
round_2,radar_isea4h,datasets[0].timings.units[0].workers[4],raster_worker,entity.tile_mask,1,0.222124,5.483429
round_2,radar_isea4h,datasets[0].timings.units[0].workers[4],raster_worker,entity.tile_write,1,0.374745,5.483429
round_2,radar_isea4h,datasets[0].timings.units[0].workers[4],raster_worker,minio.tile_upload,1,0.198731,5.483429
round_2,radar_isea4h,datasets[0].timings.units[0].workers[4],raster_worker,source.raster_open,1,0.018793,5.483429
round_2,radar_isea4h,datasets[0].timings.units[0].workers[4],raster_worker,entity.tile_checksum,1,0.009173,5.483429
round_2,radar_isea4h,datasets[0].timings.units[0].workers[4],raster_worker,grid.window_calculation,1,0.000368,5.483429
round_2,radar_isea4h,datasets[0].timings.units[0].workers[5],raster_worker,grid.cover,1,4.534141,5.439958
round_2,radar_isea4h,datasets[0].timings.units[0].workers[5],raster_worker,source.cache,1,0.088706,5.439958
round_2,radar_isea4h,datasets[0].timings.units[0].workers[5],raster_worker,grid.geometry,1,0.000854,5.439958
round_2,radar_isea4h,datasets[0].timings.units[0].workers[5],raster_worker,minio.tile_stat,1,0.147709,5.439958
round_2,radar_isea4h,datasets[0].timings.units[0].workers[5],raster_worker,source.checksum,1,0.028125,5.439958
round_2,radar_isea4h,datasets[0].timings.units[0].workers[5],raster_worker,source.download,1,0.088244,5.439958
round_2,radar_isea4h,datasets[0].timings.units[0].workers[5],raster_worker,entity.tile_mask,1,0.230121,5.439958
round_2,radar_isea4h,datasets[0].timings.units[0].workers[5],raster_worker,entity.tile_write,1,0.374331,5.439958
round_2,radar_isea4h,datasets[0].timings.units[0].workers[5],raster_worker,source.raster_open,1,0.018415,5.439958
round_2,radar_isea4h,datasets[0].timings.units[0].workers[5],raster_worker,entity.tile_checksum,1,0.013391,5.439958
round_2,radar_isea4h,datasets[0].timings.units[0].workers[5],raster_worker,grid.window_calculation,1,0.000377,5.439958
round_2,radar_isea4h,datasets[0].timings.units[0].workers[6],raster_worker,grid.cover,1,4.704758,6.345689
round_2,radar_isea4h,datasets[0].timings.units[0].workers[6],raster_worker,source.cache,1,0.171062,6.345689
round_2,radar_isea4h,datasets[0].timings.units[0].workers[6],raster_worker,grid.geometry,2,0.001909,6.345689
round_2,radar_isea4h,datasets[0].timings.units[0].workers[6],raster_worker,minio.tile_stat,2,0.01359,6.345689
round_2,radar_isea4h,datasets[0].timings.units[0].workers[6],raster_worker,source.checksum,1,0.030061,6.345689
round_2,radar_isea4h,datasets[0].timings.units[0].workers[6],raster_worker,source.download,1,0.170542,6.345689
round_2,radar_isea4h,datasets[0].timings.units[0].workers[6],raster_worker,entity.tile_mask,2,0.324343,6.345689
round_2,radar_isea4h,datasets[0].timings.units[0].workers[6],raster_worker,entity.tile_write,2,0.76916,6.345689
round_2,radar_isea4h,datasets[0].timings.units[0].workers[6],raster_worker,minio.tile_upload,1,0.286097,6.345689
round_2,radar_isea4h,datasets[0].timings.units[0].workers[6],raster_worker,source.raster_open,1,0.020735,6.345689
round_2,radar_isea4h,datasets[0].timings.units[0].workers[6],raster_worker,entity.tile_checksum,2,0.018315,6.345689
round_2,radar_isea4h,datasets[0].timings.units[0].workers[6],raster_worker,grid.window_calculation,2,0.000598,6.345689
round_2,radar_isea4h,datasets[0].timings.units[0].workers[7],raster_worker,grid.cover,1,4.630499,5.545147
round_2,radar_isea4h,datasets[0].timings.units[0].workers[7],raster_worker,source.cache,1,0.092572,5.545147
round_2,radar_isea4h,datasets[0].timings.units[0].workers[7],raster_worker,grid.geometry,1,0.000821,5.545147
round_2,radar_isea4h,datasets[0].timings.units[0].workers[7],raster_worker,minio.tile_stat,1,0.150751,5.545147
round_2,radar_isea4h,datasets[0].timings.units[0].workers[7],raster_worker,source.checksum,1,0.029122,5.545147
round_2,radar_isea4h,datasets[0].timings.units[0].workers[7],raster_worker,source.download,1,0.092084,5.545147
round_2,radar_isea4h,datasets[0].timings.units[0].workers[7],raster_worker,entity.tile_mask,1,0.230132,5.545147
round_2,radar_isea4h,datasets[0].timings.units[0].workers[7],raster_worker,entity.tile_write,1,0.379953,5.545147
round_2,radar_isea4h,datasets[0].timings.units[0].workers[7],raster_worker,source.raster_open,1,0.018096,5.545147
round_2,radar_isea4h,datasets[0].timings.units[0].workers[7],raster_worker,entity.tile_checksum,1,0.009214,5.545147
round_2,radar_isea4h,datasets[0].timings.units[0].workers[7],raster_worker,grid.window_calculation,1,0.000333,5.545147
round_2,radar_isea4h,datasets[0].timings.units[0].workers[8],raster_worker,grid.cover,1,4.715899,6.492546
round_2,radar_isea4h,datasets[0].timings.units[0].workers[8],raster_worker,source.cache,1,0.00025,6.492546
round_2,radar_isea4h,datasets[0].timings.units[0].workers[8],raster_worker,grid.geometry,3,0.003356,6.492546
round_2,radar_isea4h,datasets[0].timings.units[0].workers[8],raster_worker,minio.tile_stat,3,0.132825,6.492546
round_2,radar_isea4h,datasets[0].timings.units[0].workers[8],raster_worker,source.checksum,1,0.029896,6.492546
round_2,radar_isea4h,datasets[0].timings.units[0].workers[8],raster_worker,source.download,1,0.0,6.492546
round_2,radar_isea4h,datasets[0].timings.units[0].workers[8],raster_worker,entity.tile_mask,3,0.402551,6.492546
round_2,radar_isea4h,datasets[0].timings.units[0].workers[8],raster_worker,entity.tile_write,3,0.869334,6.492546
round_2,radar_isea4h,datasets[0].timings.units[0].workers[8],raster_worker,minio.tile_upload,1,0.289816,6.492546
round_2,radar_isea4h,datasets[0].timings.units[0].workers[8],raster_worker,source.raster_open,1,0.020285,6.492546
round_2,radar_isea4h,datasets[0].timings.units[0].workers[8],raster_worker,entity.tile_checksum,3,0.020044,6.492546
round_2,radar_isea4h,datasets[0].timings.units[0].workers[8],raster_worker,grid.window_calculation,3,0.000978,6.492546
round_2,radar_isea4h,datasets[0].timings.units[0].workers[9],raster_worker,grid.cover,1,4.57712,6.495716
round_2,radar_isea4h,datasets[0].timings.units[0].workers[9],raster_worker,source.cache,1,0.183347,6.495716
round_2,radar_isea4h,datasets[0].timings.units[0].workers[9],raster_worker,grid.geometry,3,0.003021,6.495716
round_2,radar_isea4h,datasets[0].timings.units[0].workers[9],raster_worker,minio.tile_stat,3,0.013123,6.495716
round_2,radar_isea4h,datasets[0].timings.units[0].workers[9],raster_worker,source.checksum,1,0.030228,6.495716
round_2,radar_isea4h,datasets[0].timings.units[0].workers[9],raster_worker,source.download,1,0.182858,6.495716
round_2,radar_isea4h,datasets[0].timings.units[0].workers[9],raster_worker,entity.tile_mask,3,0.360409,6.495716
round_2,radar_isea4h,datasets[0].timings.units[0].workers[9],raster_worker,entity.tile_write,3,0.879586,6.495716
round_2,radar_isea4h,datasets[0].timings.units[0].workers[9],raster_worker,minio.tile_upload,1,0.401408,6.495716
round_2,radar_isea4h,datasets[0].timings.units[0].workers[9],raster_worker,source.raster_open,1,0.020937,6.495716
round_2,radar_isea4h,datasets[0].timings.units[0].workers[9],raster_worker,entity.tile_checksum,3,0.019245,6.495716
round_2,radar_isea4h,datasets[0].timings.units[0].workers[9],raster_worker,grid.window_calculation,3,0.000866,6.495716
round_2,radar_isea4h,datasets[0].timings.units[0].workers[10],raster_worker,grid.cover,1,4.631272,6.621596
round_2,radar_isea4h,datasets[0].timings.units[0].workers[10],raster_worker,source.cache,1,0.072058,6.621596
round_2,radar_isea4h,datasets[0].timings.units[0].workers[10],raster_worker,grid.geometry,3,0.003255,6.621596
round_2,radar_isea4h,datasets[0].timings.units[0].workers[10],raster_worker,minio.tile_stat,3,0.362476,6.621596
round_2,radar_isea4h,datasets[0].timings.units[0].workers[10],raster_worker,source.checksum,1,0.031186,6.621596
round_2,radar_isea4h,datasets[0].timings.units[0].workers[10],raster_worker,source.download,1,0.071613,6.621596
round_2,radar_isea4h,datasets[0].timings.units[0].workers[10],raster_worker,entity.tile_mask,3,0.374481,6.621596
round_2,radar_isea4h,datasets[0].timings.units[0].workers[10],raster_worker,entity.tile_write,3,0.860362,6.621596
round_2,radar_isea4h,datasets[0].timings.units[0].workers[10],raster_worker,minio.tile_upload,2,0.241171,6.621596
round_2,radar_isea4h,datasets[0].timings.units[0].workers[10],raster_worker,source.raster_open,1,0.018706,6.621596
round_2,radar_isea4h,datasets[0].timings.units[0].workers[10],raster_worker,entity.tile_checksum,3,0.019151,6.621596
round_2,radar_isea4h,datasets[0].timings.units[0].workers[10],raster_worker,grid.window_calculation,3,0.000873,6.621596
round_2,radar_isea4h,datasets[0].timings.units[0].workers[11],raster_worker,grid.cover,1,4.619541,6.583223
round_2,radar_isea4h,datasets[0].timings.units[0].workers[11],raster_worker,source.cache,1,0.17953,6.583223
round_2,radar_isea4h,datasets[0].timings.units[0].workers[11],raster_worker,grid.geometry,2,0.001937,6.583223
round_2,radar_isea4h,datasets[0].timings.units[0].workers[11],raster_worker,minio.tile_stat,2,0.634468,6.583223
round_2,radar_isea4h,datasets[0].timings.units[0].workers[11],raster_worker,source.checksum,1,0.030124,6.583223
round_2,radar_isea4h,datasets[0].timings.units[0].workers[11],raster_worker,source.download,1,0.179006,6.583223
round_2,radar_isea4h,datasets[0].timings.units[0].workers[11],raster_worker,entity.tile_mask,2,0.323481,6.583223
round_2,radar_isea4h,datasets[0].timings.units[0].workers[11],raster_worker,entity.tile_write,2,0.751646,6.583223
round_2,radar_isea4h,datasets[0].timings.units[0].workers[11],raster_worker,source.raster_open,1,0.018859,6.583223
round_2,radar_isea4h,datasets[0].timings.units[0].workers[11],raster_worker,entity.tile_checksum,2,0.017967,6.583223
round_2,radar_isea4h,datasets[0].timings.units[0].workers[11],raster_worker,grid.window_calculation,2,0.000587,6.583223
round_2,radar_isea4h,datasets[0].timings.units[0].workers[12],raster_worker,grid.cover,1,4.592889,5.84561
round_2,radar_isea4h,datasets[0].timings.units[0].workers[12],raster_worker,source.cache,1,0.113242,5.84561
round_2,radar_isea4h,datasets[0].timings.units[0].workers[12],raster_worker,grid.geometry,2,0.002087,5.84561
round_2,radar_isea4h,datasets[0].timings.units[0].workers[12],raster_worker,minio.tile_stat,2,0.010874,5.84561
round_2,radar_isea4h,datasets[0].timings.units[0].workers[12],raster_worker,source.checksum,1,0.028967,5.84561
round_2,radar_isea4h,datasets[0].timings.units[0].workers[12],raster_worker,source.download,1,0.112797,5.84561
round_2,radar_isea4h,datasets[0].timings.units[0].workers[12],raster_worker,entity.tile_mask,2,0.316507,5.84561
round_2,radar_isea4h,datasets[0].timings.units[0].workers[12],raster_worker,entity.tile_write,2,0.737581,5.84561
round_2,radar_isea4h,datasets[0].timings.units[0].workers[12],raster_worker,source.raster_open,1,0.018098,5.84561
round_2,radar_isea4h,datasets[0].timings.units[0].workers[12],raster_worker,entity.tile_checksum,2,0.019397,5.84561
round_2,radar_isea4h,datasets[0].timings.units[0].workers[12],raster_worker,grid.window_calculation,2,0.000592,5.84561
round_2,radar_isea4h,datasets[0].timings.units[0].workers[13],raster_worker,grid.cover,1,4.713933,5.981374
round_2,radar_isea4h,datasets[0].timings.units[0].workers[13],raster_worker,source.cache,1,0.094834,5.981374
round_2,radar_isea4h,datasets[0].timings.units[0].workers[13],raster_worker,grid.geometry,2,0.001848,5.981374
round_2,radar_isea4h,datasets[0].timings.units[0].workers[13],raster_worker,minio.tile_stat,2,0.069702,5.981374
round_2,radar_isea4h,datasets[0].timings.units[0].workers[13],raster_worker,source.checksum,1,0.027418,5.981374
round_2,radar_isea4h,datasets[0].timings.units[0].workers[13],raster_worker,source.download,1,0.094407,5.981374
round_2,radar_isea4h,datasets[0].timings.units[0].workers[13],raster_worker,entity.tile_mask,2,0.316532,5.981374
round_2,radar_isea4h,datasets[0].timings.units[0].workers[13],raster_worker,entity.tile_write,2,0.715802,5.981374
round_2,radar_isea4h,datasets[0].timings.units[0].workers[13],raster_worker,source.raster_open,1,0.01802,5.981374
round_2,radar_isea4h,datasets[0].timings.units[0].workers[13],raster_worker,entity.tile_checksum,2,0.017931,5.981374
round_2,radar_isea4h,datasets[0].timings.units[0].workers[13],raster_worker,grid.window_calculation,2,0.000604,5.981374
round_2,radar_isea4h,datasets[0].timings.units[0].workers[14],raster_worker,grid.cover,1,4.793497,6.058199
round_2,radar_isea4h,datasets[0].timings.units[0].workers[14],raster_worker,source.cache,1,0.1101,6.058199
round_2,radar_isea4h,datasets[0].timings.units[0].workers[14],raster_worker,grid.geometry,2,0.00187,6.058199
round_2,radar_isea4h,datasets[0].timings.units[0].workers[14],raster_worker,minio.tile_stat,2,0.007797,6.058199
round_2,radar_isea4h,datasets[0].timings.units[0].workers[14],raster_worker,source.checksum,1,0.02726,6.058199
round_2,radar_isea4h,datasets[0].timings.units[0].workers[14],raster_worker,source.download,1,0.109661,6.058199
round_2,radar_isea4h,datasets[0].timings.units[0].workers[14],raster_worker,entity.tile_mask,2,0.333589,6.058199
round_2,radar_isea4h,datasets[0].timings.units[0].workers[14],raster_worker,entity.tile_write,2,0.740463,6.058199
round_2,radar_isea4h,datasets[0].timings.units[0].workers[14],raster_worker,source.raster_open,1,0.017395,6.058199
round_2,radar_isea4h,datasets[0].timings.units[0].workers[14],raster_worker,entity.tile_checksum,2,0.020763,6.058199
round_2,radar_isea4h,datasets[0].timings.units[0].workers[14],raster_worker,grid.window_calculation,2,0.00058,6.058199
round_2,radar_isea4h,datasets[0].timings.units[0].workers[15],raster_worker,grid.cover,1,4.679093,6.951679
round_2,radar_isea4h,datasets[0].timings.units[0].workers[15],raster_worker,source.cache,1,0.153877,6.951679
round_2,radar_isea4h,datasets[0].timings.units[0].workers[15],raster_worker,grid.geometry,3,0.003146,6.951679
round_2,radar_isea4h,datasets[0].timings.units[0].workers[15],raster_worker,minio.tile_stat,3,0.798866,6.951679
round_2,radar_isea4h,datasets[0].timings.units[0].workers[15],raster_worker,source.checksum,1,0.028753,6.951679
round_2,radar_isea4h,datasets[0].timings.units[0].workers[15],raster_worker,source.download,1,0.153377,6.951679
round_2,radar_isea4h,datasets[0].timings.units[0].workers[15],raster_worker,entity.tile_mask,3,0.366455,6.951679
round_2,radar_isea4h,datasets[0].timings.units[0].workers[15],raster_worker,entity.tile_write,3,0.874983,6.951679
round_2,radar_isea4h,datasets[0].timings.units[0].workers[15],raster_worker,source.raster_open,1,0.019489,6.951679
round_2,radar_isea4h,datasets[0].timings.units[0].workers[15],raster_worker,entity.tile_checksum,3,0.019593,6.951679
round_2,radar_isea4h,datasets[0].timings.units[0].workers[15],raster_worker,grid.window_calculation,3,0.000822,6.951679
round_2,radar_isea4h,datasets[0].timings.units[0].source_preflight,source_preflight,minio.stat,1,0.172233,8.954233
round_2,radar_isea4h,datasets[0].timings.units[1].driver,raster_driver,ray.wait,17,1.782951,1.829871
round_2,radar_isea4h,datasets[0].timings.units[1].driver,raster_driver,ray.result_get,16,0.003959,1.829871
round_2,radar_isea4h,datasets[0].timings.units[1].driver,raster_driver,ray.task_submit,16,0.015711,1.829871
round_2,radar_isea4h,datasets[0].timings.units[1].driver,raster_driver,driver.result_merge,16,9.3e-05,1.829871
round_2,radar_isea4h,datasets[0].timings.units[1].workers[0],raster_worker,grid.cover,1,0.007405,1.026393
round_2,radar_isea4h,datasets[0].timings.units[1].workers[0],raster_worker,source.cache,1,0.388155,1.026393
round_2,radar_isea4h,datasets[0].timings.units[1].workers[0],raster_worker,grid.geometry,1,0.00085,1.026393
round_2,radar_isea4h,datasets[0].timings.units[1].workers[0],raster_worker,minio.tile_stat,1,0.010855,1.026393
round_2,radar_isea4h,datasets[0].timings.units[1].workers[0],raster_worker,source.checksum,1,0.030942,1.026393
round_2,radar_isea4h,datasets[0].timings.units[1].workers[0],raster_worker,source.download,1,0.387688,1.026393
round_2,radar_isea4h,datasets[0].timings.units[1].workers[0],raster_worker,entity.tile_mask,1,0.224141,1.026393
round_2,radar_isea4h,datasets[0].timings.units[1].workers[0],raster_worker,entity.tile_write,1,0.350755,1.026393
round_2,radar_isea4h,datasets[0].timings.units[1].workers[0],raster_worker,source.raster_open,1,0.001718,1.026393
round_2,radar_isea4h,datasets[0].timings.units[1].workers[0],raster_worker,entity.tile_checksum,1,0.009174,1.026393
round_2,radar_isea4h,datasets[0].timings.units[1].workers[0],raster_worker,grid.window_calculation,1,0.000225,1.026393
round_2,radar_isea4h,datasets[0].timings.units[1].workers[1],raster_worker,grid.cover,1,0.009441,1.06147
round_2,radar_isea4h,datasets[0].timings.units[1].workers[1],raster_worker,source.cache,1,0.403094,1.06147
round_2,radar_isea4h,datasets[0].timings.units[1].workers[1],raster_worker,grid.geometry,1,0.000826,1.06147
round_2,radar_isea4h,datasets[0].timings.units[1].workers[1],raster_worker,minio.tile_stat,1,0.005056,1.06147
round_2,radar_isea4h,datasets[0].timings.units[1].workers[1],raster_worker,source.checksum,1,0.053605,1.06147
round_2,radar_isea4h,datasets[0].timings.units[1].workers[1],raster_worker,source.download,1,0.402648,1.06147
round_2,radar_isea4h,datasets[0].timings.units[1].workers[1],raster_worker,entity.tile_mask,1,0.211826,1.06147
round_2,radar_isea4h,datasets[0].timings.units[1].workers[1],raster_worker,entity.tile_write,1,0.350151,1.06147
round_2,radar_isea4h,datasets[0].timings.units[1].workers[1],raster_worker,source.raster_open,1,0.00187,1.06147
round_2,radar_isea4h,datasets[0].timings.units[1].workers[1],raster_worker,entity.tile_checksum,1,0.022894,1.06147
round_2,radar_isea4h,datasets[0].timings.units[1].workers[1],raster_worker,grid.window_calculation,1,0.000245,1.06147
round_2,radar_isea4h,datasets[0].timings.units[1].workers[2],raster_worker,grid.cover,1,0.007366,1.099964
round_2,radar_isea4h,datasets[0].timings.units[1].workers[2],raster_worker,source.cache,1,0.417094,1.099964
round_2,radar_isea4h,datasets[0].timings.units[1].workers[2],raster_worker,grid.geometry,1,0.000815,1.099964
round_2,radar_isea4h,datasets[0].timings.units[1].workers[2],raster_worker,minio.tile_stat,1,0.005177,1.099964
round_2,radar_isea4h,datasets[0].timings.units[1].workers[2],raster_worker,source.checksum,1,0.063861,1.099964
round_2,radar_isea4h,datasets[0].timings.units[1].workers[2],raster_worker,source.download,1,0.41668,1.099964
round_2,radar_isea4h,datasets[0].timings.units[1].workers[2],raster_worker,entity.tile_mask,1,0.216697,1.099964
round_2,radar_isea4h,datasets[0].timings.units[1].workers[2],raster_worker,entity.tile_write,1,0.358376,1.099964
round_2,radar_isea4h,datasets[0].timings.units[1].workers[2],raster_worker,source.raster_open,1,0.001477,1.099964
round_2,radar_isea4h,datasets[0].timings.units[1].workers[2],raster_worker,entity.tile_checksum,1,0.02668,1.099964
round_2,radar_isea4h,datasets[0].timings.units[1].workers[2],raster_worker,grid.window_calculation,1,0.000235,1.099964
round_2,radar_isea4h,datasets[0].timings.units[1].workers[3],raster_worker,grid.cover,1,0.005939,1.302949
round_2,radar_isea4h,datasets[0].timings.units[1].workers[3],raster_worker,source.cache,1,0.452479,1.302949
round_2,radar_isea4h,datasets[0].timings.units[1].workers[3],raster_worker,grid.geometry,1,0.000741,1.302949
round_2,radar_isea4h,datasets[0].timings.units[1].workers[3],raster_worker,minio.tile_stat,1,0.006018,1.302949
round_2,radar_isea4h,datasets[0].timings.units[1].workers[3],raster_worker,source.checksum,1,0.048387,1.302949
round_2,radar_isea4h,datasets[0].timings.units[1].workers[3],raster_worker,source.download,1,0.452047,1.302949
round_2,radar_isea4h,datasets[0].timings.units[1].workers[3],raster_worker,entity.tile_mask,1,0.201177,1.302949
round_2,radar_isea4h,datasets[0].timings.units[1].workers[3],raster_worker,entity.tile_write,1,0.390262,1.302949
round_2,radar_isea4h,datasets[0].timings.units[1].workers[3],raster_worker,minio.tile_upload,1,0.183435,1.302949
round_2,radar_isea4h,datasets[0].timings.units[1].workers[3],raster_worker,source.raster_open,1,0.001481,1.302949
round_2,radar_isea4h,datasets[0].timings.units[1].workers[3],raster_worker,entity.tile_checksum,1,0.010771,1.302949
round_2,radar_isea4h,datasets[0].timings.units[1].workers[3],raster_worker,grid.window_calculation,1,0.000232,1.302949
round_2,radar_isea4h,datasets[0].timings.units[1].workers[4],raster_worker,grid.cover,1,0.006185,1.475759
round_2,radar_isea4h,datasets[0].timings.units[1].workers[4],raster_worker,source.cache,1,0.460056,1.475759
round_2,radar_isea4h,datasets[0].timings.units[1].workers[4],raster_worker,grid.geometry,1,0.000734,1.475759
round_2,radar_isea4h,datasets[0].timings.units[1].workers[4],raster_worker,minio.tile_stat,1,0.003171,1.475759
round_2,radar_isea4h,datasets[0].timings.units[1].workers[4],raster_worker,source.checksum,1,0.026495,1.475759
round_2,radar_isea4h,datasets[0].timings.units[1].workers[4],raster_worker,source.download,1,0.459584,1.475759
round_2,radar_isea4h,datasets[0].timings.units[1].workers[4],raster_worker,entity.tile_mask,1,0.225613,1.475759
round_2,radar_isea4h,datasets[0].timings.units[1].workers[4],raster_worker,entity.tile_write,1,0.403686,1.475759
round_2,radar_isea4h,datasets[0].timings.units[1].workers[4],raster_worker,minio.tile_upload,1,0.336087,1.475759
round_2,radar_isea4h,datasets[0].timings.units[1].workers[4],raster_worker,source.raster_open,1,0.001806,1.475759
round_2,radar_isea4h,datasets[0].timings.units[1].workers[4],raster_worker,entity.tile_checksum,1,0.009495,1.475759
round_2,radar_isea4h,datasets[0].timings.units[1].workers[4],raster_worker,grid.window_calculation,1,0.000233,1.475759
round_2,radar_isea4h,datasets[0].timings.units[1].workers[5],raster_worker,grid.cover,1,0.006608,1.562335
round_2,radar_isea4h,datasets[0].timings.units[1].workers[5],raster_worker,source.cache,1,0.437536,1.562335
round_2,radar_isea4h,datasets[0].timings.units[1].workers[5],raster_worker,grid.geometry,1,0.00082,1.562335
round_2,radar_isea4h,datasets[0].timings.units[1].workers[5],raster_worker,minio.tile_stat,1,0.003422,1.562335
round_2,radar_isea4h,datasets[0].timings.units[1].workers[5],raster_worker,source.checksum,1,0.065259,1.562335
round_2,radar_isea4h,datasets[0].timings.units[1].workers[5],raster_worker,source.download,1,0.437065,1.562335
round_2,radar_isea4h,datasets[0].timings.units[1].workers[5],raster_worker,entity.tile_mask,1,0.211471,1.562335
round_2,radar_isea4h,datasets[0].timings.units[1].workers[5],raster_worker,entity.tile_write,1,0.394378,1.562335
round_2,radar_isea4h,datasets[0].timings.units[1].workers[5],raster_worker,minio.tile_upload,1,0.42926,1.562335
round_2,radar_isea4h,datasets[0].timings.units[1].workers[5],raster_worker,source.raster_open,1,0.001572,1.562335
round_2,radar_isea4h,datasets[0].timings.units[1].workers[5],raster_worker,entity.tile_checksum,1,0.009677,1.562335
round_2,radar_isea4h,datasets[0].timings.units[1].workers[5],raster_worker,grid.window_calculation,1,0.000231,1.562335
round_2,radar_isea4h,datasets[0].timings.units[1].workers[6],raster_worker,grid.cover,1,0.006879,1.592463
round_2,radar_isea4h,datasets[0].timings.units[1].workers[6],raster_worker,source.cache,1,0.47078,1.592463
round_2,radar_isea4h,datasets[0].timings.units[1].workers[6],raster_worker,grid.geometry,2,0.001965,1.592463
round_2,radar_isea4h,datasets[0].timings.units[1].workers[6],raster_worker,minio.tile_stat,2,0.010482,1.592463
round_2,radar_isea4h,datasets[0].timings.units[1].workers[6],raster_worker,source.checksum,1,0.052989,1.592463
round_2,radar_isea4h,datasets[0].timings.units[1].workers[6],raster_worker,source.download,1,0.470304,1.592463
round_2,radar_isea4h,datasets[0].timings.units[1].workers[6],raster_worker,entity.tile_mask,2,0.31294,1.592463
round_2,radar_isea4h,datasets[0].timings.units[1].workers[6],raster_worker,entity.tile_write,2,0.711422,1.592463
round_2,radar_isea4h,datasets[0].timings.units[1].workers[6],raster_worker,source.raster_open,1,0.001717,1.592463
round_2,radar_isea4h,datasets[0].timings.units[1].workers[6],raster_worker,entity.tile_checksum,2,0.018918,1.592463
round_2,radar_isea4h,datasets[0].timings.units[1].workers[6],raster_worker,grid.window_calculation,2,0.000514,1.592463
round_2,radar_isea4h,datasets[0].timings.units[1].workers[7],raster_worker,grid.cover,1,0.005895,1.593482
round_2,radar_isea4h,datasets[0].timings.units[1].workers[7],raster_worker,source.cache,1,0.458282,1.593482
round_2,radar_isea4h,datasets[0].timings.units[1].workers[7],raster_worker,grid.geometry,2,0.002077,1.593482
round_2,radar_isea4h,datasets[0].timings.units[1].workers[7],raster_worker,minio.tile_stat,2,0.009262,1.593482
round_2,radar_isea4h,datasets[0].timings.units[1].workers[7],raster_worker,source.checksum,1,0.0519,1.593482
round_2,radar_isea4h,datasets[0].timings.units[1].workers[7],raster_worker,source.download,1,0.457789,1.593482
round_2,radar_isea4h,datasets[0].timings.units[1].workers[7],raster_worker,entity.tile_mask,2,0.296723,1.593482
round_2,radar_isea4h,datasets[0].timings.units[1].workers[7],raster_worker,entity.tile_write,2,0.72811,1.593482
round_2,radar_isea4h,datasets[0].timings.units[1].workers[7],raster_worker,source.raster_open,1,0.001684,1.593482
round_2,radar_isea4h,datasets[0].timings.units[1].workers[7],raster_worker,entity.tile_checksum,2,0.035104,1.593482
round_2,radar_isea4h,datasets[0].timings.units[1].workers[7],raster_worker,grid.window_calculation,2,0.00054,1.593482
round_2,radar_isea4h,datasets[0].timings.units[1].workers[8],raster_worker,grid.cover,1,0.005717,1.603754
round_2,radar_isea4h,datasets[0].timings.units[1].workers[8],raster_worker,source.cache,1,0.455192,1.603754
round_2,radar_isea4h,datasets[0].timings.units[1].workers[8],raster_worker,grid.geometry,2,0.001883,1.603754
round_2,radar_isea4h,datasets[0].timings.units[1].workers[8],raster_worker,minio.tile_stat,2,0.007142,1.603754
round_2,radar_isea4h,datasets[0].timings.units[1].workers[8],raster_worker,source.checksum,1,0.06589,1.603754
round_2,radar_isea4h,datasets[0].timings.units[1].workers[8],raster_worker,source.download,1,0.454573,1.603754
round_2,radar_isea4h,datasets[0].timings.units[1].workers[8],raster_worker,entity.tile_mask,2,0.318774,1.603754
round_2,radar_isea4h,datasets[0].timings.units[1].workers[8],raster_worker,entity.tile_write,2,0.724549,1.603754
round_2,radar_isea4h,datasets[0].timings.units[1].workers[8],raster_worker,source.raster_open,1,0.001661,1.603754
round_2,radar_isea4h,datasets[0].timings.units[1].workers[8],raster_worker,entity.tile_checksum,2,0.018737,1.603754
round_2,radar_isea4h,datasets[0].timings.units[1].workers[8],raster_worker,grid.window_calculation,2,0.000481,1.603754
round_2,radar_isea4h,datasets[0].timings.units[1].workers[9],raster_worker,grid.cover,1,0.00561,1.606954
round_2,radar_isea4h,datasets[0].timings.units[1].workers[9],raster_worker,source.cache,1,0.456311,1.606954
round_2,radar_isea4h,datasets[0].timings.units[1].workers[9],raster_worker,grid.geometry,2,0.001912,1.606954
round_2,radar_isea4h,datasets[0].timings.units[1].workers[9],raster_worker,minio.tile_stat,2,0.007646,1.606954
round_2,radar_isea4h,datasets[0].timings.units[1].workers[9],raster_worker,source.checksum,1,0.025166,1.606954
round_2,radar_isea4h,datasets[0].timings.units[1].workers[9],raster_worker,source.download,1,0.455814,1.606954
round_2,radar_isea4h,datasets[0].timings.units[1].workers[9],raster_worker,entity.tile_mask,2,0.330526,1.606954
round_2,radar_isea4h,datasets[0].timings.units[1].workers[9],raster_worker,entity.tile_write,2,0.742255,1.606954
round_2,radar_isea4h,datasets[0].timings.units[1].workers[9],raster_worker,source.raster_open,1,0.001688,1.606954
round_2,radar_isea4h,datasets[0].timings.units[1].workers[9],raster_worker,entity.tile_checksum,2,0.030633,1.606954
round_2,radar_isea4h,datasets[0].timings.units[1].workers[9],raster_worker,grid.window_calculation,2,0.000504,1.606954
round_2,radar_isea4h,datasets[0].timings.units[1].workers[10],raster_worker,grid.cover,1,0.005447,1.633612
round_2,radar_isea4h,datasets[0].timings.units[1].workers[10],raster_worker,source.cache,1,0.439323,1.633612
round_2,radar_isea4h,datasets[0].timings.units[1].workers[10],raster_worker,grid.geometry,2,0.002115,1.633612
round_2,radar_isea4h,datasets[0].timings.units[1].workers[10],raster_worker,minio.tile_stat,2,0.007951,1.633612
round_2,radar_isea4h,datasets[0].timings.units[1].workers[10],raster_worker,source.checksum,1,0.05633,1.633612
round_2,radar_isea4h,datasets[0].timings.units[1].workers[10],raster_worker,source.download,1,0.438889,1.633612
round_2,radar_isea4h,datasets[0].timings.units[1].workers[10],raster_worker,entity.tile_mask,2,0.326103,1.633612
round_2,radar_isea4h,datasets[0].timings.units[1].workers[10],raster_worker,entity.tile_write,2,0.758865,1.633612
round_2,radar_isea4h,datasets[0].timings.units[1].workers[10],raster_worker,source.raster_open,1,0.002729,1.633612
round_2,radar_isea4h,datasets[0].timings.units[1].workers[10],raster_worker,entity.tile_checksum,2,0.030393,1.633612
round_2,radar_isea4h,datasets[0].timings.units[1].workers[10],raster_worker,grid.window_calculation,2,0.000511,1.633612
round_2,radar_isea4h,datasets[0].timings.units[1].workers[11],raster_worker,grid.cover,1,0.006269,1.668896
round_2,radar_isea4h,datasets[0].timings.units[1].workers[11],raster_worker,source.cache,1,0.000256,1.668896
round_2,radar_isea4h,datasets[0].timings.units[1].workers[11],raster_worker,grid.geometry,3,0.003085,1.668896
round_2,radar_isea4h,datasets[0].timings.units[1].workers[11],raster_worker,minio.tile_stat,3,0.021066,1.668896
round_2,radar_isea4h,datasets[0].timings.units[1].workers[11],raster_worker,source.checksum,1,0.032134,1.668896
round_2,radar_isea4h,datasets[0].timings.units[1].workers[11],raster_worker,source.download,1,0.0,1.668896
round_2,radar_isea4h,datasets[0].timings.units[1].workers[11],raster_worker,entity.tile_mask,3,0.35604,1.668896
round_2,radar_isea4h,datasets[0].timings.units[1].workers[11],raster_worker,entity.tile_write,3,0.858886,1.668896
round_2,radar_isea4h,datasets[0].timings.units[1].workers[11],raster_worker,minio.tile_upload,1,0.355195,1.668896
round_2,radar_isea4h,datasets[0].timings.units[1].workers[11],raster_worker,source.raster_open,1,0.001643,1.668896
round_2,radar_isea4h,datasets[0].timings.units[1].workers[11],raster_worker,entity.tile_checksum,3,0.028404,1.668896
round_2,radar_isea4h,datasets[0].timings.units[1].workers[11],raster_worker,grid.window_calculation,3,0.00077,1.668896
round_2,radar_isea4h,datasets[0].timings.units[1].workers[12],raster_worker,grid.cover,1,0.006438,1.701661
round_2,radar_isea4h,datasets[0].timings.units[1].workers[12],raster_worker,source.cache,1,0.45425,1.701661
round_2,radar_isea4h,datasets[0].timings.units[1].workers[12],raster_worker,grid.geometry,3,0.003066,1.701661
round_2,radar_isea4h,datasets[0].timings.units[1].workers[12],raster_worker,minio.tile_stat,3,0.011818,1.701661
round_2,radar_isea4h,datasets[0].timings.units[1].workers[12],raster_worker,source.checksum,1,0.022378,1.701661
round_2,radar_isea4h,datasets[0].timings.units[1].workers[12],raster_worker,source.download,1,0.453689,1.701661
round_2,radar_isea4h,datasets[0].timings.units[1].workers[12],raster_worker,entity.tile_mask,3,0.317103,1.701661
round_2,radar_isea4h,datasets[0].timings.units[1].workers[12],raster_worker,entity.tile_write,3,0.853537,1.701661
round_2,radar_isea4h,datasets[0].timings.units[1].workers[12],raster_worker,source.raster_open,1,0.001761,1.701661
round_2,radar_isea4h,datasets[0].timings.units[1].workers[12],raster_worker,entity.tile_checksum,3,0.025504,1.701661
round_2,radar_isea4h,datasets[0].timings.units[1].workers[12],raster_worker,grid.window_calculation,3,0.000798,1.701661
round_2,radar_isea4h,datasets[0].timings.units[1].workers[13],raster_worker,grid.cover,1,0.006566,1.714969
round_2,radar_isea4h,datasets[0].timings.units[1].workers[13],raster_worker,source.cache,1,0.000278,1.714969
round_2,radar_isea4h,datasets[0].timings.units[1].workers[13],raster_worker,grid.geometry,3,0.002976,1.714969
round_2,radar_isea4h,datasets[0].timings.units[1].workers[13],raster_worker,minio.tile_stat,3,0.187849,1.714969
round_2,radar_isea4h,datasets[0].timings.units[1].workers[13],raster_worker,source.checksum,1,0.050904,1.714969
round_2,radar_isea4h,datasets[0].timings.units[1].workers[13],raster_worker,source.download,1,0.0,1.714969
round_2,radar_isea4h,datasets[0].timings.units[1].workers[13],raster_worker,entity.tile_mask,3,0.337931,1.714969
round_2,radar_isea4h,datasets[0].timings.units[1].workers[13],raster_worker,entity.tile_write,3,0.859613,1.714969
round_2,radar_isea4h,datasets[0].timings.units[1].workers[13],raster_worker,minio.tile_upload,2,0.228963,1.714969
round_2,radar_isea4h,datasets[0].timings.units[1].workers[13],raster_worker,source.raster_open,1,0.001664,1.714969
round_2,radar_isea4h,datasets[0].timings.units[1].workers[13],raster_worker,entity.tile_checksum,3,0.032231,1.714969
round_2,radar_isea4h,datasets[0].timings.units[1].workers[13],raster_worker,grid.window_calculation,3,0.000753,1.714969
round_2,radar_isea4h,datasets[0].timings.units[1].workers[14],raster_worker,grid.cover,1,0.006697,1.746597
round_2,radar_isea4h,datasets[0].timings.units[1].workers[14],raster_worker,source.cache,1,0.447435,1.746597
round_2,radar_isea4h,datasets[0].timings.units[1].workers[14],raster_worker,grid.geometry,3,0.003242,1.746597
round_2,radar_isea4h,datasets[0].timings.units[1].workers[14],raster_worker,minio.tile_stat,3,0.010924,1.746597
round_2,radar_isea4h,datasets[0].timings.units[1].workers[14],raster_worker,source.checksum,1,0.022559,1.746597
round_2,radar_isea4h,datasets[0].timings.units[1].workers[14],raster_worker,source.download,1,0.446963,1.746597
round_2,radar_isea4h,datasets[0].timings.units[1].workers[14],raster_worker,entity.tile_mask,3,0.3303,1.746597
round_2,radar_isea4h,datasets[0].timings.units[1].workers[14],raster_worker,entity.tile_write,3,0.87966,1.746597
round_2,radar_isea4h,datasets[0].timings.units[1].workers[14],raster_worker,source.raster_open,1,0.001774,1.746597
round_2,radar_isea4h,datasets[0].timings.units[1].workers[14],raster_worker,entity.tile_checksum,3,0.037826,1.746597
round_2,radar_isea4h,datasets[0].timings.units[1].workers[14],raster_worker,grid.window_calculation,3,0.000814,1.746597
round_2,radar_isea4h,datasets[0].timings.units[1].workers[15],raster_worker,grid.cover,1,0.005501,1.801011
round_2,radar_isea4h,datasets[0].timings.units[1].workers[15],raster_worker,source.cache,1,0.449538,1.801011
round_2,radar_isea4h,datasets[0].timings.units[1].workers[15],raster_worker,grid.geometry,2,0.001816,1.801011
round_2,radar_isea4h,datasets[0].timings.units[1].workers[15],raster_worker,minio.tile_stat,2,0.265601,1.801011
round_2,radar_isea4h,datasets[0].timings.units[1].workers[15],raster_worker,source.checksum,1,0.020843,1.801011
round_2,radar_isea4h,datasets[0].timings.units[1].workers[15],raster_worker,source.download,1,0.44905,1.801011
round_2,radar_isea4h,datasets[0].timings.units[1].workers[15],raster_worker,entity.tile_mask,2,0.315502,1.801011
round_2,radar_isea4h,datasets[0].timings.units[1].workers[15],raster_worker,entity.tile_write,2,0.714425,1.801011
round_2,radar_isea4h,datasets[0].timings.units[1].workers[15],raster_worker,source.raster_open,1,0.001733,1.801011
round_2,radar_isea4h,datasets[0].timings.units[1].workers[15],raster_worker,entity.tile_checksum,2,0.022061,1.801011
round_2,radar_isea4h,datasets[0].timings.units[1].workers[15],raster_worker,grid.window_calculation,2,0.000478,1.801011
round_2,radar_isea4h,datasets[0].timings.units[1].source_preflight,source_preflight,minio.stat,1,0.006009,1.836089
round_2,radar_isea4h,datasets[0].timings.workflow,workflow_dataset,runner.execute,1,10.791983,10.997385
round_2,radar_isea4h,datasets[0].timings.workflow,workflow_dataset,opengauss.start_output,1,0.014469,10.997385
round_2,radar_isea4h,datasets[0].timings.workflow,workflow_dataset,opengauss.complete_output,1,0.189829,10.997385
round_2,product_geohash,timings.job_driver,ray_job_driver,workflow.run,1,1.934417,2.089956
round_2,product_geohash,timings.job_driver,ray_job_driver,driver.bootstrap,1,0.15043,2.089956
round_2,product_geohash,timings.job_driver,ray_job_driver,task.start_attempt,1,0.004369,2.089956
round_2,product_geohash,datasets[0].timings.units[0].driver,logical_batch_driver,ray.init,1,0.070865,1.505784
round_2,product_geohash,datasets[0].timings.units[0].driver,logical_batch_driver,ray.wait,2,1.386634,1.505784
round_2,product_geohash,datasets[0].timings.units[0].driver,logical_batch_driver,ray.result_get,1,0.000356,1.505784
round_2,product_geohash,datasets[0].timings.units[0].driver,logical_batch_driver,ray.task_submit,1,0.042239,1.505784
round_2,product_geohash,datasets[0].timings.units[0].driver,logical_batch_driver,ray.task_prepare,2,0.000252,1.505784
round_2,product_geohash,datasets[0].timings.units[0].driver,logical_batch_driver,driver.result_merge,1,5e-06,1.505784
round_2,product_geohash,datasets[0].timings.units[0].workers[0],logical_worker,grid.cover,4,0.009334,0.170735
round_2,product_geohash,datasets[0].timings.units[0].workers[0],logical_worker,grid.geometry,40,0.00033,0.170735
round_2,product_geohash,datasets[0].timings.units[0].workers[0],logical_worker,minio.chunk_stat,1,0.00727,0.170735
round_2,product_geohash,datasets[0].timings.units[0].workers[0],logical_worker,minio.chunk_upload,1,0.046255,0.170735
round_2,product_geohash,datasets[0].timings.units[0].workers[0],logical_worker,logical.row_generation,4,0.00306,0.170735
round_2,product_geohash,datasets[0].timings.units[0].workers[0],logical_worker,logical.chunk_serialize,1,0.003255,0.170735
round_2,product_geohash,datasets[0].timings.units[0].workers[0],logical_worker,opengauss.logical_stage,1,0.100928,0.170735
round_2,product_geohash,datasets[0].timings.units[0].source_preflight,source_preflight,minio.stat,1,0.155535,1.856181
round_2,product_geohash,datasets[0].timings.workflow,workflow_dataset,runner.execute,1,1.856839,1.934026
round_2,product_geohash,datasets[0].timings.workflow,workflow_dataset,opengauss.start_output,1,0.010418,1.934026
round_2,product_geohash,datasets[0].timings.workflow,workflow_dataset,opengauss.complete_output,1,0.016577,1.934026
round_2,product_geohash,datasets[0].timings.workflow,workflow_dataset,opengauss.record_output_chunks,1,0.004963,1.934026
round_2,product_geohash,datasets[0].timings.workflow,workflow_dataset,opengauss.verify_output_chunks,1,0.020736,1.934026
round_2,product_geohash,datasets[0].timings.workflow,workflow_dataset,opengauss.promote_logical_staging,1,0.022798,1.934026
round_2,product_mgrs,timings.job_driver,ray_job_driver,workflow.run,1,2.873057,3.111937
round_2,product_mgrs,timings.job_driver,ray_job_driver,driver.bootstrap,1,0.185389,3.111937
round_2,product_mgrs,timings.job_driver,ray_job_driver,task.start_attempt,1,0.05274,3.111937
round_2,product_mgrs,datasets[0].timings.units[0].driver,logical_batch_driver,ray.init,1,0.068674,1.944543
round_2,product_mgrs,datasets[0].timings.units[0].driver,logical_batch_driver,ray.wait,2,1.828967,1.944543
round_2,product_mgrs,datasets[0].timings.units[0].driver,logical_batch_driver,ray.result_get,1,0.000319,1.944543
round_2,product_mgrs,datasets[0].timings.units[0].driver,logical_batch_driver,ray.task_submit,1,0.041815,1.944543
round_2,product_mgrs,datasets[0].timings.units[0].driver,logical_batch_driver,ray.task_prepare,2,0.000313,1.944543
round_2,product_mgrs,datasets[0].timings.units[0].driver,logical_batch_driver,driver.result_merge,1,5e-06,1.944543
round_2,product_mgrs,datasets[0].timings.units[0].workers[0],logical_worker,grid.cover,4,0.250588,0.585724
round_2,product_mgrs,datasets[0].timings.units[0].workers[0],logical_worker,grid.geometry,238,0.029252,0.585724
round_2,product_mgrs,datasets[0].timings.units[0].workers[0],logical_worker,minio.chunk_stat,1,0.007783,0.585724
round_2,product_mgrs,datasets[0].timings.units[0].workers[0],logical_worker,minio.chunk_upload,1,0.037836,0.585724
round_2,product_mgrs,datasets[0].timings.units[0].workers[0],logical_worker,logical.row_generation,4,0.043295,0.585724
round_2,product_mgrs,datasets[0].timings.units[0].workers[0],logical_worker,logical.chunk_serialize,1,0.070846,0.585724
round_2,product_mgrs,datasets[0].timings.units[0].workers[0],logical_worker,opengauss.logical_stage,1,0.173969,0.585724
round_2,product_mgrs,datasets[0].timings.units[0].source_preflight,source_preflight,minio.stat,1,0.157299,2.294072
round_2,product_mgrs,datasets[0].timings.workflow,workflow_dataset,runner.execute,1,2.294912,2.872721
round_2,product_mgrs,datasets[0].timings.workflow,workflow_dataset,opengauss.start_output,1,0.375969,2.872721
round_2,product_mgrs,datasets[0].timings.workflow,workflow_dataset,opengauss.complete_output,1,0.018281,2.872721
round_2,product_mgrs,datasets[0].timings.workflow,workflow_dataset,opengauss.record_output_chunks,1,0.014351,2.872721
round_2,product_mgrs,datasets[0].timings.workflow,workflow_dataset,opengauss.verify_output_chunks,1,0.08073,2.872721
round_2,product_mgrs,datasets[0].timings.workflow,workflow_dataset,opengauss.promote_logical_staging,1,0.086755,2.872721
round_2,product_isea4h,timings.job_driver,ray_job_driver,workflow.run,1,9.30529,9.452744
round_2,product_isea4h,timings.job_driver,ray_job_driver,driver.bootstrap,1,0.143139,9.452744
round_2,product_isea4h,timings.job_driver,ray_job_driver,task.start_attempt,1,0.003621,9.452744
round_2,product_isea4h,datasets[0].timings.units[0].driver,raster_driver,ray.init,1,0.0681,8.928876
round_2,product_isea4h,datasets[0].timings.units[0].driver,raster_driver,ray.wait,22,8.768194,8.928876
round_2,product_isea4h,datasets[0].timings.units[0].driver,raster_driver,ray.result_get,16,0.005222,8.928876
round_2,product_isea4h,datasets[0].timings.units[0].driver,raster_driver,ray.task_submit,16,0.052033,8.928876
round_2,product_isea4h,datasets[0].timings.units[0].driver,raster_driver,driver.result_merge,16,0.000111,8.928876
round_2,product_isea4h,datasets[0].timings.units[0].workers[0],raster_worker,grid.cover,1,4.514154,5.126768
round_2,product_isea4h,datasets[0].timings.units[0].workers[0],raster_worker,source.cache,1,0.022329,5.126768
round_2,product_isea4h,datasets[0].timings.units[0].workers[0],raster_worker,grid.geometry,1,0.000864,5.126768
round_2,product_isea4h,datasets[0].timings.units[0].workers[0],raster_worker,minio.tile_stat,1,0.004519,5.126768
round_2,product_isea4h,datasets[0].timings.units[0].workers[0],raster_worker,source.checksum,1,0.004345,5.126768
round_2,product_isea4h,datasets[0].timings.units[0].workers[0],raster_worker,source.download,1,0.021896,5.126768
round_2,product_isea4h,datasets[0].timings.units[0].workers[0],raster_worker,entity.tile_mask,1,0.117632,5.126768
round_2,product_isea4h,datasets[0].timings.units[0].workers[0],raster_worker,entity.tile_write,1,0.308498,5.126768
round_2,product_isea4h,datasets[0].timings.units[0].workers[0],raster_worker,minio.tile_upload,1,0.12306,5.126768
round_2,product_isea4h,datasets[0].timings.units[0].workers[0],raster_worker,source.raster_open,1,0.019347,5.126768
round_2,product_isea4h,datasets[0].timings.units[0].workers[0],raster_worker,entity.tile_checksum,1,0.007874,5.126768
round_2,product_isea4h,datasets[0].timings.units[0].workers[0],raster_worker,grid.window_calculation,1,0.000328,5.126768
round_2,product_isea4h,datasets[0].timings.units[0].workers[1],raster_worker,grid.cover,1,4.556218,5.573972
round_2,product_isea4h,datasets[0].timings.units[0].workers[1],raster_worker,source.cache,1,0.000269,5.573972
round_2,product_isea4h,datasets[0].timings.units[0].workers[1],raster_worker,grid.geometry,1,0.000802,5.573972
round_2,product_isea4h,datasets[0].timings.units[0].workers[1],raster_worker,minio.tile_stat,1,0.006128,5.573972
round_2,product_isea4h,datasets[0].timings.units[0].workers[1],raster_worker,source.checksum,1,0.005131,5.573972
round_2,product_isea4h,datasets[0].timings.units[0].workers[1],raster_worker,source.download,1,0.0,5.573972
round_2,product_isea4h,datasets[0].timings.units[0].workers[1],raster_worker,entity.tile_mask,1,0.201715,5.573972
round_2,product_isea4h,datasets[0].timings.units[0].workers[1],raster_worker,entity.tile_write,1,0.457502,5.573972
round_2,product_isea4h,datasets[0].timings.units[0].workers[1],raster_worker,minio.tile_upload,1,0.309676,5.573972
round_2,product_isea4h,datasets[0].timings.units[0].workers[1],raster_worker,source.raster_open,1,0.019562,5.573972
round_2,product_isea4h,datasets[0].timings.units[0].workers[1],raster_worker,entity.tile_checksum,1,0.012937,5.573972
round_2,product_isea4h,datasets[0].timings.units[0].workers[1],raster_worker,grid.window_calculation,1,0.000348,5.573972
round_2,product_isea4h,datasets[0].timings.units[0].workers[2],raster_worker,grid.cover,1,4.645618,5.689376
round_2,product_isea4h,datasets[0].timings.units[0].workers[2],raster_worker,source.cache,1,0.021937,5.689376
round_2,product_isea4h,datasets[0].timings.units[0].workers[2],raster_worker,grid.geometry,1,0.000919,5.689376
round_2,product_isea4h,datasets[0].timings.units[0].workers[2],raster_worker,minio.tile_stat,1,0.003807,5.689376
round_2,product_isea4h,datasets[0].timings.units[0].workers[2],raster_worker,source.checksum,1,0.004452,5.689376
round_2,product_isea4h,datasets[0].timings.units[0].workers[2],raster_worker,source.download,1,0.021473,5.689376
round_2,product_isea4h,datasets[0].timings.units[0].workers[2],raster_worker,entity.tile_mask,1,0.204323,5.689376
round_2,product_isea4h,datasets[0].timings.units[0].workers[2],raster_worker,entity.tile_write,1,0.459697,5.689376
round_2,product_isea4h,datasets[0].timings.units[0].workers[2],raster_worker,minio.tile_upload,1,0.309015,5.689376
round_2,product_isea4h,datasets[0].timings.units[0].workers[2],raster_worker,source.raster_open,1,0.019142,5.689376
round_2,product_isea4h,datasets[0].timings.units[0].workers[2],raster_worker,entity.tile_checksum,1,0.016036,5.689376
round_2,product_isea4h,datasets[0].timings.units[0].workers[2],raster_worker,grid.window_calculation,1,0.000431,5.689376
round_2,product_isea4h,datasets[0].timings.units[0].workers[3],raster_worker,grid.cover,1,4.497024,5.876469
round_2,product_isea4h,datasets[0].timings.units[0].workers[3],raster_worker,source.cache,1,0.023261,5.876469
round_2,product_isea4h,datasets[0].timings.units[0].workers[3],raster_worker,grid.geometry,2,0.001965,5.876469
round_2,product_isea4h,datasets[0].timings.units[0].workers[3],raster_worker,minio.tile_stat,2,0.008668,5.876469
round_2,product_isea4h,datasets[0].timings.units[0].workers[3],raster_worker,source.checksum,1,0.004313,5.876469
round_2,product_isea4h,datasets[0].timings.units[0].workers[3],raster_worker,source.download,1,0.022871,5.876469
round_2,product_isea4h,datasets[0].timings.units[0].workers[3],raster_worker,entity.tile_mask,2,0.190542,5.876469
round_2,product_isea4h,datasets[0].timings.units[0].workers[3],raster_worker,entity.tile_write,2,0.48362,5.876469
round_2,product_isea4h,datasets[0].timings.units[0].workers[3],raster_worker,minio.tile_upload,2,0.628811,5.876469
round_2,product_isea4h,datasets[0].timings.units[0].workers[3],raster_worker,source.raster_open,1,0.01729,5.876469
round_2,product_isea4h,datasets[0].timings.units[0].workers[3],raster_worker,entity.tile_checksum,2,0.01292,5.876469
round_2,product_isea4h,datasets[0].timings.units[0].workers[3],raster_worker,grid.window_calculation,2,0.000574,5.876469
round_2,product_isea4h,datasets[0].timings.units[0].workers[4],raster_worker,grid.cover,1,4.615813,6.132164
round_2,product_isea4h,datasets[0].timings.units[0].workers[4],raster_worker,source.cache,1,0.027146,6.132164
round_2,product_isea4h,datasets[0].timings.units[0].workers[4],raster_worker,grid.geometry,2,0.002119,6.132164
round_2,product_isea4h,datasets[0].timings.units[0].workers[4],raster_worker,minio.tile_stat,2,0.278426,6.132164
round_2,product_isea4h,datasets[0].timings.units[0].workers[4],raster_worker,source.checksum,1,0.004277,6.132164
round_2,product_isea4h,datasets[0].timings.units[0].workers[4],raster_worker,source.download,1,0.026703,6.132164
round_2,product_isea4h,datasets[0].timings.units[0].workers[4],raster_worker,entity.tile_mask,2,0.26665,6.132164
round_2,product_isea4h,datasets[0].timings.units[0].workers[4],raster_worker,entity.tile_write,2,0.705282,6.132164
round_2,product_isea4h,datasets[0].timings.units[0].workers[4],raster_worker,minio.tile_upload,1,0.188737,6.132164
round_2,product_isea4h,datasets[0].timings.units[0].workers[4],raster_worker,source.raster_open,1,0.018089,6.132164
round_2,product_isea4h,datasets[0].timings.units[0].workers[4],raster_worker,entity.tile_checksum,2,0.019637,6.132164
round_2,product_isea4h,datasets[0].timings.units[0].workers[4],raster_worker,grid.window_calculation,2,0.000719,6.132164
round_2,product_isea4h,datasets[0].timings.units[0].workers[5],raster_worker,grid.cover,1,4.582748,5.207999
round_2,product_isea4h,datasets[0].timings.units[0].workers[5],raster_worker,source.cache,1,0.021195,5.207999
round_2,product_isea4h,datasets[0].timings.units[0].workers[5],raster_worker,grid.geometry,1,0.000796,5.207999
round_2,product_isea4h,datasets[0].timings.units[0].workers[5],raster_worker,minio.tile_stat,1,0.005239,5.207999
round_2,product_isea4h,datasets[0].timings.units[0].workers[5],raster_worker,source.checksum,1,0.00447,5.207999
round_2,product_isea4h,datasets[0].timings.units[0].workers[5],raster_worker,source.download,1,0.020756,5.207999
round_2,product_isea4h,datasets[0].timings.units[0].workers[5],raster_worker,entity.tile_mask,1,0.156594,5.207999
round_2,product_isea4h,datasets[0].timings.units[0].workers[5],raster_worker,entity.tile_write,1,0.403827,5.207999
round_2,product_isea4h,datasets[0].timings.units[0].workers[5],raster_worker,source.raster_open,1,0.017749,5.207999
round_2,product_isea4h,datasets[0].timings.units[0].workers[5],raster_worker,entity.tile_checksum,1,0.011842,5.207999
round_2,product_isea4h,datasets[0].timings.units[0].workers[5],raster_worker,grid.window_calculation,1,0.000313,5.207999
round_2,product_isea4h,datasets[0].timings.units[0].workers[6],raster_worker,grid.cover,1,4.797026,5.454457
round_2,product_isea4h,datasets[0].timings.units[0].workers[6],raster_worker,source.cache,1,0.03774,5.454457
round_2,product_isea4h,datasets[0].timings.units[0].workers[6],raster_worker,grid.geometry,1,0.000805,5.454457
round_2,product_isea4h,datasets[0].timings.units[0].workers[6],raster_worker,minio.tile_stat,1,0.003823,5.454457
round_2,product_isea4h,datasets[0].timings.units[0].workers[6],raster_worker,source.checksum,1,0.004513,5.454457
round_2,product_isea4h,datasets[0].timings.units[0].workers[6],raster_worker,source.download,1,0.037099,5.454457
round_2,product_isea4h,datasets[0].timings.units[0].workers[6],raster_worker,entity.tile_mask,1,0.179371,5.454457
round_2,product_isea4h,datasets[0].timings.units[0].workers[6],raster_worker,entity.tile_write,1,0.396147,5.454457
round_2,product_isea4h,datasets[0].timings.units[0].workers[6],raster_worker,source.raster_open,1,0.01919,5.454457
round_2,product_isea4h,datasets[0].timings.units[0].workers[6],raster_worker,entity.tile_checksum,1,0.011767,5.454457
round_2,product_isea4h,datasets[0].timings.units[0].workers[6],raster_worker,grid.window_calculation,1,0.00035,5.454457
round_2,product_isea4h,datasets[0].timings.units[0].workers[7],raster_worker,grid.cover,1,4.767305,5.411069
round_2,product_isea4h,datasets[0].timings.units[0].workers[7],raster_worker,source.cache,1,0.021437,5.411069
round_2,product_isea4h,datasets[0].timings.units[0].workers[7],raster_worker,grid.geometry,1,0.000806,5.411069
round_2,product_isea4h,datasets[0].timings.units[0].workers[7],raster_worker,minio.tile_stat,1,0.003597,5.411069
round_2,product_isea4h,datasets[0].timings.units[0].workers[7],raster_worker,source.checksum,1,0.004345,5.411069
round_2,product_isea4h,datasets[0].timings.units[0].workers[7],raster_worker,source.download,1,0.020986,5.411069
round_2,product_isea4h,datasets[0].timings.units[0].workers[7],raster_worker,entity.tile_mask,1,0.162216,5.411069
round_2,product_isea4h,datasets[0].timings.units[0].workers[7],raster_worker,entity.tile_write,1,0.417419,5.411069
round_2,product_isea4h,datasets[0].timings.units[0].workers[7],raster_worker,source.raster_open,1,0.01822,5.411069
round_2,product_isea4h,datasets[0].timings.units[0].workers[7],raster_worker,entity.tile_checksum,1,0.011776,5.411069
round_2,product_isea4h,datasets[0].timings.units[0].workers[7],raster_worker,grid.window_calculation,1,0.000368,5.411069
round_2,product_isea4h,datasets[0].timings.units[0].workers[8],raster_worker,grid.cover,1,4.649964,5.601884
round_2,product_isea4h,datasets[0].timings.units[0].workers[8],raster_worker,source.cache,1,0.022251,5.601884
round_2,product_isea4h,datasets[0].timings.units[0].workers[8],raster_worker,grid.geometry,2,0.002121,5.601884
round_2,product_isea4h,datasets[0].timings.units[0].workers[8],raster_worker,minio.tile_stat,2,0.008212,5.601884
round_2,product_isea4h,datasets[0].timings.units[0].workers[8],raster_worker,source.checksum,1,0.004394,5.601884
round_2,product_isea4h,datasets[0].timings.units[0].workers[8],raster_worker,source.download,1,0.021809,5.601884
round_2,product_isea4h,datasets[0].timings.units[0].workers[8],raster_worker,entity.tile_mask,2,0.240505,5.601884
round_2,product_isea4h,datasets[0].timings.units[0].workers[8],raster_worker,entity.tile_write,2,0.581789,5.601884
round_2,product_isea4h,datasets[0].timings.units[0].workers[8],raster_worker,minio.tile_upload,1,0.052338,5.601884
round_2,product_isea4h,datasets[0].timings.units[0].workers[8],raster_worker,source.raster_open,1,0.018909,5.601884
round_2,product_isea4h,datasets[0].timings.units[0].workers[8],raster_worker,entity.tile_checksum,2,0.015096,5.601884
round_2,product_isea4h,datasets[0].timings.units[0].workers[8],raster_worker,grid.window_calculation,2,0.000739,5.601884
round_2,product_isea4h,datasets[0].timings.units[0].workers[9],raster_worker,grid.cover,1,4.588847,6.473666
round_2,product_isea4h,datasets[0].timings.units[0].workers[9],raster_worker,source.cache,1,0.025406,6.473666
round_2,product_isea4h,datasets[0].timings.units[0].workers[9],raster_worker,grid.geometry,2,0.001994,6.473666
round_2,product_isea4h,datasets[0].timings.units[0].workers[9],raster_worker,minio.tile_stat,2,0.010419,6.473666
round_2,product_isea4h,datasets[0].timings.units[0].workers[9],raster_worker,source.checksum,1,0.004181,6.473666
round_2,product_isea4h,datasets[0].timings.units[0].workers[9],raster_worker,source.download,1,0.024973,6.473666
round_2,product_isea4h,datasets[0].timings.units[0].workers[9],raster_worker,entity.tile_mask,2,0.327515,6.473666
round_2,product_isea4h,datasets[0].timings.units[0].workers[9],raster_worker,entity.tile_write,2,0.86566,6.473666
round_2,product_isea4h,datasets[0].timings.units[0].workers[9],raster_worker,minio.tile_upload,1,0.589595,6.473666
round_2,product_isea4h,datasets[0].timings.units[0].workers[9],raster_worker,source.raster_open,1,0.017747,6.473666
round_2,product_isea4h,datasets[0].timings.units[0].workers[9],raster_worker,entity.tile_checksum,2,0.036734,6.473666
round_2,product_isea4h,datasets[0].timings.units[0].workers[9],raster_worker,grid.window_calculation,2,0.000617,6.473666
round_2,product_isea4h,datasets[0].timings.units[0].workers[10],raster_worker,grid.cover,1,4.58378,6.579187
round_2,product_isea4h,datasets[0].timings.units[0].workers[10],raster_worker,source.cache,1,0.02439,6.579187
round_2,product_isea4h,datasets[0].timings.units[0].workers[10],raster_worker,grid.geometry,2,0.002046,6.579187
round_2,product_isea4h,datasets[0].timings.units[0].workers[10],raster_worker,minio.tile_stat,2,0.007031,6.579187
round_2,product_isea4h,datasets[0].timings.units[0].workers[10],raster_worker,source.checksum,1,0.004301,6.579187
round_2,product_isea4h,datasets[0].timings.units[0].workers[10],raster_worker,source.download,1,0.02389,6.579187
round_2,product_isea4h,datasets[0].timings.units[0].workers[10],raster_worker,entity.tile_mask,2,0.292077,6.579187
round_2,product_isea4h,datasets[0].timings.units[0].workers[10],raster_worker,entity.tile_write,2,0.76635,6.579187
round_2,product_isea4h,datasets[0].timings.units[0].workers[10],raster_worker,minio.tile_upload,1,0.852213,6.579187
round_2,product_isea4h,datasets[0].timings.units[0].workers[10],raster_worker,source.raster_open,1,0.018243,6.579187
round_2,product_isea4h,datasets[0].timings.units[0].workers[10],raster_worker,entity.tile_checksum,2,0.022677,6.579187
round_2,product_isea4h,datasets[0].timings.units[0].workers[10],raster_worker,grid.window_calculation,2,0.000658,6.579187
round_2,product_isea4h,datasets[0].timings.units[0].workers[11],raster_worker,grid.cover,1,4.504014,5.81551
round_2,product_isea4h,datasets[0].timings.units[0].workers[11],raster_worker,source.cache,1,0.02284,5.81551
round_2,product_isea4h,datasets[0].timings.units[0].workers[11],raster_worker,grid.geometry,2,0.001946,5.81551
round_2,product_isea4h,datasets[0].timings.units[0].workers[11],raster_worker,minio.tile_stat,2,0.008832,5.81551
round_2,product_isea4h,datasets[0].timings.units[0].workers[11],raster_worker,source.checksum,1,0.004319,5.81551
round_2,product_isea4h,datasets[0].timings.units[0].workers[11],raster_worker,source.download,1,0.022395,5.81551
round_2,product_isea4h,datasets[0].timings.units[0].workers[11],raster_worker,entity.tile_mask,2,0.336118,5.81551
round_2,product_isea4h,datasets[0].timings.units[0].workers[11],raster_worker,entity.tile_write,2,0.871613,5.81551
round_2,product_isea4h,datasets[0].timings.units[0].workers[11],raster_worker,source.raster_open,1,0.017771,5.81551
round_2,product_isea4h,datasets[0].timings.units[0].workers[11],raster_worker,entity.tile_checksum,2,0.042536,5.81551
round_2,product_isea4h,datasets[0].timings.units[0].workers[11],raster_worker,grid.window_calculation,2,0.000553,5.81551
round_2,product_isea4h,datasets[0].timings.units[0].workers[12],raster_worker,grid.cover,1,4.624697,6.72281
round_2,product_isea4h,datasets[0].timings.units[0].workers[12],raster_worker,source.cache,1,0.000263,6.72281
round_2,product_isea4h,datasets[0].timings.units[0].workers[12],raster_worker,grid.geometry,2,0.001982,6.72281
round_2,product_isea4h,datasets[0].timings.units[0].workers[12],raster_worker,minio.tile_stat,2,0.022471,6.72281
round_2,product_isea4h,datasets[0].timings.units[0].workers[12],raster_worker,source.checksum,1,0.004408,6.72281
round_2,product_isea4h,datasets[0].timings.units[0].workers[12],raster_worker,source.download,1,0.0,6.72281
round_2,product_isea4h,datasets[0].timings.units[0].workers[12],raster_worker,entity.tile_mask,2,0.276559,6.72281
round_2,product_isea4h,datasets[0].timings.units[0].workers[12],raster_worker,entity.tile_write,2,0.756089,6.72281
round_2,product_isea4h,datasets[0].timings.units[0].workers[12],raster_worker,minio.tile_upload,1,0.991916,6.72281
round_2,product_isea4h,datasets[0].timings.units[0].workers[12],raster_worker,source.raster_open,1,0.018063,6.72281
round_2,product_isea4h,datasets[0].timings.units[0].workers[12],raster_worker,entity.tile_checksum,2,0.0207,6.72281
round_2,product_isea4h,datasets[0].timings.units[0].workers[12],raster_worker,grid.window_calculation,2,0.000592,6.72281
round_2,product_isea4h,datasets[0].timings.units[0].workers[13],raster_worker,grid.cover,1,4.751819,7.139004
round_2,product_isea4h,datasets[0].timings.units[0].workers[13],raster_worker,source.cache,1,0.026454,7.139004
round_2,product_isea4h,datasets[0].timings.units[0].workers[13],raster_worker,grid.geometry,3,0.002956,7.139004
round_2,product_isea4h,datasets[0].timings.units[0].workers[13],raster_worker,minio.tile_stat,3,0.017225,7.139004
round_2,product_isea4h,datasets[0].timings.units[0].workers[13],raster_worker,source.checksum,1,0.004317,7.139004
round_2,product_isea4h,datasets[0].timings.units[0].workers[13],raster_worker,source.download,1,0.025957,7.139004
round_2,product_isea4h,datasets[0].timings.units[0].workers[13],raster_worker,entity.tile_mask,3,0.272304,7.139004
round_2,product_isea4h,datasets[0].timings.units[0].workers[13],raster_worker,entity.tile_write,3,0.796641,7.139004
round_2,product_isea4h,datasets[0].timings.units[0].workers[13],raster_worker,minio.tile_upload,1,1.220381,7.139004
round_2,product_isea4h,datasets[0].timings.units[0].workers[13],raster_worker,source.raster_open,1,0.018688,7.139004
round_2,product_isea4h,datasets[0].timings.units[0].workers[13],raster_worker,entity.tile_checksum,3,0.020974,7.139004
round_2,product_isea4h,datasets[0].timings.units[0].workers[13],raster_worker,grid.window_calculation,3,0.000853,7.139004
round_2,product_isea4h,datasets[0].timings.units[0].workers[14],raster_worker,grid.cover,1,4.677151,6.396994
round_2,product_isea4h,datasets[0].timings.units[0].workers[14],raster_worker,source.cache,1,0.029767,6.396994
round_2,product_isea4h,datasets[0].timings.units[0].workers[14],raster_worker,grid.geometry,3,0.003799,6.396994
round_2,product_isea4h,datasets[0].timings.units[0].workers[14],raster_worker,minio.tile_stat,3,0.270302,6.396994
round_2,product_isea4h,datasets[0].timings.units[0].workers[14],raster_worker,source.checksum,1,0.005257,6.396994
round_2,product_isea4h,datasets[0].timings.units[0].workers[14],raster_worker,source.download,1,0.02915,6.396994
round_2,product_isea4h,datasets[0].timings.units[0].workers[14],raster_worker,entity.tile_mask,3,0.36539,6.396994
round_2,product_isea4h,datasets[0].timings.units[0].workers[14],raster_worker,entity.tile_write,3,0.991186,6.396994
round_2,product_isea4h,datasets[0].timings.units[0].workers[14],raster_worker,source.raster_open,1,0.0187,6.396994
round_2,product_isea4h,datasets[0].timings.units[0].workers[14],raster_worker,entity.tile_checksum,3,0.027305,6.396994
round_2,product_isea4h,datasets[0].timings.units[0].workers[14],raster_worker,grid.window_calculation,3,0.001054,6.396994
round_2,product_isea4h,datasets[0].timings.units[0].workers[15],raster_worker,grid.cover,1,4.667968,7.229799
round_2,product_isea4h,datasets[0].timings.units[0].workers[15],raster_worker,source.cache,1,0.024155,7.229799
round_2,product_isea4h,datasets[0].timings.units[0].workers[15],raster_worker,grid.geometry,3,0.003593,7.229799
round_2,product_isea4h,datasets[0].timings.units[0].workers[15],raster_worker,minio.tile_stat,3,0.020632,7.229799
round_2,product_isea4h,datasets[0].timings.units[0].workers[15],raster_worker,source.checksum,1,0.004218,7.229799
round_2,product_isea4h,datasets[0].timings.units[0].workers[15],raster_worker,source.download,1,0.023706,7.229799
round_2,product_isea4h,datasets[0].timings.units[0].workers[15],raster_worker,entity.tile_mask,3,0.43521,7.229799
round_2,product_isea4h,datasets[0].timings.units[0].workers[15],raster_worker,entity.tile_write,3,1.175726,7.229799
round_2,product_isea4h,datasets[0].timings.units[0].workers[15],raster_worker,minio.tile_upload,1,0.83655,7.229799
round_2,product_isea4h,datasets[0].timings.units[0].workers[15],raster_worker,source.raster_open,1,0.018421,7.229799
round_2,product_isea4h,datasets[0].timings.units[0].workers[15],raster_worker,entity.tile_checksum,3,0.03529,7.229799
round_2,product_isea4h,datasets[0].timings.units[0].workers[15],raster_worker,grid.window_calculation,3,0.000968,7.229799
round_2,product_isea4h,datasets[0].timings.units[0].source_preflight,source_preflight,minio.stat,1,0.150753,9.268626
round_2,product_isea4h,datasets[0].timings.workflow,workflow_dataset,runner.execute,1,9.269375,9.304959
round_2,product_isea4h,datasets[0].timings.workflow,workflow_dataset,opengauss.start_output,1,0.010748,9.304959
round_2,product_isea4h,datasets[0].timings.workflow,workflow_dataset,opengauss.complete_output,1,0.023739,9.304959
round_2,carbon_isea4h,timings.job_driver,ray_job_driver,workflow.run,1,2.199261,2.349926
round_2,carbon_isea4h,timings.job_driver,ray_job_driver,driver.bootstrap,1,0.145994,2.349926
round_2,carbon_isea4h,timings.job_driver,ray_job_driver,task.start_attempt,1,0.003928,2.349926
round_2,carbon_isea4h,datasets[0].timings.units[0].driver,carbon_driver,ray.init,1,0.067526,1.821066
round_2,carbon_isea4h,datasets[0].timings.units[0].driver,carbon_driver,ray.wait_get,1,1.708281,1.821066
round_2,carbon_isea4h,datasets[0].timings.units[0].driver,carbon_driver,ray.task_submit,1,0.045149,1.821066
round_2,carbon_isea4h,datasets[0].timings.units[0].driver,carbon_driver,driver.result_merge,1,2e-06,1.821066
round_2,carbon_isea4h,datasets[0].timings.units[0].workers[0],carbon_worker,grid.locate,1,0.013821,0.256319
round_2,carbon_isea4h,datasets[0].timings.units[0].workers[0],carbon_worker,source.cache,1,0.105489,0.256319
round_2,carbon_isea4h,datasets[0].timings.units[0].workers[0],carbon_worker,grid.geometry,1,0.000723,0.256319
round_2,carbon_isea4h,datasets[0].timings.units[0].workers[0],carbon_worker,source.checksum,1,0.051845,0.256319
round_2,carbon_isea4h,datasets[0].timings.units[0].workers[0],carbon_worker,source.download,1,0.105001,0.256319
round_2,carbon_isea4h,datasets[0].timings.units[0].workers[0],carbon_worker,carbon.observation_load,1,0.080087,0.256319
round_2,carbon_isea4h,datasets[0].timings.units[0].workers[0],carbon_worker,carbon.measurement_partition,1,0.00013,0.256319
round_2,carbon_isea4h,datasets[0].timings.units[0].workers[0],carbon_worker,carbon.partition_observation,1,0.003744,0.256319
round_2,carbon_isea4h,datasets[0].timings.units[0].source_preflight,source_preflight,minio.stat,1,0.156839,2.165764
round_2,carbon_isea4h,datasets[0].timings.workflow,workflow_dataset,runner.execute,1,2.166551,2.198934
round_2,carbon_isea4h,datasets[0].timings.workflow,workflow_dataset,opengauss.start_output,1,0.012139,2.198934
round_2,carbon_isea4h,datasets[0].timings.workflow,workflow_dataset,opengauss.complete_output,1,0.018243,2.198934
round_3,optical_geohash,timings.job_driver,ray_job_driver,workflow.run,1,6.086556,6.234796
round_3,optical_geohash,timings.job_driver,ray_job_driver,driver.bootstrap,1,0.143862,6.234796
round_3,optical_geohash,timings.job_driver,ray_job_driver,task.start_attempt,1,0.003698,6.234796
round_3,optical_geohash,datasets[0].timings.units[0].driver,logical_batch_driver,ray.init,1,0.06789,1.490441
round_3,optical_geohash,datasets[0].timings.units[0].driver,logical_batch_driver,ray.wait,2,1.376256,1.490441
round_3,optical_geohash,datasets[0].timings.units[0].driver,logical_batch_driver,ray.result_get,1,0.000353,1.490441
round_3,optical_geohash,datasets[0].timings.units[0].driver,logical_batch_driver,ray.task_submit,1,0.041177,1.490441
round_3,optical_geohash,datasets[0].timings.units[0].driver,logical_batch_driver,ray.task_prepare,2,0.000264,1.490441
round_3,optical_geohash,datasets[0].timings.units[0].driver,logical_batch_driver,driver.result_merge,1,6e-06,1.490441
round_3,optical_geohash,datasets[0].timings.units[0].workers[0],logical_worker,grid.cover,4,0.008351,0.165208
round_3,optical_geohash,datasets[0].timings.units[0].workers[0],logical_worker,grid.geometry,35,0.00028,0.165208
round_3,optical_geohash,datasets[0].timings.units[0].workers[0],logical_worker,minio.chunk_stat,1,0.007331,0.165208
round_3,optical_geohash,datasets[0].timings.units[0].workers[0],logical_worker,minio.chunk_upload,1,0.045665,0.165208
round_3,optical_geohash,datasets[0].timings.units[0].workers[0],logical_worker,logical.row_generation,4,0.002633,0.165208
round_3,optical_geohash,datasets[0].timings.units[0].workers[0],logical_worker,logical.chunk_serialize,1,0.002771,0.165208
round_3,optical_geohash,datasets[0].timings.units[0].workers[0],logical_worker,opengauss.logical_stage,1,0.097885,0.165208
round_3,optical_geohash,datasets[0].timings.units[0].source_preflight,source_preflight,minio.stat,1,0.153234,1.830252
round_3,optical_geohash,datasets[0].timings.units[1].driver,logical_batch_driver,ray.wait,2,1.354239,1.36619
round_3,optical_geohash,datasets[0].timings.units[1].driver,logical_batch_driver,ray.result_get,1,0.000284,1.36619
round_3,optical_geohash,datasets[0].timings.units[1].driver,logical_batch_driver,ray.task_submit,1,0.007487,1.36619
round_3,optical_geohash,datasets[0].timings.units[1].driver,logical_batch_driver,ray.task_prepare,2,0.000268,1.36619
round_3,optical_geohash,datasets[0].timings.units[1].driver,logical_batch_driver,driver.result_merge,1,5e-06,1.36619
round_3,optical_geohash,datasets[0].timings.units[1].workers[0],logical_worker,grid.cover,4,0.008343,0.146422
round_3,optical_geohash,datasets[0].timings.units[1].workers[0],logical_worker,grid.geometry,35,0.0003,0.146422
round_3,optical_geohash,datasets[0].timings.units[1].workers[0],logical_worker,minio.chunk_stat,1,0.006758,0.146422
round_3,optical_geohash,datasets[0].timings.units[1].workers[0],logical_worker,minio.chunk_upload,1,0.027545,0.146422
round_3,optical_geohash,datasets[0].timings.units[1].workers[0],logical_worker,logical.row_generation,4,0.002639,0.146422
round_3,optical_geohash,datasets[0].timings.units[1].workers[0],logical_worker,logical.chunk_serialize,1,0.0027,0.146422
round_3,optical_geohash,datasets[0].timings.units[1].workers[0],logical_worker,opengauss.logical_stage,1,0.097893,0.146422
round_3,optical_geohash,datasets[0].timings.units[1].source_preflight,source_preflight,minio.stat,1,0.006693,1.372993
round_3,optical_geohash,datasets[0].timings.units[2].driver,logical_batch_driver,ray.wait,2,1.328515,1.341445
round_3,optical_geohash,datasets[0].timings.units[2].driver,logical_batch_driver,ray.result_get,1,0.000286,1.341445
round_3,optical_geohash,datasets[0].timings.units[2].driver,logical_batch_driver,ray.task_submit,1,0.007805,1.341445
round_3,optical_geohash,datasets[0].timings.units[2].driver,logical_batch_driver,ray.task_prepare,2,0.000232,1.341445
round_3,optical_geohash,datasets[0].timings.units[2].driver,logical_batch_driver,driver.result_merge,1,5e-06,1.341445
round_3,optical_geohash,datasets[0].timings.units[2].workers[0],logical_worker,grid.cover,4,0.012427,0.152553
round_3,optical_geohash,datasets[0].timings.units[2].workers[0],logical_worker,grid.geometry,35,0.000295,0.152553
round_3,optical_geohash,datasets[0].timings.units[2].workers[0],logical_worker,minio.chunk_stat,1,0.007191,0.152553
round_3,optical_geohash,datasets[0].timings.units[2].workers[0],logical_worker,minio.chunk_upload,1,0.028446,0.152553
round_3,optical_geohash,datasets[0].timings.units[2].workers[0],logical_worker,logical.row_generation,4,0.00252,0.152553
round_3,optical_geohash,datasets[0].timings.units[2].workers[0],logical_worker,logical.chunk_serialize,1,0.002673,0.152553
round_3,optical_geohash,datasets[0].timings.units[2].workers[0],logical_worker,opengauss.logical_stage,1,0.098784,0.152553
round_3,optical_geohash,datasets[0].timings.units[2].source_preflight,source_preflight,minio.stat,1,0.006133,1.34769
round_3,optical_geohash,datasets[0].timings.units[3].driver,logical_batch_driver,ray.wait,2,1.398019,1.410967
round_3,optical_geohash,datasets[0].timings.units[3].driver,logical_batch_driver,ray.result_get,1,0.000265,1.410967
round_3,optical_geohash,datasets[0].timings.units[3].driver,logical_batch_driver,ray.task_submit,1,0.008486,1.410967
round_3,optical_geohash,datasets[0].timings.units[3].driver,logical_batch_driver,ray.task_prepare,2,0.000235,1.410967
round_3,optical_geohash,datasets[0].timings.units[3].driver,logical_batch_driver,driver.result_merge,1,5e-06,1.410967
round_3,optical_geohash,datasets[0].timings.units[3].workers[0],logical_worker,grid.cover,4,0.014361,0.157952
round_3,optical_geohash,datasets[0].timings.units[3].workers[0],logical_worker,grid.geometry,35,0.000284,0.157952
round_3,optical_geohash,datasets[0].timings.units[3].workers[0],logical_worker,minio.chunk_stat,1,0.006716,0.157952
round_3,optical_geohash,datasets[0].timings.units[3].workers[0],logical_worker,minio.chunk_upload,1,0.027291,0.157952
round_3,optical_geohash,datasets[0].timings.units[3].workers[0],logical_worker,logical.row_generation,4,0.002438,0.157952
round_3,optical_geohash,datasets[0].timings.units[3].workers[0],logical_worker,logical.chunk_serialize,1,0.002641,0.157952
round_3,optical_geohash,datasets[0].timings.units[3].workers[0],logical_worker,opengauss.logical_stage,1,0.103958,0.157952
round_3,optical_geohash,datasets[0].timings.units[3].source_preflight,source_preflight,minio.stat,1,0.006486,1.417558
round_3,optical_geohash,datasets[0].timings.workflow,workflow_dataset,runner.execute,1,5.971114,6.0862
round_3,optical_geohash,datasets[0].timings.workflow,workflow_dataset,opengauss.start_output,1,0.014837,6.0862
round_3,optical_geohash,datasets[0].timings.workflow,workflow_dataset,opengauss.complete_output,1,0.015047,6.0862
round_3,optical_geohash,datasets[0].timings.workflow,workflow_dataset,opengauss.record_output_chunks,1,0.008432,6.0862
round_3,optical_geohash,datasets[0].timings.workflow,workflow_dataset,opengauss.verify_output_chunks,1,0.02946,6.0862
round_3,optical_geohash,datasets[0].timings.workflow,workflow_dataset,opengauss.promote_logical_staging,1,0.0455,6.0862
round_3,optical_mgrs,timings.job_driver,ray_job_driver,workflow.run,1,8.831666,8.980582
round_3,optical_mgrs,timings.job_driver,ray_job_driver,driver.bootstrap,1,0.143487,8.980582
round_3,optical_mgrs,timings.job_driver,ray_job_driver,task.start_attempt,1,0.00479,8.980582
round_3,optical_mgrs,datasets[0].timings.units[0].driver,logical_batch_driver,ray.init,1,0.065863,1.802006
round_3,optical_mgrs,datasets[0].timings.units[0].driver,logical_batch_driver,ray.wait,2,1.693172,1.802006
round_3,optical_mgrs,datasets[0].timings.units[0].driver,logical_batch_driver,ray.result_get,1,0.000297,1.802006
round_3,optical_mgrs,datasets[0].timings.units[0].driver,logical_batch_driver,ray.task_submit,1,0.038351,1.802006
round_3,optical_mgrs,datasets[0].timings.units[0].driver,logical_batch_driver,ray.task_prepare,2,0.000375,1.802006
round_3,optical_mgrs,datasets[0].timings.units[0].driver,logical_batch_driver,driver.result_merge,1,6e-06,1.802006
round_3,optical_mgrs,datasets[0].timings.units[0].workers[0],logical_worker,grid.cover,4,0.207741,0.496557
round_3,optical_mgrs,datasets[0].timings.units[0].workers[0],logical_worker,grid.geometry,165,0.038324,0.496557
round_3,optical_mgrs,datasets[0].timings.units[0].workers[0],logical_worker,minio.chunk_stat,1,0.008244,0.496557
round_3,optical_mgrs,datasets[0].timings.units[0].workers[0],logical_worker,minio.chunk_upload,1,0.040985,0.496557
round_3,optical_mgrs,datasets[0].timings.units[0].workers[0],logical_worker,logical.row_generation,4,0.04889,0.496557
round_3,optical_mgrs,datasets[0].timings.units[0].workers[0],logical_worker,logical.chunk_serialize,1,0.047428,0.496557
round_3,optical_mgrs,datasets[0].timings.units[0].workers[0],logical_worker,opengauss.logical_stage,1,0.142253,0.496557
round_3,optical_mgrs,datasets[0].timings.units[0].source_preflight,source_preflight,minio.stat,1,0.14804,2.134215
round_3,optical_mgrs,datasets[0].timings.units[1].driver,logical_batch_driver,ray.wait,2,1.642673,1.654827
round_3,optical_mgrs,datasets[0].timings.units[1].driver,logical_batch_driver,ray.result_get,1,0.000297,1.654827
round_3,optical_mgrs,datasets[0].timings.units[1].driver,logical_batch_driver,ray.task_submit,1,0.007558,1.654827
round_3,optical_mgrs,datasets[0].timings.units[1].driver,logical_batch_driver,ray.task_prepare,2,0.000246,1.654827
round_3,optical_mgrs,datasets[0].timings.units[1].driver,logical_batch_driver,driver.result_merge,1,6e-06,1.654827
round_3,optical_mgrs,datasets[0].timings.units[1].workers[0],logical_worker,grid.cover,4,0.193471,0.455906
round_3,optical_mgrs,datasets[0].timings.units[1].workers[0],logical_worker,grid.geometry,165,0.020136,0.455906
round_3,optical_mgrs,datasets[0].timings.units[1].workers[0],logical_worker,minio.chunk_stat,1,0.007259,0.455906
round_3,optical_mgrs,datasets[0].timings.units[1].workers[0],logical_worker,minio.chunk_upload,1,0.034149,0.455906
round_3,optical_mgrs,datasets[0].timings.units[1].workers[0],logical_worker,logical.row_generation,4,0.029885,0.455906
round_3,optical_mgrs,datasets[0].timings.units[1].workers[0],logical_worker,logical.chunk_serialize,1,0.046362,0.455906
round_3,optical_mgrs,datasets[0].timings.units[1].workers[0],logical_worker,opengauss.logical_stage,1,0.143721,0.455906
round_3,optical_mgrs,datasets[0].timings.units[1].source_preflight,source_preflight,minio.stat,1,0.006433,1.661375
round_3,optical_mgrs,datasets[0].timings.units[2].driver,logical_batch_driver,ray.wait,1,0.268858,0.279237
round_3,optical_mgrs,datasets[0].timings.units[2].driver,logical_batch_driver,ray.result_get,1,0.000255,0.279237
round_3,optical_mgrs,datasets[0].timings.units[2].driver,logical_batch_driver,ray.task_submit,1,0.007726,0.279237
round_3,optical_mgrs,datasets[0].timings.units[2].driver,logical_batch_driver,ray.task_prepare,2,0.000269,0.279237
round_3,optical_mgrs,datasets[0].timings.units[2].driver,logical_batch_driver,driver.result_merge,1,5e-06,0.279237
round_3,optical_mgrs,datasets[0].timings.units[2].workers[0],logical_worker,grid.cover,4,0.062824,0.263404
round_3,optical_mgrs,datasets[0].timings.units[2].workers[0],logical_worker,grid.geometry,165,0.022572,0.263404
round_3,optical_mgrs,datasets[0].timings.units[2].workers[0],logical_worker,minio.chunk_stat,1,0.008876,0.263404
round_3,optical_mgrs,datasets[0].timings.units[2].workers[0],logical_worker,minio.chunk_upload,1,0.031852,0.263404
round_3,optical_mgrs,datasets[0].timings.units[2].workers[0],logical_worker,logical.row_generation,4,0.032489,0.263404
round_3,optical_mgrs,datasets[0].timings.units[2].workers[0],logical_worker,logical.chunk_serialize,1,0.04637,0.263404
round_3,optical_mgrs,datasets[0].timings.units[2].workers[0],logical_worker,opengauss.logical_stage,1,0.079925,0.263404
round_3,optical_mgrs,datasets[0].timings.units[2].source_preflight,source_preflight,minio.stat,1,0.006735,0.286089
round_3,optical_mgrs,datasets[0].timings.units[3].driver,logical_batch_driver,ray.wait,5,4.436884,4.453896
round_3,optical_mgrs,datasets[0].timings.units[3].driver,logical_batch_driver,ray.result_get,1,0.000288,4.453896
round_3,optical_mgrs,datasets[0].timings.units[3].driver,logical_batch_driver,ray.task_submit,1,0.00762,4.453896
round_3,optical_mgrs,datasets[0].timings.units[3].driver,logical_batch_driver,ray.task_prepare,2,0.000257,4.453896
round_3,optical_mgrs,datasets[0].timings.units[3].driver,logical_batch_driver,driver.result_merge,1,5e-06,4.453896
round_3,optical_mgrs,datasets[0].timings.units[3].workers[0],logical_worker,grid.cover,4,0.187005,3.223765
round_3,optical_mgrs,datasets[0].timings.units[3].workers[0],logical_worker,grid.geometry,165,0.019834,3.223765
round_3,optical_mgrs,datasets[0].timings.units[3].workers[0],logical_worker,minio.chunk_stat,1,0.006458,3.223765
round_3,optical_mgrs,datasets[0].timings.units[3].workers[0],logical_worker,minio.chunk_upload,1,2.772349,3.223765
round_3,optical_mgrs,datasets[0].timings.units[3].workers[0],logical_worker,logical.row_generation,4,0.029398,3.223765
round_3,optical_mgrs,datasets[0].timings.units[3].workers[0],logical_worker,logical.chunk_serialize,1,0.046211,3.223765
round_3,optical_mgrs,datasets[0].timings.units[3].workers[0],logical_worker,opengauss.logical_stage,1,0.181364,3.223765
round_3,optical_mgrs,datasets[0].timings.units[3].source_preflight,source_preflight,minio.stat,1,0.006772,4.460791
round_3,optical_mgrs,datasets[0].timings.workflow,workflow_dataset,runner.execute,1,8.545003,8.83135
round_3,optical_mgrs,datasets[0].timings.workflow,workflow_dataset,opengauss.start_output,1,0.012288,8.83135
round_3,optical_mgrs,datasets[0].timings.workflow,workflow_dataset,opengauss.complete_output,1,0.025218,8.83135
round_3,optical_mgrs,datasets[0].timings.workflow,workflow_dataset,opengauss.record_output_chunks,1,0.012692,8.83135
round_3,optical_mgrs,datasets[0].timings.workflow,workflow_dataset,opengauss.verify_output_chunks,1,0.061454,8.83135
round_3,optical_mgrs,datasets[0].timings.workflow,workflow_dataset,opengauss.promote_logical_staging,1,0.173113,8.83135
round_3,optical_isea4h,timings.job_driver,ray_job_driver,workflow.run,1,18.920692,19.063917
round_3,optical_isea4h,timings.job_driver,ray_job_driver,driver.bootstrap,1,0.139347,19.063917
round_3,optical_isea4h,timings.job_driver,ray_job_driver,task.start_attempt,1,0.003088,19.063917
round_3,optical_isea4h,datasets[0].timings.units[0].driver,raster_driver,ray.init,1,0.06727,9.37282
round_3,optical_isea4h,datasets[0].timings.units[0].driver,raster_driver,ray.wait,23,9.2105,9.37282
round_3,optical_isea4h,datasets[0].timings.units[0].driver,raster_driver,ray.result_get,16,0.005487,9.37282
round_3,optical_isea4h,datasets[0].timings.units[0].driver,raster_driver,ray.task_submit,16,0.053452,9.37282
round_3,optical_isea4h,datasets[0].timings.units[0].driver,raster_driver,driver.result_merge,16,0.000113,9.37282
round_3,optical_isea4h,datasets[0].timings.units[0].workers[0],raster_worker,grid.cover,1,4.545796,6.384281
round_3,optical_isea4h,datasets[0].timings.units[0].workers[0],raster_worker,source.cache,1,0.000277,6.384281
round_3,optical_isea4h,datasets[0].timings.units[0].workers[0],raster_worker,grid.geometry,1,0.000831,6.384281
round_3,optical_isea4h,datasets[0].timings.units[0].workers[0],raster_worker,minio.tile_stat,1,0.008163,6.384281
round_3,optical_isea4h,datasets[0].timings.units[0].workers[0],raster_worker,source.checksum,1,0.048225,6.384281
round_3,optical_isea4h,datasets[0].timings.units[0].workers[0],raster_worker,source.download,1,0.0,6.384281
round_3,optical_isea4h,datasets[0].timings.units[0].workers[0],raster_worker,entity.tile_mask,1,0.890237,6.384281
round_3,optical_isea4h,datasets[0].timings.units[0].workers[0],raster_worker,entity.tile_write,1,0.741834,6.384281
round_3,optical_isea4h,datasets[0].timings.units[0].workers[0],raster_worker,minio.tile_upload,1,0.13312,6.384281
round_3,optical_isea4h,datasets[0].timings.units[0].workers[0],raster_worker,source.raster_open,1,0.010232,6.384281
round_3,optical_isea4h,datasets[0].timings.units[0].workers[0],raster_worker,entity.tile_checksum,1,0.003438,6.384281
round_3,optical_isea4h,datasets[0].timings.units[0].workers[0],raster_worker,grid.window_calculation,1,0.000311,6.384281
round_3,optical_isea4h,datasets[0].timings.units[0].workers[1],raster_worker,grid.cover,1,4.646869,6.40624
round_3,optical_isea4h,datasets[0].timings.units[0].workers[1],raster_worker,source.cache,1,0.000293,6.40624
round_3,optical_isea4h,datasets[0].timings.units[0].workers[1],raster_worker,grid.geometry,1,0.000859,6.40624
round_3,optical_isea4h,datasets[0].timings.units[0].workers[1],raster_worker,minio.tile_stat,1,0.009611,6.40624
round_3,optical_isea4h,datasets[0].timings.units[0].workers[1],raster_worker,source.checksum,1,0.047523,6.40624
round_3,optical_isea4h,datasets[0].timings.units[0].workers[1],raster_worker,source.download,1,0.0,6.40624
round_3,optical_isea4h,datasets[0].timings.units[0].workers[1],raster_worker,entity.tile_mask,1,0.902794,6.40624
round_3,optical_isea4h,datasets[0].timings.units[0].workers[1],raster_worker,entity.tile_write,1,0.7829,6.40624
round_3,optical_isea4h,datasets[0].timings.units[0].workers[1],raster_worker,source.raster_open,1,0.010045,6.40624
round_3,optical_isea4h,datasets[0].timings.units[0].workers[1],raster_worker,entity.tile_checksum,1,0.003461,6.40624
round_3,optical_isea4h,datasets[0].timings.units[0].workers[1],raster_worker,grid.window_calculation,1,0.000312,6.40624
round_3,optical_isea4h,datasets[0].timings.units[0].workers[2],raster_worker,grid.cover,1,4.689851,6.390346
round_3,optical_isea4h,datasets[0].timings.units[0].workers[2],raster_worker,source.cache,1,0.000241,6.390346
round_3,optical_isea4h,datasets[0].timings.units[0].workers[2],raster_worker,grid.geometry,1,0.000791,6.390346
round_3,optical_isea4h,datasets[0].timings.units[0].workers[2],raster_worker,minio.tile_stat,1,0.008177,6.390346
round_3,optical_isea4h,datasets[0].timings.units[0].workers[2],raster_worker,source.checksum,1,0.047228,6.390346
round_3,optical_isea4h,datasets[0].timings.units[0].workers[2],raster_worker,source.download,1,0.0,6.390346
round_3,optical_isea4h,datasets[0].timings.units[0].workers[2],raster_worker,entity.tile_mask,1,0.872665,6.390346
round_3,optical_isea4h,datasets[0].timings.units[0].workers[2],raster_worker,entity.tile_write,1,0.756865,6.390346
round_3,optical_isea4h,datasets[0].timings.units[0].workers[2],raster_worker,source.raster_open,1,0.009377,6.390346
round_3,optical_isea4h,datasets[0].timings.units[0].workers[2],raster_worker,entity.tile_checksum,1,0.003442,6.390346
round_3,optical_isea4h,datasets[0].timings.units[0].workers[2],raster_worker,grid.window_calculation,1,0.000285,6.390346
round_3,optical_isea4h,datasets[0].timings.units[0].workers[3],raster_worker,grid.cover,1,4.815565,6.67519
round_3,optical_isea4h,datasets[0].timings.units[0].workers[3],raster_worker,source.cache,1,0.000246,6.67519
round_3,optical_isea4h,datasets[0].timings.units[0].workers[3],raster_worker,grid.geometry,1,0.000845,6.67519
round_3,optical_isea4h,datasets[0].timings.units[0].workers[3],raster_worker,minio.tile_stat,1,0.124714,6.67519
round_3,optical_isea4h,datasets[0].timings.units[0].workers[3],raster_worker,source.checksum,1,0.050887,6.67519
round_3,optical_isea4h,datasets[0].timings.units[0].workers[3],raster_worker,source.download,1,0.0,6.67519
round_3,optical_isea4h,datasets[0].timings.units[0].workers[3],raster_worker,entity.tile_mask,1,0.910071,6.67519
round_3,optical_isea4h,datasets[0].timings.units[0].workers[3],raster_worker,entity.tile_write,1,0.757012,6.67519
round_3,optical_isea4h,datasets[0].timings.units[0].workers[3],raster_worker,source.raster_open,1,0.010199,6.67519
round_3,optical_isea4h,datasets[0].timings.units[0].workers[3],raster_worker,entity.tile_checksum,1,0.003434,6.67519
round_3,optical_isea4h,datasets[0].timings.units[0].workers[3],raster_worker,grid.window_calculation,1,0.000381,6.67519
round_3,optical_isea4h,datasets[0].timings.units[0].workers[4],raster_worker,grid.cover,1,4.649084,6.647967
round_3,optical_isea4h,datasets[0].timings.units[0].workers[4],raster_worker,source.cache,1,0.000292,6.647967
round_3,optical_isea4h,datasets[0].timings.units[0].workers[4],raster_worker,grid.geometry,2,0.001945,6.647967
round_3,optical_isea4h,datasets[0].timings.units[0].workers[4],raster_worker,minio.tile_stat,2,0.013382,6.647967
round_3,optical_isea4h,datasets[0].timings.units[0].workers[4],raster_worker,source.checksum,1,0.051129,6.647967
round_3,optical_isea4h,datasets[0].timings.units[0].workers[4],raster_worker,source.download,1,0.0,6.647967
round_3,optical_isea4h,datasets[0].timings.units[0].workers[4],raster_worker,entity.tile_mask,2,0.976851,6.647967
round_3,optical_isea4h,datasets[0].timings.units[0].workers[4],raster_worker,entity.tile_write,2,0.878098,6.647967
round_3,optical_isea4h,datasets[0].timings.units[0].workers[4],raster_worker,minio.tile_upload,1,0.060874,6.647967
round_3,optical_isea4h,datasets[0].timings.units[0].workers[4],raster_worker,source.raster_open,1,0.010108,6.647967
round_3,optical_isea4h,datasets[0].timings.units[0].workers[4],raster_worker,entity.tile_checksum,2,0.003673,6.647967
round_3,optical_isea4h,datasets[0].timings.units[0].workers[4],raster_worker,grid.window_calculation,2,0.000559,6.647967
round_3,optical_isea4h,datasets[0].timings.units[0].workers[5],raster_worker,grid.cover,1,4.591813,6.741756
round_3,optical_isea4h,datasets[0].timings.units[0].workers[5],raster_worker,source.cache,1,0.000242,6.741756
round_3,optical_isea4h,datasets[0].timings.units[0].workers[5],raster_worker,grid.geometry,2,0.001972,6.741756
round_3,optical_isea4h,datasets[0].timings.units[0].workers[5],raster_worker,minio.tile_stat,2,0.017397,6.741756
round_3,optical_isea4h,datasets[0].timings.units[0].workers[5],raster_worker,source.checksum,1,0.047781,6.741756
round_3,optical_isea4h,datasets[0].timings.units[0].workers[5],raster_worker,source.download,1,0.0,6.741756
round_3,optical_isea4h,datasets[0].timings.units[0].workers[5],raster_worker,entity.tile_mask,2,0.963366,6.741756
round_3,optical_isea4h,datasets[0].timings.units[0].workers[5],raster_worker,entity.tile_write,2,0.87672,6.741756
round_3,optical_isea4h,datasets[0].timings.units[0].workers[5],raster_worker,minio.tile_upload,2,0.226093,6.741756
round_3,optical_isea4h,datasets[0].timings.units[0].workers[5],raster_worker,source.raster_open,1,0.010119,6.741756
round_3,optical_isea4h,datasets[0].timings.units[0].workers[5],raster_worker,entity.tile_checksum,2,0.003473,6.741756
round_3,optical_isea4h,datasets[0].timings.units[0].workers[5],raster_worker,grid.window_calculation,2,0.000581,6.741756
round_3,optical_isea4h,datasets[0].timings.units[0].workers[6],raster_worker,grid.cover,1,4.713871,6.739208
round_3,optical_isea4h,datasets[0].timings.units[0].workers[6],raster_worker,source.cache,1,0.000269,6.739208
round_3,optical_isea4h,datasets[0].timings.units[0].workers[6],raster_worker,grid.geometry,1,0.000801,6.739208
round_3,optical_isea4h,datasets[0].timings.units[0].workers[6],raster_worker,minio.tile_stat,1,0.325169,6.739208
round_3,optical_isea4h,datasets[0].timings.units[0].workers[6],raster_worker,source.checksum,1,0.047307,6.739208
round_3,optical_isea4h,datasets[0].timings.units[0].workers[6],raster_worker,source.download,1,0.0,6.739208
round_3,optical_isea4h,datasets[0].timings.units[0].workers[6],raster_worker,entity.tile_mask,1,0.871073,6.739208
round_3,optical_isea4h,datasets[0].timings.units[0].workers[6],raster_worker,entity.tile_write,1,0.764505,6.739208
round_3,optical_isea4h,datasets[0].timings.units[0].workers[6],raster_worker,source.raster_open,1,0.010857,6.739208
round_3,optical_isea4h,datasets[0].timings.units[0].workers[6],raster_worker,entity.tile_checksum,1,0.003429,6.739208
round_3,optical_isea4h,datasets[0].timings.units[0].workers[6],raster_worker,grid.window_calculation,1,0.000293,6.739208
round_3,optical_isea4h,datasets[0].timings.units[0].workers[7],raster_worker,grid.cover,1,4.763034,6.805783
round_3,optical_isea4h,datasets[0].timings.units[0].workers[7],raster_worker,source.cache,1,0.000245,6.805783
round_3,optical_isea4h,datasets[0].timings.units[0].workers[7],raster_worker,grid.geometry,1,0.000803,6.805783
round_3,optical_isea4h,datasets[0].timings.units[0].workers[7],raster_worker,minio.tile_stat,1,0.295868,6.805783
round_3,optical_isea4h,datasets[0].timings.units[0].workers[7],raster_worker,source.checksum,1,0.047335,6.805783
round_3,optical_isea4h,datasets[0].timings.units[0].workers[7],raster_worker,source.download,1,0.0,6.805783
round_3,optical_isea4h,datasets[0].timings.units[0].workers[7],raster_worker,entity.tile_mask,1,0.915894,6.805783
round_3,optical_isea4h,datasets[0].timings.units[0].workers[7],raster_worker,entity.tile_write,1,0.767237,6.805783
round_3,optical_isea4h,datasets[0].timings.units[0].workers[7],raster_worker,source.raster_open,1,0.009971,6.805783
round_3,optical_isea4h,datasets[0].timings.units[0].workers[7],raster_worker,entity.tile_checksum,1,0.003424,6.805783
round_3,optical_isea4h,datasets[0].timings.units[0].workers[7],raster_worker,grid.window_calculation,1,0.000319,6.805783
round_3,optical_isea4h,datasets[0].timings.units[0].workers[8],raster_worker,grid.cover,1,4.6535,6.780578
round_3,optical_isea4h,datasets[0].timings.units[0].workers[8],raster_worker,source.cache,1,0.000378,6.780578
round_3,optical_isea4h,datasets[0].timings.units[0].workers[8],raster_worker,grid.geometry,1,0.00091,6.780578
round_3,optical_isea4h,datasets[0].timings.units[0].workers[8],raster_worker,minio.tile_stat,1,0.350382,6.780578
round_3,optical_isea4h,datasets[0].timings.units[0].workers[8],raster_worker,source.checksum,1,0.049513,6.780578
round_3,optical_isea4h,datasets[0].timings.units[0].workers[8],raster_worker,source.download,1,0.0,6.780578
round_3,optical_isea4h,datasets[0].timings.units[0].workers[8],raster_worker,entity.tile_mask,1,0.941879,6.780578
round_3,optical_isea4h,datasets[0].timings.units[0].workers[8],raster_worker,entity.tile_write,1,0.767486,6.780578
round_3,optical_isea4h,datasets[0].timings.units[0].workers[8],raster_worker,source.raster_open,1,0.010788,6.780578
round_3,optical_isea4h,datasets[0].timings.units[0].workers[8],raster_worker,entity.tile_checksum,1,0.003442,6.780578
round_3,optical_isea4h,datasets[0].timings.units[0].workers[8],raster_worker,grid.window_calculation,1,0.000391,6.780578
round_3,optical_isea4h,datasets[0].timings.units[0].workers[9],raster_worker,grid.cover,1,4.538136,6.890757
round_3,optical_isea4h,datasets[0].timings.units[0].workers[9],raster_worker,source.cache,1,0.000264,6.890757
round_3,optical_isea4h,datasets[0].timings.units[0].workers[9],raster_worker,grid.geometry,3,0.003009,6.890757
round_3,optical_isea4h,datasets[0].timings.units[0].workers[9],raster_worker,minio.tile_stat,3,0.0176,6.890757
round_3,optical_isea4h,datasets[0].timings.units[0].workers[9],raster_worker,source.checksum,1,0.048174,6.890757
round_3,optical_isea4h,datasets[0].timings.units[0].workers[9],raster_worker,source.download,1,0.0,6.890757
round_3,optical_isea4h,datasets[0].timings.units[0].workers[9],raster_worker,entity.tile_mask,3,1.014246,6.890757
round_3,optical_isea4h,datasets[0].timings.units[0].workers[9],raster_worker,entity.tile_write,3,0.9852,6.890757
round_3,optical_isea4h,datasets[0].timings.units[0].workers[9],raster_worker,minio.tile_upload,2,0.265417,6.890757
round_3,optical_isea4h,datasets[0].timings.units[0].workers[9],raster_worker,source.raster_open,1,0.011551,6.890757
round_3,optical_isea4h,datasets[0].timings.units[0].workers[9],raster_worker,entity.tile_checksum,3,0.00365,6.890757
round_3,optical_isea4h,datasets[0].timings.units[0].workers[9],raster_worker,grid.window_calculation,3,0.000814,6.890757
round_3,optical_isea4h,datasets[0].timings.units[0].workers[10],raster_worker,grid.cover,1,4.529634,6.474358
round_3,optical_isea4h,datasets[0].timings.units[0].workers[10],raster_worker,source.cache,1,0.000259,6.474358
round_3,optical_isea4h,datasets[0].timings.units[0].workers[10],raster_worker,grid.geometry,2,0.001825,6.474358
round_3,optical_isea4h,datasets[0].timings.units[0].workers[10],raster_worker,minio.tile_stat,2,0.014345,6.474358
round_3,optical_isea4h,datasets[0].timings.units[0].workers[10],raster_worker,source.checksum,1,0.046269,6.474358
round_3,optical_isea4h,datasets[0].timings.units[0].workers[10],raster_worker,source.download,1,0.0,6.474358
round_3,optical_isea4h,datasets[0].timings.units[0].workers[10],raster_worker,entity.tile_mask,2,0.989468,6.474358
round_3,optical_isea4h,datasets[0].timings.units[0].workers[10],raster_worker,entity.tile_write,2,0.876463,6.474358
round_3,optical_isea4h,datasets[0].timings.units[0].workers[10],raster_worker,source.raster_open,1,0.009931,6.474358
round_3,optical_isea4h,datasets[0].timings.units[0].workers[10],raster_worker,entity.tile_checksum,2,0.003537,6.474358
round_3,optical_isea4h,datasets[0].timings.units[0].workers[10],raster_worker,grid.window_calculation,2,0.000531,6.474358
round_3,optical_isea4h,datasets[0].timings.units[0].workers[11],raster_worker,grid.cover,1,4.826008,6.609919
round_3,optical_isea4h,datasets[0].timings.units[0].workers[11],raster_worker,source.cache,1,0.000279,6.609919
round_3,optical_isea4h,datasets[0].timings.units[0].workers[11],raster_worker,grid.geometry,1,0.000881,6.609919
round_3,optical_isea4h,datasets[0].timings.units[0].workers[11],raster_worker,minio.tile_stat,1,0.008525,6.609919
round_3,optical_isea4h,datasets[0].timings.units[0].workers[11],raster_worker,source.checksum,1,0.046685,6.609919
round_3,optical_isea4h,datasets[0].timings.units[0].workers[11],raster_worker,source.download,1,0.0,6.609919
round_3,optical_isea4h,datasets[0].timings.units[0].workers[11],raster_worker,entity.tile_mask,1,0.953182,6.609919
round_3,optical_isea4h,datasets[0].timings.units[0].workers[11],raster_worker,entity.tile_write,1,0.759326,6.609919
round_3,optical_isea4h,datasets[0].timings.units[0].workers[11],raster_worker,source.raster_open,1,0.009649,6.609919
round_3,optical_isea4h,datasets[0].timings.units[0].workers[11],raster_worker,entity.tile_checksum,1,0.003446,6.609919
round_3,optical_isea4h,datasets[0].timings.units[0].workers[11],raster_worker,grid.window_calculation,1,0.000362,6.609919
round_3,optical_isea4h,datasets[0].timings.units[0].workers[12],raster_worker,grid.cover,1,4.657852,6.649833
round_3,optical_isea4h,datasets[0].timings.units[0].workers[12],raster_worker,source.cache,1,0.000259,6.649833
round_3,optical_isea4h,datasets[0].timings.units[0].workers[12],raster_worker,grid.geometry,2,0.001897,6.649833
round_3,optical_isea4h,datasets[0].timings.units[0].workers[12],raster_worker,minio.tile_stat,2,0.017137,6.649833
round_3,optical_isea4h,datasets[0].timings.units[0].workers[12],raster_worker,source.checksum,1,0.045029,6.649833
round_3,optical_isea4h,datasets[0].timings.units[0].workers[12],raster_worker,source.download,1,0.0,6.649833
round_3,optical_isea4h,datasets[0].timings.units[0].workers[12],raster_worker,entity.tile_mask,2,1.030058,6.649833
round_3,optical_isea4h,datasets[0].timings.units[0].workers[12],raster_worker,entity.tile_write,2,0.879324,6.649833
round_3,optical_isea4h,datasets[0].timings.units[0].workers[12],raster_worker,source.raster_open,1,0.009855,6.649833
round_3,optical_isea4h,datasets[0].timings.units[0].workers[12],raster_worker,entity.tile_checksum,2,0.005617,6.649833
round_3,optical_isea4h,datasets[0].timings.units[0].workers[12],raster_worker,grid.window_calculation,2,0.000536,6.649833
round_3,optical_isea4h,datasets[0].timings.units[0].workers[13],raster_worker,grid.cover,1,4.549974,6.680688
round_3,optical_isea4h,datasets[0].timings.units[0].workers[13],raster_worker,source.cache,1,0.000265,6.680688
round_3,optical_isea4h,datasets[0].timings.units[0].workers[13],raster_worker,grid.geometry,3,0.002995,6.680688
round_3,optical_isea4h,datasets[0].timings.units[0].workers[13],raster_worker,minio.tile_stat,3,0.018558,6.680688
round_3,optical_isea4h,datasets[0].timings.units[0].workers[13],raster_worker,source.checksum,1,0.045436,6.680688
round_3,optical_isea4h,datasets[0].timings.units[0].workers[13],raster_worker,source.download,1,0.0,6.680688
round_3,optical_isea4h,datasets[0].timings.units[0].workers[13],raster_worker,entity.tile_mask,3,1.032331,6.680688
round_3,optical_isea4h,datasets[0].timings.units[0].workers[13],raster_worker,entity.tile_write,3,1.010091,6.680688
round_3,optical_isea4h,datasets[0].timings.units[0].workers[13],raster_worker,source.raster_open,1,0.012888,6.680688
round_3,optical_isea4h,datasets[0].timings.units[0].workers[13],raster_worker,entity.tile_checksum,3,0.004816,6.680688
round_3,optical_isea4h,datasets[0].timings.units[0].workers[13],raster_worker,grid.window_calculation,3,0.000797,6.680688
round_3,optical_isea4h,datasets[0].timings.units[0].workers[14],raster_worker,grid.cover,1,4.605444,6.737963
round_3,optical_isea4h,datasets[0].timings.units[0].workers[14],raster_worker,source.cache,1,0.000252,6.737963
round_3,optical_isea4h,datasets[0].timings.units[0].workers[14],raster_worker,grid.geometry,3,0.002873,6.737963
round_3,optical_isea4h,datasets[0].timings.units[0].workers[14],raster_worker,minio.tile_stat,3,0.016598,6.737963
round_3,optical_isea4h,datasets[0].timings.units[0].workers[14],raster_worker,source.checksum,1,0.045443,6.737963
round_3,optical_isea4h,datasets[0].timings.units[0].workers[14],raster_worker,source.download,1,0.0,6.737963
round_3,optical_isea4h,datasets[0].timings.units[0].workers[14],raster_worker,entity.tile_mask,3,1.025089,6.737963
round_3,optical_isea4h,datasets[0].timings.units[0].workers[14],raster_worker,entity.tile_write,3,0.971483,6.737963
round_3,optical_isea4h,datasets[0].timings.units[0].workers[14],raster_worker,minio.tile_upload,1,0.05201,6.737963
round_3,optical_isea4h,datasets[0].timings.units[0].workers[14],raster_worker,source.raster_open,1,0.010087,6.737963
round_3,optical_isea4h,datasets[0].timings.units[0].workers[14],raster_worker,entity.tile_checksum,3,0.005354,6.737963
round_3,optical_isea4h,datasets[0].timings.units[0].workers[14],raster_worker,grid.window_calculation,3,0.000772,6.737963
round_3,optical_isea4h,datasets[0].timings.units[0].workers[15],raster_worker,grid.cover,1,4.792682,6.869037
round_3,optical_isea4h,datasets[0].timings.units[0].workers[15],raster_worker,source.cache,1,0.000257,6.869037
round_3,optical_isea4h,datasets[0].timings.units[0].workers[15],raster_worker,grid.geometry,3,0.002884,6.869037
round_3,optical_isea4h,datasets[0].timings.units[0].workers[15],raster_worker,minio.tile_stat,3,0.015526,6.869037
round_3,optical_isea4h,datasets[0].timings.units[0].workers[15],raster_worker,source.checksum,1,0.0462,6.869037
round_3,optical_isea4h,datasets[0].timings.units[0].workers[15],raster_worker,source.download,1,0.0,6.869037
round_3,optical_isea4h,datasets[0].timings.units[0].workers[15],raster_worker,entity.tile_mask,3,1.046388,6.869037
round_3,optical_isea4h,datasets[0].timings.units[0].workers[15],raster_worker,entity.tile_write,3,0.947193,6.869037
round_3,optical_isea4h,datasets[0].timings.units[0].workers[15],raster_worker,source.raster_open,1,0.009643,6.869037
round_3,optical_isea4h,datasets[0].timings.units[0].workers[15],raster_worker,entity.tile_checksum,3,0.004906,6.869037
round_3,optical_isea4h,datasets[0].timings.units[0].workers[15],raster_worker,grid.window_calculation,3,0.000784,6.869037
round_3,optical_isea4h,datasets[0].timings.units[0].source_preflight,source_preflight,minio.stat,1,0.148799,9.708955
round_3,optical_isea4h,datasets[0].timings.units[1].driver,raster_driver,ray.wait,17,2.136126,2.181149
round_3,optical_isea4h,datasets[0].timings.units[1].driver,raster_driver,ray.result_get,16,0.004604,2.181149
round_3,optical_isea4h,datasets[0].timings.units[1].driver,raster_driver,ray.task_submit,16,0.017315,2.181149
round_3,optical_isea4h,datasets[0].timings.units[1].driver,raster_driver,driver.result_merge,16,0.000131,2.181149
round_3,optical_isea4h,datasets[0].timings.units[1].workers[0],raster_worker,grid.cover,1,0.009369,1.504804
round_3,optical_isea4h,datasets[0].timings.units[1].workers[0],raster_worker,source.cache,1,0.000399,1.504804
round_3,optical_isea4h,datasets[0].timings.units[1].workers[0],raster_worker,grid.geometry,1,0.00074,1.504804
round_3,optical_isea4h,datasets[0].timings.units[1].workers[0],raster_worker,minio.tile_stat,1,0.007004,1.504804
round_3,optical_isea4h,datasets[0].timings.units[1].workers[0],raster_worker,source.checksum,1,0.043759,1.504804
round_3,optical_isea4h,datasets[0].timings.units[1].workers[0],raster_worker,source.download,1,0.0,1.504804
round_3,optical_isea4h,datasets[0].timings.units[1].workers[0],raster_worker,entity.tile_mask,1,0.820317,1.504804
round_3,optical_isea4h,datasets[0].timings.units[1].workers[0],raster_worker,entity.tile_write,1,0.560707,1.504804
round_3,optical_isea4h,datasets[0].timings.units[1].workers[0],raster_worker,minio.tile_upload,1,0.057874,1.504804
round_3,optical_isea4h,datasets[0].timings.units[1].workers[0],raster_worker,source.raster_open,1,0.001034,1.504804
round_3,optical_isea4h,datasets[0].timings.units[1].workers[0],raster_worker,entity.tile_checksum,1,0.00212,1.504804
round_3,optical_isea4h,datasets[0].timings.units[1].workers[0],raster_worker,grid.window_calculation,1,0.000184,1.504804
round_3,optical_isea4h,datasets[0].timings.units[1].workers[1],raster_worker,grid.cover,1,0.008807,1.520658
round_3,optical_isea4h,datasets[0].timings.units[1].workers[1],raster_worker,source.cache,1,0.000393,1.520658
round_3,optical_isea4h,datasets[0].timings.units[1].workers[1],raster_worker,grid.geometry,1,0.000729,1.520658
round_3,optical_isea4h,datasets[0].timings.units[1].workers[1],raster_worker,minio.tile_stat,1,0.007267,1.520658
round_3,optical_isea4h,datasets[0].timings.units[1].workers[1],raster_worker,source.checksum,1,0.037944,1.520658
round_3,optical_isea4h,datasets[0].timings.units[1].workers[1],raster_worker,source.download,1,0.0,1.520658
round_3,optical_isea4h,datasets[0].timings.units[1].workers[1],raster_worker,entity.tile_mask,1,0.876405,1.520658
round_3,optical_isea4h,datasets[0].timings.units[1].workers[1],raster_worker,entity.tile_write,1,0.584587,1.520658
round_3,optical_isea4h,datasets[0].timings.units[1].workers[1],raster_worker,source.raster_open,1,0.001052,1.520658
round_3,optical_isea4h,datasets[0].timings.units[1].workers[1],raster_worker,entity.tile_checksum,1,0.002114,1.520658
round_3,optical_isea4h,datasets[0].timings.units[1].workers[1],raster_worker,grid.window_calculation,1,0.000174,1.520658
round_3,optical_isea4h,datasets[0].timings.units[1].workers[2],raster_worker,grid.cover,1,0.006172,1.532903
round_3,optical_isea4h,datasets[0].timings.units[1].workers[2],raster_worker,source.cache,1,0.000247,1.532903
round_3,optical_isea4h,datasets[0].timings.units[1].workers[2],raster_worker,grid.geometry,1,0.000919,1.532903
round_3,optical_isea4h,datasets[0].timings.units[1].workers[2],raster_worker,minio.tile_stat,1,0.005963,1.532903
round_3,optical_isea4h,datasets[0].timings.units[1].workers[2],raster_worker,source.checksum,1,0.087947,1.532903
round_3,optical_isea4h,datasets[0].timings.units[1].workers[2],raster_worker,source.download,1,0.0,1.532903
round_3,optical_isea4h,datasets[0].timings.units[1].workers[2],raster_worker,entity.tile_mask,1,0.859407,1.532903
round_3,optical_isea4h,datasets[0].timings.units[1].workers[2],raster_worker,entity.tile_write,1,0.567275,1.532903
round_3,optical_isea4h,datasets[0].timings.units[1].workers[2],raster_worker,source.raster_open,1,0.001044,1.532903
round_3,optical_isea4h,datasets[0].timings.units[1].workers[2],raster_worker,entity.tile_checksum,1,0.002156,1.532903
round_3,optical_isea4h,datasets[0].timings.units[1].workers[2],raster_worker,grid.window_calculation,1,0.000247,1.532903
round_3,optical_isea4h,datasets[0].timings.units[1].workers[3],raster_worker,grid.cover,1,0.00732,1.549544
round_3,optical_isea4h,datasets[0].timings.units[1].workers[3],raster_worker,source.cache,1,0.000409,1.549544
round_3,optical_isea4h,datasets[0].timings.units[1].workers[3],raster_worker,grid.geometry,1,0.000838,1.549544
round_3,optical_isea4h,datasets[0].timings.units[1].workers[3],raster_worker,minio.tile_stat,1,0.011563,1.549544
round_3,optical_isea4h,datasets[0].timings.units[1].workers[3],raster_worker,source.checksum,1,0.092727,1.549544
round_3,optical_isea4h,datasets[0].timings.units[1].workers[3],raster_worker,source.download,1,0.0,1.549544
round_3,optical_isea4h,datasets[0].timings.units[1].workers[3],raster_worker,entity.tile_mask,1,0.865639,1.549544
round_3,optical_isea4h,datasets[0].timings.units[1].workers[3],raster_worker,entity.tile_write,1,0.565674,1.549544
round_3,optical_isea4h,datasets[0].timings.units[1].workers[3],raster_worker,source.raster_open,1,0.001522,1.549544
round_3,optical_isea4h,datasets[0].timings.units[1].workers[3],raster_worker,entity.tile_checksum,1,0.002111,1.549544
round_3,optical_isea4h,datasets[0].timings.units[1].workers[3],raster_worker,grid.window_calculation,1,0.000231,1.549544
round_3,optical_isea4h,datasets[0].timings.units[1].workers[4],raster_worker,grid.cover,1,0.004416,1.575974
round_3,optical_isea4h,datasets[0].timings.units[1].workers[4],raster_worker,source.cache,1,0.000232,1.575974
round_3,optical_isea4h,datasets[0].timings.units[1].workers[4],raster_worker,grid.geometry,1,0.000743,1.575974
round_3,optical_isea4h,datasets[0].timings.units[1].workers[4],raster_worker,minio.tile_stat,1,0.014532,1.575974
round_3,optical_isea4h,datasets[0].timings.units[1].workers[4],raster_worker,source.checksum,1,0.08222,1.575974
round_3,optical_isea4h,datasets[0].timings.units[1].workers[4],raster_worker,source.download,1,0.0,1.575974
round_3,optical_isea4h,datasets[0].timings.units[1].workers[4],raster_worker,entity.tile_mask,1,0.888373,1.575974
round_3,optical_isea4h,datasets[0].timings.units[1].workers[4],raster_worker,entity.tile_write,1,0.581012,1.575974
round_3,optical_isea4h,datasets[0].timings.units[1].workers[4],raster_worker,source.raster_open,1,0.00093,1.575974
round_3,optical_isea4h,datasets[0].timings.units[1].workers[4],raster_worker,entity.tile_checksum,1,0.002118,1.575974
round_3,optical_isea4h,datasets[0].timings.units[1].workers[4],raster_worker,grid.window_calculation,1,0.000191,1.575974
round_3,optical_isea4h,datasets[0].timings.units[1].workers[5],raster_worker,grid.cover,1,0.00662,1.577033
round_3,optical_isea4h,datasets[0].timings.units[1].workers[5],raster_worker,source.cache,1,0.000258,1.577033
round_3,optical_isea4h,datasets[0].timings.units[1].workers[5],raster_worker,grid.geometry,1,0.000841,1.577033
round_3,optical_isea4h,datasets[0].timings.units[1].workers[5],raster_worker,minio.tile_stat,1,0.005507,1.577033
round_3,optical_isea4h,datasets[0].timings.units[1].workers[5],raster_worker,source.checksum,1,0.087641,1.577033
round_3,optical_isea4h,datasets[0].timings.units[1].workers[5],raster_worker,source.download,1,0.0,1.577033
round_3,optical_isea4h,datasets[0].timings.units[1].workers[5],raster_worker,entity.tile_mask,1,0.889527,1.577033
round_3,optical_isea4h,datasets[0].timings.units[1].workers[5],raster_worker,entity.tile_write,1,0.581736,1.577033
round_3,optical_isea4h,datasets[0].timings.units[1].workers[5],raster_worker,source.raster_open,1,0.001211,1.577033
round_3,optical_isea4h,datasets[0].timings.units[1].workers[5],raster_worker,entity.tile_checksum,1,0.002104,1.577033
round_3,optical_isea4h,datasets[0].timings.units[1].workers[5],raster_worker,grid.window_calculation,1,0.000227,1.577033
round_3,optical_isea4h,datasets[0].timings.units[1].workers[6],raster_worker,grid.cover,1,0.011158,1.590583
round_3,optical_isea4h,datasets[0].timings.units[1].workers[6],raster_worker,source.cache,1,0.000322,1.590583
round_3,optical_isea4h,datasets[0].timings.units[1].workers[6],raster_worker,grid.geometry,1,0.001194,1.590583
round_3,optical_isea4h,datasets[0].timings.units[1].workers[6],raster_worker,minio.tile_stat,1,0.006294,1.590583
round_3,optical_isea4h,datasets[0].timings.units[1].workers[6],raster_worker,source.checksum,1,0.110513,1.590583
round_3,optical_isea4h,datasets[0].timings.units[1].workers[6],raster_worker,source.download,1,0.0,1.590583
round_3,optical_isea4h,datasets[0].timings.units[1].workers[6],raster_worker,entity.tile_mask,1,0.885166,1.590583
round_3,optical_isea4h,datasets[0].timings.units[1].workers[6],raster_worker,entity.tile_write,1,0.570262,1.590583
round_3,optical_isea4h,datasets[0].timings.units[1].workers[6],raster_worker,source.raster_open,1,0.001351,1.590583
round_3,optical_isea4h,datasets[0].timings.units[1].workers[6],raster_worker,entity.tile_checksum,1,0.002111,1.590583
round_3,optical_isea4h,datasets[0].timings.units[1].workers[6],raster_worker,grid.window_calculation,1,0.000403,1.590583
round_3,optical_isea4h,datasets[0].timings.units[1].workers[7],raster_worker,grid.cover,1,0.008929,1.596011
round_3,optical_isea4h,datasets[0].timings.units[1].workers[7],raster_worker,source.cache,1,0.000423,1.596011
round_3,optical_isea4h,datasets[0].timings.units[1].workers[7],raster_worker,grid.geometry,1,0.001041,1.596011
round_3,optical_isea4h,datasets[0].timings.units[1].workers[7],raster_worker,minio.tile_stat,1,0.01248,1.596011
round_3,optical_isea4h,datasets[0].timings.units[1].workers[7],raster_worker,source.checksum,1,0.101805,1.596011
round_3,optical_isea4h,datasets[0].timings.units[1].workers[7],raster_worker,source.download,1,0.0,1.596011
round_3,optical_isea4h,datasets[0].timings.units[1].workers[7],raster_worker,entity.tile_mask,1,0.870909,1.596011
round_3,optical_isea4h,datasets[0].timings.units[1].workers[7],raster_worker,entity.tile_write,1,0.587391,1.596011
round_3,optical_isea4h,datasets[0].timings.units[1].workers[7],raster_worker,source.raster_open,1,0.001173,1.596011
round_3,optical_isea4h,datasets[0].timings.units[1].workers[7],raster_worker,entity.tile_checksum,1,0.010157,1.596011
round_3,optical_isea4h,datasets[0].timings.units[1].workers[7],raster_worker,grid.window_calculation,1,0.000268,1.596011
round_3,optical_isea4h,datasets[0].timings.units[1].workers[8],raster_worker,grid.cover,1,0.005319,1.76428
round_3,optical_isea4h,datasets[0].timings.units[1].workers[8],raster_worker,source.cache,1,0.000246,1.76428
round_3,optical_isea4h,datasets[0].timings.units[1].workers[8],raster_worker,grid.geometry,2,0.001681,1.76428
round_3,optical_isea4h,datasets[0].timings.units[1].workers[8],raster_worker,minio.tile_stat,2,0.012945,1.76428
round_3,optical_isea4h,datasets[0].timings.units[1].workers[8],raster_worker,source.checksum,1,0.084539,1.76428
round_3,optical_isea4h,datasets[0].timings.units[1].workers[8],raster_worker,source.download,1,0.0,1.76428
round_3,optical_isea4h,datasets[0].timings.units[1].workers[8],raster_worker,entity.tile_mask,2,0.892889,1.76428
round_3,optical_isea4h,datasets[0].timings.units[1].workers[8],raster_worker,entity.tile_write,2,0.723381,1.76428
round_3,optical_isea4h,datasets[0].timings.units[1].workers[8],raster_worker,minio.tile_upload,1,0.037972,1.76428
round_3,optical_isea4h,datasets[0].timings.units[1].workers[8],raster_worker,source.raster_open,1,0.00103,1.76428
round_3,optical_isea4h,datasets[0].timings.units[1].workers[8],raster_worker,entity.tile_checksum,2,0.002145,1.76428
round_3,optical_isea4h,datasets[0].timings.units[1].workers[8],raster_worker,grid.window_calculation,2,0.000445,1.76428
round_3,optical_isea4h,datasets[0].timings.units[1].workers[9],raster_worker,grid.cover,1,0.006736,1.76125
round_3,optical_isea4h,datasets[0].timings.units[1].workers[9],raster_worker,source.cache,1,0.000266,1.76125
round_3,optical_isea4h,datasets[0].timings.units[1].workers[9],raster_worker,grid.geometry,2,0.001771,1.76125
round_3,optical_isea4h,datasets[0].timings.units[1].workers[9],raster_worker,minio.tile_stat,2,0.010636,1.76125
round_3,optical_isea4h,datasets[0].timings.units[1].workers[9],raster_worker,source.checksum,1,0.088887,1.76125
round_3,optical_isea4h,datasets[0].timings.units[1].workers[9],raster_worker,source.download,1,0.0,1.76125
round_3,optical_isea4h,datasets[0].timings.units[1].workers[9],raster_worker,entity.tile_mask,2,0.910527,1.76125
round_3,optical_isea4h,datasets[0].timings.units[1].workers[9],raster_worker,entity.tile_write,2,0.690094,1.76125
round_3,optical_isea4h,datasets[0].timings.units[1].workers[9],raster_worker,minio.tile_upload,1,0.046809,1.76125
round_3,optical_isea4h,datasets[0].timings.units[1].workers[9],raster_worker,source.raster_open,1,0.000994,1.76125
round_3,optical_isea4h,datasets[0].timings.units[1].workers[9],raster_worker,entity.tile_checksum,2,0.002405,1.76125
round_3,optical_isea4h,datasets[0].timings.units[1].workers[9],raster_worker,grid.window_calculation,2,0.000415,1.76125
round_3,optical_isea4h,datasets[0].timings.units[1].workers[10],raster_worker,grid.cover,1,0.005588,1.774071
round_3,optical_isea4h,datasets[0].timings.units[1].workers[10],raster_worker,source.cache,1,0.000426,1.774071
round_3,optical_isea4h,datasets[0].timings.units[1].workers[10],raster_worker,grid.geometry,2,0.00184,1.774071
round_3,optical_isea4h,datasets[0].timings.units[1].workers[10],raster_worker,minio.tile_stat,2,0.017717,1.774071
round_3,optical_isea4h,datasets[0].timings.units[1].workers[10],raster_worker,source.checksum,1,0.036874,1.774071
round_3,optical_isea4h,datasets[0].timings.units[1].workers[10],raster_worker,source.download,1,0.0,1.774071
round_3,optical_isea4h,datasets[0].timings.units[1].workers[10],raster_worker,entity.tile_mask,2,0.958674,1.774071
round_3,optical_isea4h,datasets[0].timings.units[1].workers[10],raster_worker,entity.tile_write,2,0.680044,1.774071
round_3,optical_isea4h,datasets[0].timings.units[1].workers[10],raster_worker,minio.tile_upload,1,0.065705,1.774071
round_3,optical_isea4h,datasets[0].timings.units[1].workers[10],raster_worker,source.raster_open,1,0.000903,1.774071
round_3,optical_isea4h,datasets[0].timings.units[1].workers[10],raster_worker,entity.tile_checksum,2,0.004074,1.774071
round_3,optical_isea4h,datasets[0].timings.units[1].workers[10],raster_worker,grid.window_calculation,2,0.00041,1.774071
round_3,optical_isea4h,datasets[0].timings.units[1].workers[11],raster_worker,grid.cover,1,0.010317,1.790301
round_3,optical_isea4h,datasets[0].timings.units[1].workers[11],raster_worker,source.cache,1,0.00055,1.790301
round_3,optical_isea4h,datasets[0].timings.units[1].workers[11],raster_worker,grid.geometry,2,0.002009,1.790301
round_3,optical_isea4h,datasets[0].timings.units[1].workers[11],raster_worker,minio.tile_stat,2,0.009913,1.790301
round_3,optical_isea4h,datasets[0].timings.units[1].workers[11],raster_worker,source.checksum,1,0.09397,1.790301
round_3,optical_isea4h,datasets[0].timings.units[1].workers[11],raster_worker,source.download,1,0.0,1.790301
round_3,optical_isea4h,datasets[0].timings.units[1].workers[11],raster_worker,entity.tile_mask,2,0.943835,1.790301
round_3,optical_isea4h,datasets[0].timings.units[1].workers[11],raster_worker,entity.tile_write,2,0.670185,1.790301
round_3,optical_isea4h,datasets[0].timings.units[1].workers[11],raster_worker,minio.tile_upload,1,0.052809,1.790301
round_3,optical_isea4h,datasets[0].timings.units[1].workers[11],raster_worker,source.raster_open,1,0.001406,1.790301
round_3,optical_isea4h,datasets[0].timings.units[1].workers[11],raster_worker,entity.tile_checksum,2,0.002689,1.790301
round_3,optical_isea4h,datasets[0].timings.units[1].workers[11],raster_worker,grid.window_calculation,2,0.000509,1.790301
round_3,optical_isea4h,datasets[0].timings.units[1].workers[12],raster_worker,grid.cover,1,0.012588,1.945143
round_3,optical_isea4h,datasets[0].timings.units[1].workers[12],raster_worker,source.cache,1,0.000387,1.945143
round_3,optical_isea4h,datasets[0].timings.units[1].workers[12],raster_worker,grid.geometry,3,0.003436,1.945143
round_3,optical_isea4h,datasets[0].timings.units[1].workers[12],raster_worker,minio.tile_stat,3,0.016657,1.945143
round_3,optical_isea4h,datasets[0].timings.units[1].workers[12],raster_worker,source.checksum,1,0.097423,1.945143
round_3,optical_isea4h,datasets[0].timings.units[1].workers[12],raster_worker,source.download,1,0.0,1.945143
round_3,optical_isea4h,datasets[0].timings.units[1].workers[12],raster_worker,entity.tile_mask,3,1.009438,1.945143
round_3,optical_isea4h,datasets[0].timings.units[1].workers[12],raster_worker,entity.tile_write,3,0.797346,1.945143
round_3,optical_isea4h,datasets[0].timings.units[1].workers[12],raster_worker,source.raster_open,1,0.00139,1.945143
round_3,optical_isea4h,datasets[0].timings.units[1].workers[12],raster_worker,entity.tile_checksum,3,0.0027,1.945143
round_3,optical_isea4h,datasets[0].timings.units[1].workers[12],raster_worker,grid.window_calculation,3,0.000819,1.945143
round_3,optical_isea4h,datasets[0].timings.units[1].workers[13],raster_worker,grid.cover,1,0.007384,1.927823
round_3,optical_isea4h,datasets[0].timings.units[1].workers[13],raster_worker,source.cache,1,0.000282,1.927823
round_3,optical_isea4h,datasets[0].timings.units[1].workers[13],raster_worker,grid.geometry,3,0.00301,1.927823
round_3,optical_isea4h,datasets[0].timings.units[1].workers[13],raster_worker,minio.tile_stat,3,0.015214,1.927823
round_3,optical_isea4h,datasets[0].timings.units[1].workers[13],raster_worker,source.checksum,1,0.115295,1.927823
round_3,optical_isea4h,datasets[0].timings.units[1].workers[13],raster_worker,source.download,1,0.0,1.927823
round_3,optical_isea4h,datasets[0].timings.units[1].workers[13],raster_worker,entity.tile_mask,3,0.993652,1.927823
round_3,optical_isea4h,datasets[0].timings.units[1].workers[13],raster_worker,entity.tile_write,3,0.783977,1.927823
round_3,optical_isea4h,datasets[0].timings.units[1].workers[13],raster_worker,source.raster_open,1,0.000995,1.927823
round_3,optical_isea4h,datasets[0].timings.units[1].workers[13],raster_worker,entity.tile_checksum,3,0.004942,1.927823
round_3,optical_isea4h,datasets[0].timings.units[1].workers[13],raster_worker,grid.window_calculation,3,0.000673,1.927823
round_3,optical_isea4h,datasets[0].timings.units[1].workers[14],raster_worker,grid.cover,1,0.007898,2.066367
round_3,optical_isea4h,datasets[0].timings.units[1].workers[14],raster_worker,source.cache,1,0.000424,2.066367
round_3,optical_isea4h,datasets[0].timings.units[1].workers[14],raster_worker,grid.geometry,3,0.002873,2.066367
round_3,optical_isea4h,datasets[0].timings.units[1].workers[14],raster_worker,minio.tile_stat,3,0.160425,2.066367
round_3,optical_isea4h,datasets[0].timings.units[1].workers[14],raster_worker,source.checksum,1,0.129711,2.066367
round_3,optical_isea4h,datasets[0].timings.units[1].workers[14],raster_worker,source.download,1,0.0,2.066367
round_3,optical_isea4h,datasets[0].timings.units[1].workers[14],raster_worker,entity.tile_mask,3,0.977484,2.066367
round_3,optical_isea4h,datasets[0].timings.units[1].workers[14],raster_worker,entity.tile_write,3,0.778306,2.066367
round_3,optical_isea4h,datasets[0].timings.units[1].workers[14],raster_worker,source.raster_open,1,0.001351,2.066367
round_3,optical_isea4h,datasets[0].timings.units[1].workers[14],raster_worker,entity.tile_checksum,3,0.004583,2.066367
round_3,optical_isea4h,datasets[0].timings.units[1].workers[14],raster_worker,grid.window_calculation,3,0.000686,2.066367
round_3,optical_isea4h,datasets[0].timings.units[1].workers[15],raster_worker,grid.cover,1,0.006278,2.143784
round_3,optical_isea4h,datasets[0].timings.units[1].workers[15],raster_worker,source.cache,1,0.000307,2.143784
round_3,optical_isea4h,datasets[0].timings.units[1].workers[15],raster_worker,grid.geometry,3,0.002969,2.143784
round_3,optical_isea4h,datasets[0].timings.units[1].workers[15],raster_worker,minio.tile_stat,3,0.013178,2.143784
round_3,optical_isea4h,datasets[0].timings.units[1].workers[15],raster_worker,source.checksum,1,0.046312,2.143784
round_3,optical_isea4h,datasets[0].timings.units[1].workers[15],raster_worker,source.download,1,0.0,2.143784
round_3,optical_isea4h,datasets[0].timings.units[1].workers[15],raster_worker,entity.tile_mask,3,1.027434,2.143784
round_3,optical_isea4h,datasets[0].timings.units[1].workers[15],raster_worker,entity.tile_write,3,0.812909,2.143784
round_3,optical_isea4h,datasets[0].timings.units[1].workers[15],raster_worker,minio.tile_upload,1,0.225784,2.143784
round_3,optical_isea4h,datasets[0].timings.units[1].workers[15],raster_worker,source.raster_open,1,0.001059,2.143784
round_3,optical_isea4h,datasets[0].timings.units[1].workers[15],raster_worker,entity.tile_checksum,3,0.004316,2.143784
round_3,optical_isea4h,datasets[0].timings.units[1].workers[15],raster_worker,grid.window_calculation,3,0.000759,2.143784
round_3,optical_isea4h,datasets[0].timings.units[1].source_preflight,source_preflight,minio.stat,1,0.007214,2.188623
round_3,optical_isea4h,datasets[0].timings.units[2].driver,raster_driver,ray.wait,17,2.220071,2.266765
round_3,optical_isea4h,datasets[0].timings.units[2].driver,raster_driver,ray.result_get,16,0.004711,2.266765
round_3,optical_isea4h,datasets[0].timings.units[2].driver,raster_driver,ray.task_submit,16,0.017387,2.266765
round_3,optical_isea4h,datasets[0].timings.units[2].driver,raster_driver,driver.result_merge,16,9.4e-05,2.266765
round_3,optical_isea4h,datasets[0].timings.units[2].workers[0],raster_worker,grid.cover,1,0.007364,1.506696
round_3,optical_isea4h,datasets[0].timings.units[2].workers[0],raster_worker,source.cache,1,0.000274,1.506696
round_3,optical_isea4h,datasets[0].timings.units[2].workers[0],raster_worker,grid.geometry,1,0.000734,1.506696
round_3,optical_isea4h,datasets[0].timings.units[2].workers[0],raster_worker,minio.tile_stat,1,0.005957,1.506696
round_3,optical_isea4h,datasets[0].timings.units[2].workers[0],raster_worker,source.checksum,1,0.041115,1.506696
round_3,optical_isea4h,datasets[0].timings.units[2].workers[0],raster_worker,source.download,1,0.0,1.506696
round_3,optical_isea4h,datasets[0].timings.units[2].workers[0],raster_worker,entity.tile_mask,1,0.818097,1.506696
round_3,optical_isea4h,datasets[0].timings.units[2].workers[0],raster_worker,entity.tile_write,1,0.572517,1.506696
round_3,optical_isea4h,datasets[0].timings.units[2].workers[0],raster_worker,minio.tile_upload,1,0.056146,1.506696
round_3,optical_isea4h,datasets[0].timings.units[2].workers[0],raster_worker,source.raster_open,1,0.001136,1.506696
round_3,optical_isea4h,datasets[0].timings.units[2].workers[0],raster_worker,entity.tile_checksum,1,0.001765,1.506696
round_3,optical_isea4h,datasets[0].timings.units[2].workers[0],raster_worker,grid.window_calculation,1,0.000211,1.506696
round_3,optical_isea4h,datasets[0].timings.units[2].workers[1],raster_worker,grid.cover,1,0.006051,1.510202
round_3,optical_isea4h,datasets[0].timings.units[2].workers[1],raster_worker,source.cache,1,0.000589,1.510202
round_3,optical_isea4h,datasets[0].timings.units[2].workers[1],raster_worker,grid.geometry,1,0.00072,1.510202
round_3,optical_isea4h,datasets[0].timings.units[2].workers[1],raster_worker,minio.tile_stat,1,0.007257,1.510202
round_3,optical_isea4h,datasets[0].timings.units[2].workers[1],raster_worker,source.checksum,1,0.090392,1.510202
round_3,optical_isea4h,datasets[0].timings.units[2].workers[1],raster_worker,source.download,1,0.0,1.510202
round_3,optical_isea4h,datasets[0].timings.units[2].workers[1],raster_worker,entity.tile_mask,1,0.848118,1.510202
round_3,optical_isea4h,datasets[0].timings.units[2].workers[1],raster_worker,entity.tile_write,1,0.552749,1.510202
round_3,optical_isea4h,datasets[0].timings.units[2].workers[1],raster_worker,source.raster_open,1,0.001102,1.510202
round_3,optical_isea4h,datasets[0].timings.units[2].workers[1],raster_worker,entity.tile_checksum,1,0.001761,1.510202
round_3,optical_isea4h,datasets[0].timings.units[2].workers[1],raster_worker,grid.window_calculation,1,0.000212,1.510202
round_3,optical_isea4h,datasets[0].timings.units[2].workers[2],raster_worker,grid.cover,1,0.007031,1.572338
round_3,optical_isea4h,datasets[0].timings.units[2].workers[2],raster_worker,source.cache,1,0.0002,1.572338
round_3,optical_isea4h,datasets[0].timings.units[2].workers[2],raster_worker,grid.geometry,1,0.000861,1.572338
round_3,optical_isea4h,datasets[0].timings.units[2].workers[2],raster_worker,minio.tile_stat,1,0.006106,1.572338
round_3,optical_isea4h,datasets[0].timings.units[2].workers[2],raster_worker,source.checksum,1,0.107007,1.572338
round_3,optical_isea4h,datasets[0].timings.units[2].workers[2],raster_worker,source.download,1,0.0,1.572338
round_3,optical_isea4h,datasets[0].timings.units[2].workers[2],raster_worker,entity.tile_mask,1,0.883231,1.572338
round_3,optical_isea4h,datasets[0].timings.units[2].workers[2],raster_worker,entity.tile_write,1,0.563155,1.572338
round_3,optical_isea4h,datasets[0].timings.units[2].workers[2],raster_worker,source.raster_open,1,0.00131,1.572338
round_3,optical_isea4h,datasets[0].timings.units[2].workers[2],raster_worker,entity.tile_checksum,1,0.001764,1.572338
round_3,optical_isea4h,datasets[0].timings.units[2].workers[2],raster_worker,grid.window_calculation,1,0.00021,1.572338
round_3,optical_isea4h,datasets[0].timings.units[2].workers[3],raster_worker,grid.cover,1,0.004288,1.585173
round_3,optical_isea4h,datasets[0].timings.units[2].workers[3],raster_worker,source.cache,1,0.000285,1.585173
round_3,optical_isea4h,datasets[0].timings.units[2].workers[3],raster_worker,grid.geometry,1,0.000693,1.585173
round_3,optical_isea4h,datasets[0].timings.units[2].workers[3],raster_worker,minio.tile_stat,1,0.093213,1.585173
round_3,optical_isea4h,datasets[0].timings.units[2].workers[3],raster_worker,source.checksum,1,0.037078,1.585173
round_3,optical_isea4h,datasets[0].timings.units[2].workers[3],raster_worker,source.download,1,0.0,1.585173
round_3,optical_isea4h,datasets[0].timings.units[2].workers[3],raster_worker,entity.tile_mask,1,0.876075,1.585173
round_3,optical_isea4h,datasets[0].timings.units[2].workers[3],raster_worker,entity.tile_write,1,0.56935,1.585173
round_3,optical_isea4h,datasets[0].timings.units[2].workers[3],raster_worker,source.raster_open,1,0.001025,1.585173
round_3,optical_isea4h,datasets[0].timings.units[2].workers[3],raster_worker,entity.tile_checksum,1,0.001797,1.585173
round_3,optical_isea4h,datasets[0].timings.units[2].workers[3],raster_worker,grid.window_calculation,1,0.000186,1.585173
round_3,optical_isea4h,datasets[0].timings.units[2].workers[4],raster_worker,grid.cover,1,0.007521,1.640919
round_3,optical_isea4h,datasets[0].timings.units[2].workers[4],raster_worker,source.cache,1,0.000239,1.640919
round_3,optical_isea4h,datasets[0].timings.units[2].workers[4],raster_worker,grid.geometry,1,0.000722,1.640919
round_3,optical_isea4h,datasets[0].timings.units[2].workers[4],raster_worker,minio.tile_stat,1,0.158637,1.640919
round_3,optical_isea4h,datasets[0].timings.units[2].workers[4],raster_worker,source.checksum,1,0.039613,1.640919
round_3,optical_isea4h,datasets[0].timings.units[2].workers[4],raster_worker,source.download,1,0.0,1.640919
round_3,optical_isea4h,datasets[0].timings.units[2].workers[4],raster_worker,entity.tile_mask,1,0.836736,1.640919
round_3,optical_isea4h,datasets[0].timings.units[2].workers[4],raster_worker,entity.tile_write,1,0.568242,1.640919
round_3,optical_isea4h,datasets[0].timings.units[2].workers[4],raster_worker,source.raster_open,1,0.025927,1.640919
round_3,optical_isea4h,datasets[0].timings.units[2].workers[4],raster_worker,entity.tile_checksum,1,0.001765,1.640919
round_3,optical_isea4h,datasets[0].timings.units[2].workers[4],raster_worker,grid.window_calculation,1,0.000191,1.640919
round_3,optical_isea4h,datasets[0].timings.units[2].workers[5],raster_worker,grid.cover,1,0.006527,1.722852
round_3,optical_isea4h,datasets[0].timings.units[2].workers[5],raster_worker,source.cache,1,0.000389,1.722852
round_3,optical_isea4h,datasets[0].timings.units[2].workers[5],raster_worker,grid.geometry,2,0.001811,1.722852
round_3,optical_isea4h,datasets[0].timings.units[2].workers[5],raster_worker,minio.tile_stat,2,0.011042,1.722852
round_3,optical_isea4h,datasets[0].timings.units[2].workers[5],raster_worker,source.checksum,1,0.087858,1.722852
round_3,optical_isea4h,datasets[0].timings.units[2].workers[5],raster_worker,source.download,1,0.0,1.722852
round_3,optical_isea4h,datasets[0].timings.units[2].workers[5],raster_worker,entity.tile_mask,2,0.897561,1.722852
round_3,optical_isea4h,datasets[0].timings.units[2].workers[5],raster_worker,entity.tile_write,2,0.677767,1.722852
round_3,optical_isea4h,datasets[0].timings.units[2].workers[5],raster_worker,minio.tile_upload,1,0.035019,1.722852
round_3,optical_isea4h,datasets[0].timings.units[2].workers[5],raster_worker,source.raster_open,1,0.000886,1.722852
round_3,optical_isea4h,datasets[0].timings.units[2].workers[5],raster_worker,entity.tile_checksum,2,0.001956,1.722852
round_3,optical_isea4h,datasets[0].timings.units[2].workers[5],raster_worker,grid.window_calculation,2,0.000437,1.722852
round_3,optical_isea4h,datasets[0].timings.units[2].workers[6],raster_worker,grid.cover,1,0.00624,1.731574
round_3,optical_isea4h,datasets[0].timings.units[2].workers[6],raster_worker,source.cache,1,0.00027,1.731574
round_3,optical_isea4h,datasets[0].timings.units[2].workers[6],raster_worker,grid.geometry,2,0.001964,1.731574
round_3,optical_isea4h,datasets[0].timings.units[2].workers[6],raster_worker,minio.tile_stat,2,0.009491,1.731574
round_3,optical_isea4h,datasets[0].timings.units[2].workers[6],raster_worker,source.checksum,1,0.105824,1.731574
round_3,optical_isea4h,datasets[0].timings.units[2].workers[6],raster_worker,source.download,1,0.0,1.731574
round_3,optical_isea4h,datasets[0].timings.units[2].workers[6],raster_worker,entity.tile_mask,2,0.898661,1.731574
round_3,optical_isea4h,datasets[0].timings.units[2].workers[6],raster_worker,entity.tile_write,2,0.674641,1.731574
round_3,optical_isea4h,datasets[0].timings.units[2].workers[6],raster_worker,minio.tile_upload,1,0.028801,1.731574
round_3,optical_isea4h,datasets[0].timings.units[2].workers[6],raster_worker,source.raster_open,1,0.001415,1.731574
round_3,optical_isea4h,datasets[0].timings.units[2].workers[6],raster_worker,entity.tile_checksum,2,0.001831,1.731574
round_3,optical_isea4h,datasets[0].timings.units[2].workers[6],raster_worker,grid.window_calculation,2,0.000464,1.731574
round_3,optical_isea4h,datasets[0].timings.units[2].workers[7],raster_worker,grid.cover,1,0.012676,1.72544
round_3,optical_isea4h,datasets[0].timings.units[2].workers[7],raster_worker,source.cache,1,0.000438,1.72544
round_3,optical_isea4h,datasets[0].timings.units[2].workers[7],raster_worker,grid.geometry,1,0.000841,1.72544
round_3,optical_isea4h,datasets[0].timings.units[2].workers[7],raster_worker,minio.tile_stat,1,0.190056,1.72544
round_3,optical_isea4h,datasets[0].timings.units[2].workers[7],raster_worker,source.checksum,1,0.081743,1.72544
round_3,optical_isea4h,datasets[0].timings.units[2].workers[7],raster_worker,source.download,1,0.0,1.72544
round_3,optical_isea4h,datasets[0].timings.units[2].workers[7],raster_worker,entity.tile_mask,1,0.87946,1.72544
round_3,optical_isea4h,datasets[0].timings.units[2].workers[7],raster_worker,entity.tile_write,1,0.555475,1.72544
round_3,optical_isea4h,datasets[0].timings.units[2].workers[7],raster_worker,source.raster_open,1,0.001261,1.72544
round_3,optical_isea4h,datasets[0].timings.units[2].workers[7],raster_worker,entity.tile_checksum,1,0.001798,1.72544
round_3,optical_isea4h,datasets[0].timings.units[2].workers[7],raster_worker,grid.window_calculation,1,0.000221,1.72544
round_3,optical_isea4h,datasets[0].timings.units[2].workers[8],raster_worker,grid.cover,1,0.009155,1.764864
round_3,optical_isea4h,datasets[0].timings.units[2].workers[8],raster_worker,source.cache,1,0.000237,1.764864
round_3,optical_isea4h,datasets[0].timings.units[2].workers[8],raster_worker,grid.geometry,1,0.000766,1.764864
round_3,optical_isea4h,datasets[0].timings.units[2].workers[8],raster_worker,minio.tile_stat,1,0.252238,1.764864
round_3,optical_isea4h,datasets[0].timings.units[2].workers[8],raster_worker,source.checksum,1,0.087585,1.764864
round_3,optical_isea4h,datasets[0].timings.units[2].workers[8],raster_worker,source.download,1,0.0,1.764864
round_3,optical_isea4h,datasets[0].timings.units[2].workers[8],raster_worker,entity.tile_mask,1,0.861646,1.764864
round_3,optical_isea4h,datasets[0].timings.units[2].workers[8],raster_worker,entity.tile_write,1,0.549061,1.764864
round_3,optical_isea4h,datasets[0].timings.units[2].workers[8],raster_worker,source.raster_open,1,0.000935,1.764864
round_3,optical_isea4h,datasets[0].timings.units[2].workers[8],raster_worker,entity.tile_checksum,1,0.001779,1.764864
round_3,optical_isea4h,datasets[0].timings.units[2].workers[8],raster_worker,grid.window_calculation,1,0.000216,1.764864
round_3,optical_isea4h,datasets[0].timings.units[2].workers[9],raster_worker,grid.cover,1,0.009551,1.792644
round_3,optical_isea4h,datasets[0].timings.units[2].workers[9],raster_worker,source.cache,1,0.000342,1.792644
round_3,optical_isea4h,datasets[0].timings.units[2].workers[9],raster_worker,grid.geometry,2,0.001857,1.792644
round_3,optical_isea4h,datasets[0].timings.units[2].workers[9],raster_worker,minio.tile_stat,2,0.008784,1.792644
round_3,optical_isea4h,datasets[0].timings.units[2].workers[9],raster_worker,source.checksum,1,0.113579,1.792644
round_3,optical_isea4h,datasets[0].timings.units[2].workers[9],raster_worker,source.download,1,0.0,1.792644
round_3,optical_isea4h,datasets[0].timings.units[2].workers[9],raster_worker,entity.tile_mask,2,0.934821,1.792644
round_3,optical_isea4h,datasets[0].timings.units[2].workers[9],raster_worker,entity.tile_write,2,0.676261,1.792644
round_3,optical_isea4h,datasets[0].timings.units[2].workers[9],raster_worker,minio.tile_upload,1,0.041031,1.792644
round_3,optical_isea4h,datasets[0].timings.units[2].workers[9],raster_worker,source.raster_open,1,0.001492,1.792644
round_3,optical_isea4h,datasets[0].timings.units[2].workers[9],raster_worker,entity.tile_checksum,2,0.002373,1.792644
round_3,optical_isea4h,datasets[0].timings.units[2].workers[9],raster_worker,grid.window_calculation,2,0.000436,1.792644
round_3,optical_isea4h,datasets[0].timings.units[2].workers[10],raster_worker,grid.cover,1,0.005365,1.873108
round_3,optical_isea4h,datasets[0].timings.units[2].workers[10],raster_worker,source.cache,1,0.000498,1.873108
round_3,optical_isea4h,datasets[0].timings.units[2].workers[10],raster_worker,grid.geometry,2,0.001716,1.873108
round_3,optical_isea4h,datasets[0].timings.units[2].workers[10],raster_worker,minio.tile_stat,2,0.147021,1.873108
round_3,optical_isea4h,datasets[0].timings.units[2].workers[10],raster_worker,source.checksum,1,0.080298,1.873108
round_3,optical_isea4h,datasets[0].timings.units[2].workers[10],raster_worker,source.download,1,0.0,1.873108
round_3,optical_isea4h,datasets[0].timings.units[2].workers[10],raster_worker,entity.tile_mask,2,0.959496,1.873108
round_3,optical_isea4h,datasets[0].timings.units[2].workers[10],raster_worker,entity.tile_write,2,0.671456,1.873108
round_3,optical_isea4h,datasets[0].timings.units[2].workers[10],raster_worker,source.raster_open,1,0.001212,1.873108
round_3,optical_isea4h,datasets[0].timings.units[2].workers[10],raster_worker,entity.tile_checksum,2,0.003733,1.873108
round_3,optical_isea4h,datasets[0].timings.units[2].workers[10],raster_worker,grid.window_calculation,2,0.000436,1.873108
round_3,optical_isea4h,datasets[0].timings.units[2].workers[11],raster_worker,grid.cover,1,0.008069,1.895492
round_3,optical_isea4h,datasets[0].timings.units[2].workers[11],raster_worker,source.cache,1,0.000276,1.895492
round_3,optical_isea4h,datasets[0].timings.units[2].workers[11],raster_worker,grid.geometry,3,0.002849,1.895492
round_3,optical_isea4h,datasets[0].timings.units[2].workers[11],raster_worker,minio.tile_stat,3,0.016114,1.895492
round_3,optical_isea4h,datasets[0].timings.units[2].workers[11],raster_worker,source.checksum,1,0.035882,1.895492
round_3,optical_isea4h,datasets[0].timings.units[2].workers[11],raster_worker,source.download,1,0.0,1.895492
round_3,optical_isea4h,datasets[0].timings.units[2].workers[11],raster_worker,entity.tile_mask,3,0.912925,1.895492
round_3,optical_isea4h,datasets[0].timings.units[2].workers[11],raster_worker,entity.tile_write,3,0.781291,1.895492
round_3,optical_isea4h,datasets[0].timings.units[2].workers[11],raster_worker,minio.tile_upload,1,0.13196,1.895492
round_3,optical_isea4h,datasets[0].timings.units[2].workers[11],raster_worker,source.raster_open,1,0.000939,1.895492
round_3,optical_isea4h,datasets[0].timings.units[2].workers[11],raster_worker,entity.tile_checksum,3,0.002393,1.895492
round_3,optical_isea4h,datasets[0].timings.units[2].workers[11],raster_worker,grid.window_calculation,3,0.000665,1.895492
round_3,optical_isea4h,datasets[0].timings.units[2].workers[12],raster_worker,grid.cover,1,0.007908,1.91541
round_3,optical_isea4h,datasets[0].timings.units[2].workers[12],raster_worker,source.cache,1,0.000457,1.91541
round_3,optical_isea4h,datasets[0].timings.units[2].workers[12],raster_worker,grid.geometry,3,0.002861,1.91541
round_3,optical_isea4h,datasets[0].timings.units[2].workers[12],raster_worker,minio.tile_stat,3,0.013887,1.91541
round_3,optical_isea4h,datasets[0].timings.units[2].workers[12],raster_worker,source.checksum,1,0.099798,1.91541
round_3,optical_isea4h,datasets[0].timings.units[2].workers[12],raster_worker,source.download,1,0.0,1.91541
round_3,optical_isea4h,datasets[0].timings.units[2].workers[12],raster_worker,entity.tile_mask,3,0.950896,1.91541
round_3,optical_isea4h,datasets[0].timings.units[2].workers[12],raster_worker,entity.tile_write,3,0.777523,1.91541
round_3,optical_isea4h,datasets[0].timings.units[2].workers[12],raster_worker,minio.tile_upload,1,0.052945,1.91541
round_3,optical_isea4h,datasets[0].timings.units[2].workers[12],raster_worker,source.raster_open,1,0.001309,1.91541
round_3,optical_isea4h,datasets[0].timings.units[2].workers[12],raster_worker,entity.tile_checksum,3,0.004559,1.91541
round_3,optical_isea4h,datasets[0].timings.units[2].workers[12],raster_worker,grid.window_calculation,3,0.000735,1.91541
round_3,optical_isea4h,datasets[0].timings.units[2].workers[13],raster_worker,grid.cover,1,0.00703,1.920658
round_3,optical_isea4h,datasets[0].timings.units[2].workers[13],raster_worker,source.cache,1,0.000328,1.920658
round_3,optical_isea4h,datasets[0].timings.units[2].workers[13],raster_worker,grid.geometry,3,0.002882,1.920658
round_3,optical_isea4h,datasets[0].timings.units[2].workers[13],raster_worker,minio.tile_stat,3,0.015962,1.920658
round_3,optical_isea4h,datasets[0].timings.units[2].workers[13],raster_worker,source.checksum,1,0.118354,1.920658
round_3,optical_isea4h,datasets[0].timings.units[2].workers[13],raster_worker,source.download,1,0.0,1.920658
round_3,optical_isea4h,datasets[0].timings.units[2].workers[13],raster_worker,entity.tile_mask,3,0.963092,1.920658
round_3,optical_isea4h,datasets[0].timings.units[2].workers[13],raster_worker,entity.tile_write,3,0.804543,1.920658
round_3,optical_isea4h,datasets[0].timings.units[2].workers[13],raster_worker,source.raster_open,1,0.001335,1.920658
round_3,optical_isea4h,datasets[0].timings.units[2].workers[13],raster_worker,entity.tile_checksum,3,0.003931,1.920658
round_3,optical_isea4h,datasets[0].timings.units[2].workers[13],raster_worker,grid.window_calculation,3,0.000683,1.920658
round_3,optical_isea4h,datasets[0].timings.units[2].workers[14],raster_worker,grid.cover,1,0.005716,1.990823
round_3,optical_isea4h,datasets[0].timings.units[2].workers[14],raster_worker,source.cache,1,0.000276,1.990823
round_3,optical_isea4h,datasets[0].timings.units[2].workers[14],raster_worker,grid.geometry,1,0.000673,1.990823
round_3,optical_isea4h,datasets[0].timings.units[2].workers[14],raster_worker,minio.tile_stat,1,0.005136,1.990823
round_3,optical_isea4h,datasets[0].timings.units[2].workers[14],raster_worker,source.checksum,1,0.06941,1.990823
round_3,optical_isea4h,datasets[0].timings.units[2].workers[14],raster_worker,source.download,1,0.0,1.990823
round_3,optical_isea4h,datasets[0].timings.units[2].workers[14],raster_worker,entity.tile_mask,1,0.805982,1.990823
round_3,optical_isea4h,datasets[0].timings.units[2].workers[14],raster_worker,entity.tile_write,1,0.559309,1.990823
round_3,optical_isea4h,datasets[0].timings.units[2].workers[14],raster_worker,minio.tile_upload,1,0.540273,1.990823
round_3,optical_isea4h,datasets[0].timings.units[2].workers[14],raster_worker,source.raster_open,1,0.000967,1.990823
round_3,optical_isea4h,datasets[0].timings.units[2].workers[14],raster_worker,entity.tile_checksum,1,0.001754,1.990823
round_3,optical_isea4h,datasets[0].timings.units[2].workers[14],raster_worker,grid.window_calculation,1,0.000189,1.990823
round_3,optical_isea4h,datasets[0].timings.units[2].workers[15],raster_worker,grid.cover,1,0.008551,2.226729
round_3,optical_isea4h,datasets[0].timings.units[2].workers[15],raster_worker,source.cache,1,0.000316,2.226729
round_3,optical_isea4h,datasets[0].timings.units[2].workers[15],raster_worker,grid.geometry,3,0.003321,2.226729
round_3,optical_isea4h,datasets[0].timings.units[2].workers[15],raster_worker,minio.tile_stat,3,0.354928,2.226729
round_3,optical_isea4h,datasets[0].timings.units[2].workers[15],raster_worker,source.checksum,1,0.093957,2.226729
round_3,optical_isea4h,datasets[0].timings.units[2].workers[15],raster_worker,source.download,1,0.0,2.226729
round_3,optical_isea4h,datasets[0].timings.units[2].workers[15],raster_worker,entity.tile_mask,3,0.983227,2.226729
round_3,optical_isea4h,datasets[0].timings.units[2].workers[15],raster_worker,entity.tile_write,3,0.773574,2.226729
round_3,optical_isea4h,datasets[0].timings.units[2].workers[15],raster_worker,source.raster_open,1,0.00105,2.226729
round_3,optical_isea4h,datasets[0].timings.units[2].workers[15],raster_worker,entity.tile_checksum,3,0.004373,2.226729
round_3,optical_isea4h,datasets[0].timings.units[2].workers[15],raster_worker,grid.window_calculation,3,0.000822,2.226729
round_3,optical_isea4h,datasets[0].timings.units[2].source_preflight,source_preflight,minio.stat,1,0.005769,2.272822
round_3,optical_isea4h,datasets[0].timings.units[3].driver,raster_driver,ray.wait,18,4.644207,4.693886
round_3,optical_isea4h,datasets[0].timings.units[3].driver,raster_driver,ray.result_get,16,0.005252,4.693886
round_3,optical_isea4h,datasets[0].timings.units[3].driver,raster_driver,ray.task_submit,16,0.016202,4.693886
round_3,optical_isea4h,datasets[0].timings.units[3].driver,raster_driver,driver.result_merge,16,0.000119,4.693886
round_3,optical_isea4h,datasets[0].timings.units[3].workers[0],raster_worker,grid.cover,1,0.015598,2.798849
round_3,optical_isea4h,datasets[0].timings.units[3].workers[0],raster_worker,source.cache,1,0.000347,2.798849
round_3,optical_isea4h,datasets[0].timings.units[3].workers[0],raster_worker,grid.geometry,1,0.000703,2.798849
round_3,optical_isea4h,datasets[0].timings.units[3].workers[0],raster_worker,minio.tile_stat,1,0.004892,2.798849
round_3,optical_isea4h,datasets[0].timings.units[3].workers[0],raster_worker,source.checksum,1,0.047121,2.798849
round_3,optical_isea4h,datasets[0].timings.units[3].workers[0],raster_worker,source.download,1,0.0,2.798849
round_3,optical_isea4h,datasets[0].timings.units[3].workers[0],raster_worker,entity.tile_mask,1,0.833772,2.798849
round_3,optical_isea4h,datasets[0].timings.units[3].workers[0],raster_worker,entity.tile_write,1,1.397089,2.798849
round_3,optical_isea4h,datasets[0].timings.units[3].workers[0],raster_worker,minio.tile_upload,1,0.486226,2.798849
round_3,optical_isea4h,datasets[0].timings.units[3].workers[0],raster_worker,source.raster_open,1,0.001031,2.798849
round_3,optical_isea4h,datasets[0].timings.units[3].workers[0],raster_worker,entity.tile_checksum,1,0.010642,2.798849
round_3,optical_isea4h,datasets[0].timings.units[3].workers[0],raster_worker,grid.window_calculation,1,0.000185,2.798849
round_3,optical_isea4h,datasets[0].timings.units[3].workers[1],raster_worker,grid.cover,1,0.006834,2.801871
round_3,optical_isea4h,datasets[0].timings.units[3].workers[1],raster_worker,source.cache,1,0.000346,2.801871
round_3,optical_isea4h,datasets[0].timings.units[3].workers[1],raster_worker,grid.geometry,2,0.001975,2.801871
round_3,optical_isea4h,datasets[0].timings.units[3].workers[1],raster_worker,minio.tile_stat,2,0.012391,2.801871
round_3,optical_isea4h,datasets[0].timings.units[3].workers[1],raster_worker,source.checksum,1,0.128196,2.801871
round_3,optical_isea4h,datasets[0].timings.units[3].workers[1],raster_worker,source.download,1,0.0,2.801871
round_3,optical_isea4h,datasets[0].timings.units[3].workers[1],raster_worker,entity.tile_mask,2,0.91951,2.801871
round_3,optical_isea4h,datasets[0].timings.units[3].workers[1],raster_worker,entity.tile_write,2,1.646353,2.801871
round_3,optical_isea4h,datasets[0].timings.units[3].workers[1],raster_worker,minio.tile_upload,1,0.056383,2.801871
round_3,optical_isea4h,datasets[0].timings.units[3].workers[1],raster_worker,source.raster_open,1,0.001064,2.801871
round_3,optical_isea4h,datasets[0].timings.units[3].workers[1],raster_worker,entity.tile_checksum,2,0.026386,2.801871
round_3,optical_isea4h,datasets[0].timings.units[3].workers[1],raster_worker,grid.window_calculation,2,0.000446,2.801871
round_3,optical_isea4h,datasets[0].timings.units[3].workers[2],raster_worker,grid.cover,1,0.007379,2.958645
round_3,optical_isea4h,datasets[0].timings.units[3].workers[2],raster_worker,source.cache,1,0.000257,2.958645
round_3,optical_isea4h,datasets[0].timings.units[3].workers[2],raster_worker,grid.geometry,1,0.000845,2.958645
round_3,optical_isea4h,datasets[0].timings.units[3].workers[2],raster_worker,minio.tile_stat,1,0.005621,2.958645
round_3,optical_isea4h,datasets[0].timings.units[3].workers[2],raster_worker,source.checksum,1,0.08977,2.958645
round_3,optical_isea4h,datasets[0].timings.units[3].workers[2],raster_worker,source.download,1,0.0,2.958645
round_3,optical_isea4h,datasets[0].timings.units[3].workers[2],raster_worker,entity.tile_mask,1,0.809575,2.958645
round_3,optical_isea4h,datasets[0].timings.units[3].workers[2],raster_worker,entity.tile_write,1,1.408555,2.958645
round_3,optical_isea4h,datasets[0].timings.units[3].workers[2],raster_worker,minio.tile_upload,1,0.623571,2.958645
round_3,optical_isea4h,datasets[0].timings.units[3].workers[2],raster_worker,source.raster_open,1,0.000947,2.958645
round_3,optical_isea4h,datasets[0].timings.units[3].workers[2],raster_worker,entity.tile_checksum,1,0.010646,2.958645
round_3,optical_isea4h,datasets[0].timings.units[3].workers[2],raster_worker,grid.window_calculation,1,0.00022,2.958645
round_3,optical_isea4h,datasets[0].timings.units[3].workers[3],raster_worker,grid.cover,1,0.005773,3.197805
round_3,optical_isea4h,datasets[0].timings.units[3].workers[3],raster_worker,source.cache,1,0.000274,3.197805
round_3,optical_isea4h,datasets[0].timings.units[3].workers[3],raster_worker,grid.geometry,1,0.000684,3.197805
round_3,optical_isea4h,datasets[0].timings.units[3].workers[3],raster_worker,minio.tile_stat,1,0.01007,3.197805
round_3,optical_isea4h,datasets[0].timings.units[3].workers[3],raster_worker,source.checksum,1,0.095933,3.197805
round_3,optical_isea4h,datasets[0].timings.units[3].workers[3],raster_worker,source.download,1,0.0,3.197805
round_3,optical_isea4h,datasets[0].timings.units[3].workers[3],raster_worker,entity.tile_mask,1,0.871318,3.197805
round_3,optical_isea4h,datasets[0].timings.units[3].workers[3],raster_worker,entity.tile_write,1,1.436715,3.197805
round_3,optical_isea4h,datasets[0].timings.units[3].workers[3],raster_worker,minio.tile_upload,1,0.763585,3.197805
round_3,optical_isea4h,datasets[0].timings.units[3].workers[3],raster_worker,source.raster_open,1,0.001033,3.197805
round_3,optical_isea4h,datasets[0].timings.units[3].workers[3],raster_worker,entity.tile_checksum,1,0.010811,3.197805
round_3,optical_isea4h,datasets[0].timings.units[3].workers[3],raster_worker,grid.window_calculation,1,0.000217,3.197805
round_3,optical_isea4h,datasets[0].timings.units[3].workers[4],raster_worker,grid.cover,1,0.014442,3.210279
round_3,optical_isea4h,datasets[0].timings.units[3].workers[4],raster_worker,source.cache,1,0.000573,3.210279
round_3,optical_isea4h,datasets[0].timings.units[3].workers[4],raster_worker,grid.geometry,3,0.003762,3.210279
round_3,optical_isea4h,datasets[0].timings.units[3].workers[4],raster_worker,minio.tile_stat,3,0.156252,3.210279
round_3,optical_isea4h,datasets[0].timings.units[3].workers[4],raster_worker,source.checksum,1,0.15529,3.210279
round_3,optical_isea4h,datasets[0].timings.units[3].workers[4],raster_worker,source.download,1,0.0,3.210279
round_3,optical_isea4h,datasets[0].timings.units[3].workers[4],raster_worker,entity.tile_mask,3,0.972833,3.210279
round_3,optical_isea4h,datasets[0].timings.units[3].workers[4],raster_worker,entity.tile_write,3,1.697516,3.210279
round_3,optical_isea4h,datasets[0].timings.units[3].workers[4],raster_worker,minio.tile_upload,2,0.184745,3.210279
round_3,optical_isea4h,datasets[0].timings.units[3].workers[4],raster_worker,source.raster_open,1,0.001498,3.210279
round_3,optical_isea4h,datasets[0].timings.units[3].workers[4],raster_worker,entity.tile_checksum,3,0.019053,3.210279
round_3,optical_isea4h,datasets[0].timings.units[3].workers[4],raster_worker,grid.window_calculation,3,0.000882,3.210279
round_3,optical_isea4h,datasets[0].timings.units[3].workers[5],raster_worker,grid.cover,1,0.010246,3.279545
round_3,optical_isea4h,datasets[0].timings.units[3].workers[5],raster_worker,source.cache,1,0.000282,3.279545
round_3,optical_isea4h,datasets[0].timings.units[3].workers[5],raster_worker,grid.geometry,3,0.003071,3.279545
round_3,optical_isea4h,datasets[0].timings.units[3].workers[5],raster_worker,minio.tile_stat,3,0.016776,3.279545
round_3,optical_isea4h,datasets[0].timings.units[3].workers[5],raster_worker,source.checksum,1,0.099823,3.279545
round_3,optical_isea4h,datasets[0].timings.units[3].workers[5],raster_worker,source.download,1,0.0,3.279545
round_3,optical_isea4h,datasets[0].timings.units[3].workers[5],raster_worker,entity.tile_mask,3,0.959445,3.279545
round_3,optical_isea4h,datasets[0].timings.units[3].workers[5],raster_worker,entity.tile_write,3,1.627,3.279545
round_3,optical_isea4h,datasets[0].timings.units[3].workers[5],raster_worker,minio.tile_upload,3,0.546888,3.279545
round_3,optical_isea4h,datasets[0].timings.units[3].workers[5],raster_worker,source.raster_open,1,0.001324,3.279545
round_3,optical_isea4h,datasets[0].timings.units[3].workers[5],raster_worker,entity.tile_checksum,3,0.011511,3.279545
round_3,optical_isea4h,datasets[0].timings.units[3].workers[5],raster_worker,grid.window_calculation,3,0.000667,3.279545
round_3,optical_isea4h,datasets[0].timings.units[3].workers[6],raster_worker,grid.cover,1,0.016961,3.294952
round_3,optical_isea4h,datasets[0].timings.units[3].workers[6],raster_worker,source.cache,1,0.000435,3.294952
round_3,optical_isea4h,datasets[0].timings.units[3].workers[6],raster_worker,grid.geometry,2,0.002356,3.294952
round_3,optical_isea4h,datasets[0].timings.units[3].workers[6],raster_worker,minio.tile_stat,2,0.014598,3.294952
round_3,optical_isea4h,datasets[0].timings.units[3].workers[6],raster_worker,source.checksum,1,0.141686,3.294952
round_3,optical_isea4h,datasets[0].timings.units[3].workers[6],raster_worker,source.download,1,0.0,3.294952
round_3,optical_isea4h,datasets[0].timings.units[3].workers[6],raster_worker,entity.tile_mask,2,0.888174,3.294952
round_3,optical_isea4h,datasets[0].timings.units[3].workers[6],raster_worker,entity.tile_write,2,1.524926,3.294952
round_3,optical_isea4h,datasets[0].timings.units[3].workers[6],raster_worker,minio.tile_upload,1,0.687946,3.294952
round_3,optical_isea4h,datasets[0].timings.units[3].workers[6],raster_worker,source.raster_open,1,0.002262,3.294952
round_3,optical_isea4h,datasets[0].timings.units[3].workers[6],raster_worker,entity.tile_checksum,2,0.012636,3.294952
round_3,optical_isea4h,datasets[0].timings.units[3].workers[6],raster_worker,grid.window_calculation,2,0.000497,3.294952
round_3,optical_isea4h,datasets[0].timings.units[3].workers[7],raster_worker,grid.cover,1,0.008724,3.396697
round_3,optical_isea4h,datasets[0].timings.units[3].workers[7],raster_worker,source.cache,1,0.000271,3.396697
round_3,optical_isea4h,datasets[0].timings.units[3].workers[7],raster_worker,grid.geometry,1,0.000845,3.396697
round_3,optical_isea4h,datasets[0].timings.units[3].workers[7],raster_worker,minio.tile_stat,1,0.033491,3.396697
round_3,optical_isea4h,datasets[0].timings.units[3].workers[7],raster_worker,source.checksum,1,0.153719,3.396697
round_3,optical_isea4h,datasets[0].timings.units[3].workers[7],raster_worker,source.download,1,0.0,3.396697
round_3,optical_isea4h,datasets[0].timings.units[3].workers[7],raster_worker,entity.tile_mask,1,0.873695,3.396697
round_3,optical_isea4h,datasets[0].timings.units[3].workers[7],raster_worker,entity.tile_write,1,1.422378,3.396697
round_3,optical_isea4h,datasets[0].timings.units[3].workers[7],raster_worker,minio.tile_upload,1,0.889395,3.396697
round_3,optical_isea4h,datasets[0].timings.units[3].workers[7],raster_worker,source.raster_open,1,0.001179,3.396697
round_3,optical_isea4h,datasets[0].timings.units[3].workers[7],raster_worker,entity.tile_checksum,1,0.011365,3.396697
round_3,optical_isea4h,datasets[0].timings.units[3].workers[7],raster_worker,grid.window_calculation,1,0.000203,3.396697
round_3,optical_isea4h,datasets[0].timings.units[3].workers[8],raster_worker,grid.cover,1,0.010532,3.443776
round_3,optical_isea4h,datasets[0].timings.units[3].workers[8],raster_worker,source.cache,1,0.000471,3.443776
round_3,optical_isea4h,datasets[0].timings.units[3].workers[8],raster_worker,grid.geometry,2,0.001661,3.443776
round_3,optical_isea4h,datasets[0].timings.units[3].workers[8],raster_worker,minio.tile_stat,2,0.022581,3.443776
round_3,optical_isea4h,datasets[0].timings.units[3].workers[8],raster_worker,source.checksum,1,0.081651,3.443776
round_3,optical_isea4h,datasets[0].timings.units[3].workers[8],raster_worker,source.download,1,0.0,3.443776
round_3,optical_isea4h,datasets[0].timings.units[3].workers[8],raster_worker,entity.tile_mask,2,0.911769,3.443776
round_3,optical_isea4h,datasets[0].timings.units[3].workers[8],raster_worker,entity.tile_write,2,1.516498,3.443776
round_3,optical_isea4h,datasets[0].timings.units[3].workers[8],raster_worker,minio.tile_upload,1,0.884024,3.443776
round_3,optical_isea4h,datasets[0].timings.units[3].workers[8],raster_worker,source.raster_open,1,0.001103,3.443776
round_3,optical_isea4h,datasets[0].timings.units[3].workers[8],raster_worker,entity.tile_checksum,2,0.011374,3.443776
round_3,optical_isea4h,datasets[0].timings.units[3].workers[8],raster_worker,grid.window_calculation,2,0.000415,3.443776
round_3,optical_isea4h,datasets[0].timings.units[3].workers[9],raster_worker,grid.cover,1,0.004452,3.509713
round_3,optical_isea4h,datasets[0].timings.units[3].workers[9],raster_worker,source.cache,1,0.000255,3.509713
round_3,optical_isea4h,datasets[0].timings.units[3].workers[9],raster_worker,grid.geometry,1,0.000666,3.509713
round_3,optical_isea4h,datasets[0].timings.units[3].workers[9],raster_worker,minio.tile_stat,1,0.007597,3.509713
round_3,optical_isea4h,datasets[0].timings.units[3].workers[9],raster_worker,source.checksum,1,0.036581,3.509713
round_3,optical_isea4h,datasets[0].timings.units[3].workers[9],raster_worker,source.download,1,0.0,3.509713
round_3,optical_isea4h,datasets[0].timings.units[3].workers[9],raster_worker,entity.tile_mask,1,0.794988,3.509713
round_3,optical_isea4h,datasets[0].timings.units[3].workers[9],raster_worker,entity.tile_write,1,1.452086,3.509713
round_3,optical_isea4h,datasets[0].timings.units[3].workers[9],raster_worker,minio.tile_upload,1,1.199909,3.509713
round_3,optical_isea4h,datasets[0].timings.units[3].workers[9],raster_worker,source.raster_open,1,0.001061,3.509713
round_3,optical_isea4h,datasets[0].timings.units[3].workers[9],raster_worker,entity.tile_checksum,1,0.01068,3.509713
round_3,optical_isea4h,datasets[0].timings.units[3].workers[9],raster_worker,grid.window_calculation,1,0.00018,3.509713
round_3,optical_isea4h,datasets[0].timings.units[3].workers[10],raster_worker,grid.cover,1,0.007082,3.577016
round_3,optical_isea4h,datasets[0].timings.units[3].workers[10],raster_worker,source.cache,1,0.000399,3.577016
round_3,optical_isea4h,datasets[0].timings.units[3].workers[10],raster_worker,grid.geometry,1,0.000937,3.577016
round_3,optical_isea4h,datasets[0].timings.units[3].workers[10],raster_worker,minio.tile_stat,1,0.01687,3.577016
round_3,optical_isea4h,datasets[0].timings.units[3].workers[10],raster_worker,source.checksum,1,0.065464,3.577016
round_3,optical_isea4h,datasets[0].timings.units[3].workers[10],raster_worker,source.download,1,0.0,3.577016
round_3,optical_isea4h,datasets[0].timings.units[3].workers[10],raster_worker,entity.tile_mask,1,0.86865,3.577016
round_3,optical_isea4h,datasets[0].timings.units[3].workers[10],raster_worker,entity.tile_write,1,1.45314,3.577016
round_3,optical_isea4h,datasets[0].timings.units[3].workers[10],raster_worker,minio.tile_upload,1,1.150228,3.577016
round_3,optical_isea4h,datasets[0].timings.units[3].workers[10],raster_worker,source.raster_open,1,0.001551,3.577016
round_3,optical_isea4h,datasets[0].timings.units[3].workers[10],raster_worker,entity.tile_checksum,1,0.011118,3.577016
round_3,optical_isea4h,datasets[0].timings.units[3].workers[10],raster_worker,grid.window_calculation,1,0.000186,3.577016
round_3,optical_isea4h,datasets[0].timings.units[3].workers[11],raster_worker,grid.cover,1,0.010205,3.7879
round_3,optical_isea4h,datasets[0].timings.units[3].workers[11],raster_worker,source.cache,1,0.000328,3.7879
round_3,optical_isea4h,datasets[0].timings.units[3].workers[11],raster_worker,grid.geometry,1,0.000838,3.7879
round_3,optical_isea4h,datasets[0].timings.units[3].workers[11],raster_worker,minio.tile_stat,1,0.011721,3.7879
round_3,optical_isea4h,datasets[0].timings.units[3].workers[11],raster_worker,source.checksum,1,0.134379,3.7879
round_3,optical_isea4h,datasets[0].timings.units[3].workers[11],raster_worker,source.download,1,0.0,3.7879
round_3,optical_isea4h,datasets[0].timings.units[3].workers[11],raster_worker,entity.tile_mask,1,0.83779,3.7879
round_3,optical_isea4h,datasets[0].timings.units[3].workers[11],raster_worker,entity.tile_write,1,1.442586,3.7879
round_3,optical_isea4h,datasets[0].timings.units[3].workers[11],raster_worker,minio.tile_upload,1,1.335481,3.7879
round_3,optical_isea4h,datasets[0].timings.units[3].workers[11],raster_worker,source.raster_open,1,0.000821,3.7879
round_3,optical_isea4h,datasets[0].timings.units[3].workers[11],raster_worker,entity.tile_checksum,1,0.012079,3.7879
round_3,optical_isea4h,datasets[0].timings.units[3].workers[11],raster_worker,grid.window_calculation,1,0.000233,3.7879
round_3,optical_isea4h,datasets[0].timings.units[3].workers[12],raster_worker,grid.cover,1,0.010348,3.946972
round_3,optical_isea4h,datasets[0].timings.units[3].workers[12],raster_worker,source.cache,1,0.000382,3.946972
round_3,optical_isea4h,datasets[0].timings.units[3].workers[12],raster_worker,grid.geometry,3,0.003181,3.946972
round_3,optical_isea4h,datasets[0].timings.units[3].workers[12],raster_worker,minio.tile_stat,3,0.016775,3.946972
round_3,optical_isea4h,datasets[0].timings.units[3].workers[12],raster_worker,source.checksum,1,0.037158,3.946972
round_3,optical_isea4h,datasets[0].timings.units[3].workers[12],raster_worker,source.download,1,0.0,3.946972
round_3,optical_isea4h,datasets[0].timings.units[3].workers[12],raster_worker,entity.tile_mask,3,0.996385,3.946972
round_3,optical_isea4h,datasets[0].timings.units[3].workers[12],raster_worker,entity.tile_write,3,1.613679,3.946972
round_3,optical_isea4h,datasets[0].timings.units[3].workers[12],raster_worker,minio.tile_upload,1,1.250865,3.946972
round_3,optical_isea4h,datasets[0].timings.units[3].workers[12],raster_worker,source.raster_open,1,0.001175,3.946972
round_3,optical_isea4h,datasets[0].timings.units[3].workers[12],raster_worker,entity.tile_checksum,3,0.013688,3.946972
round_3,optical_isea4h,datasets[0].timings.units[3].workers[12],raster_worker,grid.window_calculation,3,0.000724,3.946972
round_3,optical_isea4h,datasets[0].timings.units[3].workers[13],raster_worker,grid.cover,1,0.006356,4.327195
round_3,optical_isea4h,datasets[0].timings.units[3].workers[13],raster_worker,source.cache,1,0.000731,4.327195
round_3,optical_isea4h,datasets[0].timings.units[3].workers[13],raster_worker,grid.geometry,2,0.00187,4.327195
round_3,optical_isea4h,datasets[0].timings.units[3].workers[13],raster_worker,minio.tile_stat,2,0.021757,4.327195
round_3,optical_isea4h,datasets[0].timings.units[3].workers[13],raster_worker,source.checksum,1,0.099222,4.327195
round_3,optical_isea4h,datasets[0].timings.units[3].workers[13],raster_worker,source.download,1,0.0,4.327195
round_3,optical_isea4h,datasets[0].timings.units[3].workers[13],raster_worker,entity.tile_mask,2,0.898265,4.327195
round_3,optical_isea4h,datasets[0].timings.units[3].workers[13],raster_worker,entity.tile_write,2,1.545093,4.327195
round_3,optical_isea4h,datasets[0].timings.units[3].workers[13],raster_worker,minio.tile_upload,1,1.739637,4.327195
round_3,optical_isea4h,datasets[0].timings.units[3].workers[13],raster_worker,source.raster_open,1,0.001277,4.327195
round_3,optical_isea4h,datasets[0].timings.units[3].workers[13],raster_worker,entity.tile_checksum,2,0.010703,4.327195
round_3,optical_isea4h,datasets[0].timings.units[3].workers[13],raster_worker,grid.window_calculation,2,0.000434,4.327195
round_3,optical_isea4h,datasets[0].timings.units[3].workers[14],raster_worker,grid.cover,1,0.006349,4.514523
round_3,optical_isea4h,datasets[0].timings.units[3].workers[14],raster_worker,source.cache,1,0.000229,4.514523
round_3,optical_isea4h,datasets[0].timings.units[3].workers[14],raster_worker,grid.geometry,3,0.003071,4.514523
round_3,optical_isea4h,datasets[0].timings.units[3].workers[14],raster_worker,minio.tile_stat,3,0.041867,4.514523
round_3,optical_isea4h,datasets[0].timings.units[3].workers[14],raster_worker,source.checksum,1,0.092027,4.514523
round_3,optical_isea4h,datasets[0].timings.units[3].workers[14],raster_worker,source.download,1,0.0,4.514523
round_3,optical_isea4h,datasets[0].timings.units[3].workers[14],raster_worker,entity.tile_mask,3,0.952796,4.514523
round_3,optical_isea4h,datasets[0].timings.units[3].workers[14],raster_worker,entity.tile_write,3,1.660375,4.514523
round_3,optical_isea4h,datasets[0].timings.units[3].workers[14],raster_worker,minio.tile_upload,1,1.738552,4.514523
round_3,optical_isea4h,datasets[0].timings.units[3].workers[14],raster_worker,source.raster_open,1,0.000906,4.514523
round_3,optical_isea4h,datasets[0].timings.units[3].workers[14],raster_worker,entity.tile_checksum,3,0.015117,4.514523
round_3,optical_isea4h,datasets[0].timings.units[3].workers[14],raster_worker,grid.window_calculation,3,0.000673,4.514523
round_3,optical_isea4h,datasets[0].timings.units[3].workers[15],raster_worker,grid.cover,1,0.008445,4.669145
round_3,optical_isea4h,datasets[0].timings.units[3].workers[15],raster_worker,source.cache,1,0.000524,4.669145
round_3,optical_isea4h,datasets[0].timings.units[3].workers[15],raster_worker,grid.geometry,1,0.000707,4.669145
round_3,optical_isea4h,datasets[0].timings.units[3].workers[15],raster_worker,minio.tile_stat,1,0.006785,4.669145
round_3,optical_isea4h,datasets[0].timings.units[3].workers[15],raster_worker,source.checksum,1,0.035189,4.669145
round_3,optical_isea4h,datasets[0].timings.units[3].workers[15],raster_worker,source.download,1,0.0,4.669145
round_3,optical_isea4h,datasets[0].timings.units[3].workers[15],raster_worker,entity.tile_mask,1,0.797357,4.669145
round_3,optical_isea4h,datasets[0].timings.units[3].workers[15],raster_worker,entity.tile_write,1,1.457676,4.669145
round_3,optical_isea4h,datasets[0].timings.units[3].workers[15],raster_worker,minio.tile_upload,1,2.321199,4.669145
round_3,optical_isea4h,datasets[0].timings.units[3].workers[15],raster_worker,source.raster_open,1,0.000916,4.669145
round_3,optical_isea4h,datasets[0].timings.units[3].workers[15],raster_worker,entity.tile_checksum,1,0.029448,4.669145
round_3,optical_isea4h,datasets[0].timings.units[3].workers[15],raster_worker,grid.window_calculation,1,0.000178,4.669145
round_3,optical_isea4h,datasets[0].timings.units[3].source_preflight,source_preflight,minio.stat,1,0.005751,4.699888
round_3,optical_isea4h,datasets[0].timings.workflow,workflow_dataset,runner.execute,1,18.873434,18.9203
round_3,optical_isea4h,datasets[0].timings.workflow,workflow_dataset,opengauss.start_output,1,0.011095,18.9203
round_3,optical_isea4h,datasets[0].timings.workflow,workflow_dataset,opengauss.complete_output,1,0.034342,18.9203
round_3,radar_geohash,timings.job_driver,ray_job_driver,workflow.run,1,3.699283,3.846173
round_3,radar_geohash,timings.job_driver,ray_job_driver,driver.bootstrap,1,0.142554,3.846173
round_3,radar_geohash,timings.job_driver,ray_job_driver,task.start_attempt,1,0.003635,3.846173
round_3,radar_geohash,datasets[0].timings.units[0].driver,logical_batch_driver,ray.init,1,0.067537,1.882277
round_3,radar_geohash,datasets[0].timings.units[0].driver,logical_batch_driver,ray.wait,2,1.769627,1.882277
round_3,radar_geohash,datasets[0].timings.units[0].driver,logical_batch_driver,ray.result_get,1,0.000311,1.882277
round_3,radar_geohash,datasets[0].timings.units[0].driver,logical_batch_driver,ray.task_submit,1,0.040264,1.882277
round_3,radar_geohash,datasets[0].timings.units[0].driver,logical_batch_driver,ray.task_prepare,2,0.000255,1.882277
round_3,radar_geohash,datasets[0].timings.units[0].driver,logical_batch_driver,driver.result_merge,1,6e-06,1.882277
round_3,radar_geohash,datasets[0].timings.units[0].workers[0],logical_worker,grid.cover,1,0.001863,0.204866
round_3,radar_geohash,datasets[0].timings.units[0].workers[0],logical_worker,grid.geometry,3,4.2e-05,0.204866
round_3,radar_geohash,datasets[0].timings.units[0].workers[0],logical_worker,minio.chunk_stat,1,0.007149,0.204866
round_3,radar_geohash,datasets[0].timings.units[0].workers[0],logical_worker,minio.chunk_upload,1,0.040725,0.204866
round_3,radar_geohash,datasets[0].timings.units[0].workers[0],logical_worker,logical.row_generation,1,0.000341,0.204866
round_3,radar_geohash,datasets[0].timings.units[0].workers[0],logical_worker,logical.chunk_serialize,1,0.000295,0.204866
round_3,radar_geohash,datasets[0].timings.units[0].workers[0],logical_worker,opengauss.logical_stage,1,0.154012,0.204866
round_3,radar_geohash,datasets[0].timings.units[0].source_preflight,source_preflight,minio.stat,1,0.155217,2.224363
round_3,radar_geohash,datasets[0].timings.units[1].driver,logical_batch_driver,ray.wait,2,1.387384,1.400187
round_3,radar_geohash,datasets[0].timings.units[1].driver,logical_batch_driver,ray.result_get,1,0.000286,1.400187
round_3,radar_geohash,datasets[0].timings.units[1].driver,logical_batch_driver,ray.task_submit,1,0.00798,1.400187
round_3,radar_geohash,datasets[0].timings.units[1].driver,logical_batch_driver,ray.task_prepare,2,0.000246,1.400187
round_3,radar_geohash,datasets[0].timings.units[1].driver,logical_batch_driver,driver.result_merge,1,7e-06,1.400187
round_3,radar_geohash,datasets[0].timings.units[1].workers[0],logical_worker,grid.cover,1,0.001695,0.125195
round_3,radar_geohash,datasets[0].timings.units[1].workers[0],logical_worker,grid.geometry,3,3.9e-05,0.125195
round_3,radar_geohash,datasets[0].timings.units[1].workers[0],logical_worker,minio.chunk_stat,1,0.005713,0.125195
round_3,radar_geohash,datasets[0].timings.units[1].workers[0],logical_worker,minio.chunk_upload,1,0.025683,0.125195
round_3,radar_geohash,datasets[0].timings.units[1].workers[0],logical_worker,logical.row_generation,1,0.000322,0.125195
round_3,radar_geohash,datasets[0].timings.units[1].workers[0],logical_worker,logical.chunk_serialize,1,0.000279,0.125195
round_3,radar_geohash,datasets[0].timings.units[1].workers[0],logical_worker,opengauss.logical_stage,1,0.091051,0.125195
round_3,radar_geohash,datasets[0].timings.units[1].source_preflight,source_preflight,minio.stat,1,0.006994,1.407294
round_3,radar_geohash,datasets[0].timings.workflow,workflow_dataset,runner.execute,1,3.632989,3.698964
round_3,radar_geohash,datasets[0].timings.workflow,workflow_dataset,opengauss.start_output,1,0.012721,3.698964
round_3,radar_geohash,datasets[0].timings.workflow,workflow_dataset,opengauss.complete_output,1,0.013486,3.698964
round_3,radar_geohash,datasets[0].timings.workflow,workflow_dataset,opengauss.record_output_chunks,1,0.005636,3.698964
round_3,radar_geohash,datasets[0].timings.workflow,workflow_dataset,opengauss.verify_output_chunks,1,0.019539,3.698964
round_3,radar_geohash,datasets[0].timings.workflow,workflow_dataset,opengauss.promote_logical_staging,1,0.013029,3.698964
round_3,radar_mgrs,timings.job_driver,ray_job_driver,workflow.run,1,3.399149,3.546615
round_3,radar_mgrs,timings.job_driver,ray_job_driver,driver.bootstrap,1,0.142572,3.546615
round_3,radar_mgrs,timings.job_driver,ray_job_driver,task.start_attempt,1,0.004066,3.546615
round_3,radar_mgrs,datasets[0].timings.units[0].driver,logical_batch_driver,ray.init,1,0.07056,1.523756
round_3,radar_mgrs,datasets[0].timings.units[0].driver,logical_batch_driver,ray.wait,2,1.405185,1.523756
round_3,radar_mgrs,datasets[0].timings.units[0].driver,logical_batch_driver,ray.result_get,1,0.000349,1.523756
round_3,radar_mgrs,datasets[0].timings.units[0].driver,logical_batch_driver,ray.task_submit,1,0.042826,1.523756
round_3,radar_mgrs,datasets[0].timings.units[0].driver,logical_batch_driver,ray.task_prepare,2,0.000283,1.523756
round_3,radar_mgrs,datasets[0].timings.units[0].driver,logical_batch_driver,driver.result_merge,1,6e-06,1.523756
round_3,radar_mgrs,datasets[0].timings.units[0].workers[0],logical_worker,grid.cover,1,0.074178,0.218705
round_3,radar_mgrs,datasets[0].timings.units[0].workers[0],logical_worker,grid.geometry,15,0.002212,0.218705
round_3,radar_mgrs,datasets[0].timings.units[0].workers[0],logical_worker,minio.chunk_stat,1,0.006872,0.218705
round_3,radar_mgrs,datasets[0].timings.units[0].workers[0],logical_worker,minio.chunk_upload,1,0.035484,0.218705
round_3,radar_mgrs,datasets[0].timings.units[0].workers[0],logical_worker,logical.row_generation,1,0.003281,0.218705
round_3,radar_mgrs,datasets[0].timings.units[0].workers[0],logical_worker,logical.chunk_serialize,1,0.002502,0.218705
round_3,radar_mgrs,datasets[0].timings.units[0].workers[0],logical_worker,opengauss.logical_stage,1,0.095878,0.218705
round_3,radar_mgrs,datasets[0].timings.units[0].source_preflight,source_preflight,minio.stat,1,0.156616,1.871825
round_3,radar_mgrs,datasets[0].timings.units[1].driver,logical_batch_driver,ray.wait,2,1.429248,1.44237
round_3,radar_mgrs,datasets[0].timings.units[1].driver,logical_batch_driver,ray.result_get,1,0.000304,1.44237
round_3,radar_mgrs,datasets[0].timings.units[1].driver,logical_batch_driver,ray.task_submit,1,0.008527,1.44237
round_3,radar_mgrs,datasets[0].timings.units[1].driver,logical_batch_driver,ray.task_prepare,2,0.000249,1.44237
round_3,radar_mgrs,datasets[0].timings.units[1].driver,logical_batch_driver,driver.result_merge,1,6e-06,1.44237
round_3,radar_mgrs,datasets[0].timings.units[1].workers[0],logical_worker,grid.cover,1,0.065459,0.20306
round_3,radar_mgrs,datasets[0].timings.units[1].workers[0],logical_worker,grid.geometry,15,0.002118,0.20306
round_3,radar_mgrs,datasets[0].timings.units[1].workers[0],logical_worker,minio.chunk_stat,1,0.006559,0.20306
round_3,radar_mgrs,datasets[0].timings.units[1].workers[0],logical_worker,minio.chunk_upload,1,0.028369,0.20306
round_3,radar_mgrs,datasets[0].timings.units[1].workers[0],logical_worker,logical.row_generation,1,0.003132,0.20306
round_3,radar_mgrs,datasets[0].timings.units[1].workers[0],logical_worker,logical.chunk_serialize,1,0.002502,0.20306
round_3,radar_mgrs,datasets[0].timings.units[1].workers[0],logical_worker,opengauss.logical_stage,1,0.096579,0.20306
round_3,radar_mgrs,datasets[0].timings.units[1].source_preflight,source_preflight,minio.stat,1,0.006813,1.449302
round_3,radar_mgrs,datasets[0].timings.workflow,workflow_dataset,runner.execute,1,3.322485,3.398779
round_3,radar_mgrs,datasets[0].timings.workflow,workflow_dataset,opengauss.start_output,1,0.011236,3.398779
round_3,radar_mgrs,datasets[0].timings.workflow,workflow_dataset,opengauss.complete_output,1,0.014137,3.398779
round_3,radar_mgrs,datasets[0].timings.workflow,workflow_dataset,opengauss.record_output_chunks,1,0.00671,3.398779
round_3,radar_mgrs,datasets[0].timings.workflow,workflow_dataset,opengauss.verify_output_chunks,1,0.023255,3.398779
round_3,radar_mgrs,datasets[0].timings.workflow,workflow_dataset,opengauss.promote_logical_staging,1,0.01936,3.398779
round_3,radar_isea4h,timings.job_driver,ray_job_driver,workflow.run,1,11.434555,11.57941
round_3,radar_isea4h,timings.job_driver,ray_job_driver,driver.bootstrap,1,0.140347,11.57941
round_3,radar_isea4h,timings.job_driver,ray_job_driver,task.start_attempt,1,0.00378,11.57941
round_3,radar_isea4h,datasets[0].timings.units[0].driver,raster_driver,ray.init,1,0.079487,8.359368
round_3,radar_isea4h,datasets[0].timings.units[0].driver,raster_driver,ray.wait,22,8.172949,8.359368
round_3,radar_isea4h,datasets[0].timings.units[0].driver,raster_driver,ray.result_get,16,0.003963,8.359368
round_3,radar_isea4h,datasets[0].timings.units[0].driver,raster_driver,ray.task_submit,16,0.055422,8.359368
round_3,radar_isea4h,datasets[0].timings.units[0].driver,raster_driver,driver.result_merge,16,0.000102,8.359368
round_3,radar_isea4h,datasets[0].timings.units[0].workers[0],raster_worker,grid.cover,1,4.733837,5.465794
round_3,radar_isea4h,datasets[0].timings.units[0].workers[0],raster_worker,source.cache,1,0.000255,5.465794
round_3,radar_isea4h,datasets[0].timings.units[0].workers[0],raster_worker,grid.geometry,1,0.001157,5.465794
round_3,radar_isea4h,datasets[0].timings.units[0].workers[0],raster_worker,minio.tile_stat,1,0.009551,5.465794
round_3,radar_isea4h,datasets[0].timings.units[0].workers[0],raster_worker,source.checksum,1,0.029335,5.465794
round_3,radar_isea4h,datasets[0].timings.units[0].workers[0],raster_worker,source.download,1,0.0,5.465794
round_3,radar_isea4h,datasets[0].timings.units[0].workers[0],raster_worker,entity.tile_mask,1,0.260529,5.465794
round_3,radar_isea4h,datasets[0].timings.units[0].workers[0],raster_worker,entity.tile_write,1,0.371337,5.465794
round_3,radar_isea4h,datasets[0].timings.units[0].workers[0],raster_worker,source.raster_open,1,0.019074,5.465794
round_3,radar_isea4h,datasets[0].timings.units[0].workers[0],raster_worker,entity.tile_checksum,1,0.035707,5.465794
round_3,radar_isea4h,datasets[0].timings.units[0].workers[0],raster_worker,grid.window_calculation,1,0.000449,5.465794
round_3,radar_isea4h,datasets[0].timings.units[0].workers[1],raster_worker,grid.cover,1,4.594677,5.561041
round_3,radar_isea4h,datasets[0].timings.units[0].workers[1],raster_worker,source.cache,1,0.000241,5.561041
round_3,radar_isea4h,datasets[0].timings.units[0].workers[1],raster_worker,grid.geometry,1,0.000812,5.561041
round_3,radar_isea4h,datasets[0].timings.units[0].workers[1],raster_worker,minio.tile_stat,1,0.019509,5.561041
round_3,radar_isea4h,datasets[0].timings.units[0].workers[1],raster_worker,source.checksum,1,0.031638,5.561041
round_3,radar_isea4h,datasets[0].timings.units[0].workers[1],raster_worker,source.download,1,0.0,5.561041
round_3,radar_isea4h,datasets[0].timings.units[0].workers[1],raster_worker,entity.tile_mask,1,0.226191,5.561041
round_3,radar_isea4h,datasets[0].timings.units[0].workers[1],raster_worker,entity.tile_write,1,0.369674,5.561041
round_3,radar_isea4h,datasets[0].timings.units[0].workers[1],raster_worker,minio.tile_upload,1,0.274855,5.561041
round_3,radar_isea4h,datasets[0].timings.units[0].workers[1],raster_worker,source.raster_open,1,0.017728,5.561041
round_3,radar_isea4h,datasets[0].timings.units[0].workers[1],raster_worker,entity.tile_checksum,1,0.022056,5.561041
round_3,radar_isea4h,datasets[0].timings.units[0].workers[1],raster_worker,grid.window_calculation,1,0.000306,5.561041
round_3,radar_isea4h,datasets[0].timings.units[0].workers[2],raster_worker,grid.cover,1,4.798965,5.533967
round_3,radar_isea4h,datasets[0].timings.units[0].workers[2],raster_worker,source.cache,1,0.000239,5.533967
round_3,radar_isea4h,datasets[0].timings.units[0].workers[2],raster_worker,grid.geometry,1,0.000839,5.533967
round_3,radar_isea4h,datasets[0].timings.units[0].workers[2],raster_worker,minio.tile_stat,1,0.008375,5.533967
round_3,radar_isea4h,datasets[0].timings.units[0].workers[2],raster_worker,source.checksum,1,0.02855,5.533967
round_3,radar_isea4h,datasets[0].timings.units[0].workers[2],raster_worker,source.download,1,0.0,5.533967
round_3,radar_isea4h,datasets[0].timings.units[0].workers[2],raster_worker,entity.tile_mask,1,0.235594,5.533967
round_3,radar_isea4h,datasets[0].timings.units[0].workers[2],raster_worker,entity.tile_write,1,0.384981,5.533967
round_3,radar_isea4h,datasets[0].timings.units[0].workers[2],raster_worker,source.raster_open,1,0.063563,5.533967
round_3,radar_isea4h,datasets[0].timings.units[0].workers[2],raster_worker,entity.tile_checksum,1,0.008826,5.533967
round_3,radar_isea4h,datasets[0].timings.units[0].workers[2],raster_worker,grid.window_calculation,1,0.000337,5.533967
round_3,radar_isea4h,datasets[0].timings.units[0].workers[3],raster_worker,grid.cover,1,4.551466,6.168955
round_3,radar_isea4h,datasets[0].timings.units[0].workers[3],raster_worker,source.cache,1,0.000272,6.168955
round_3,radar_isea4h,datasets[0].timings.units[0].workers[3],raster_worker,grid.geometry,2,0.00194,6.168955
round_3,radar_isea4h,datasets[0].timings.units[0].workers[3],raster_worker,minio.tile_stat,2,0.011347,6.168955
round_3,radar_isea4h,datasets[0].timings.units[0].workers[3],raster_worker,source.checksum,1,0.031712,6.168955
round_3,radar_isea4h,datasets[0].timings.units[0].workers[3],raster_worker,source.download,1,0.0,6.168955
round_3,radar_isea4h,datasets[0].timings.units[0].workers[3],raster_worker,entity.tile_mask,2,0.332881,6.168955
round_3,radar_isea4h,datasets[0].timings.units[0].workers[3],raster_worker,entity.tile_write,2,0.759113,6.168955
round_3,radar_isea4h,datasets[0].timings.units[0].workers[3],raster_worker,minio.tile_upload,2,0.436104,6.168955
round_3,radar_isea4h,datasets[0].timings.units[0].workers[3],raster_worker,source.raster_open,1,0.018421,6.168955
round_3,radar_isea4h,datasets[0].timings.units[0].workers[3],raster_worker,entity.tile_checksum,2,0.020056,6.168955
round_3,radar_isea4h,datasets[0].timings.units[0].workers[3],raster_worker,grid.window_calculation,2,0.000604,6.168955
round_3,radar_isea4h,datasets[0].timings.units[0].workers[4],raster_worker,grid.cover,1,4.533828,6.249006
round_3,radar_isea4h,datasets[0].timings.units[0].workers[4],raster_worker,source.cache,1,0.000245,6.249006
round_3,radar_isea4h,datasets[0].timings.units[0].workers[4],raster_worker,grid.geometry,3,0.002784,6.249006
round_3,radar_isea4h,datasets[0].timings.units[0].workers[4],raster_worker,minio.tile_stat,3,0.117239,6.249006
round_3,radar_isea4h,datasets[0].timings.units[0].workers[4],raster_worker,source.checksum,1,0.029575,6.249006
round_3,radar_isea4h,datasets[0].timings.units[0].workers[4],raster_worker,source.download,1,0.0,6.249006
round_3,radar_isea4h,datasets[0].timings.units[0].workers[4],raster_worker,entity.tile_mask,3,0.386788,6.249006
round_3,radar_isea4h,datasets[0].timings.units[0].workers[4],raster_worker,entity.tile_write,3,0.882607,6.249006
round_3,radar_isea4h,datasets[0].timings.units[0].workers[4],raster_worker,minio.tile_upload,2,0.251765,6.249006
round_3,radar_isea4h,datasets[0].timings.units[0].workers[4],raster_worker,source.raster_open,1,0.018032,6.249006
round_3,radar_isea4h,datasets[0].timings.units[0].workers[4],raster_worker,entity.tile_checksum,3,0.019265,6.249006
round_3,radar_isea4h,datasets[0].timings.units[0].workers[4],raster_worker,grid.window_calculation,3,0.000864,6.249006
round_3,radar_isea4h,datasets[0].timings.units[0].workers[5],raster_worker,grid.cover,1,4.810064,6.204782
round_3,radar_isea4h,datasets[0].timings.units[0].workers[5],raster_worker,source.cache,1,0.000261,6.204782
round_3,radar_isea4h,datasets[0].timings.units[0].workers[5],raster_worker,grid.geometry,2,0.001895,6.204782
round_3,radar_isea4h,datasets[0].timings.units[0].workers[5],raster_worker,minio.tile_stat,2,0.243189,6.204782
round_3,radar_isea4h,datasets[0].timings.units[0].workers[5],raster_worker,source.checksum,1,0.029225,6.204782
round_3,radar_isea4h,datasets[0].timings.units[0].workers[5],raster_worker,source.download,1,0.0,6.204782
round_3,radar_isea4h,datasets[0].timings.units[0].workers[5],raster_worker,entity.tile_mask,2,0.320327,6.204782
round_3,radar_isea4h,datasets[0].timings.units[0].workers[5],raster_worker,entity.tile_write,2,0.755054,6.204782
round_3,radar_isea4h,datasets[0].timings.units[0].workers[5],raster_worker,source.raster_open,1,0.020658,6.204782
round_3,radar_isea4h,datasets[0].timings.units[0].workers[5],raster_worker,entity.tile_checksum,2,0.018207,6.204782
round_3,radar_isea4h,datasets[0].timings.units[0].workers[5],raster_worker,grid.window_calculation,2,0.000612,6.204782
round_3,radar_isea4h,datasets[0].timings.units[0].workers[6],raster_worker,grid.cover,1,4.723154,6.138965
round_3,radar_isea4h,datasets[0].timings.units[0].workers[6],raster_worker,source.cache,1,0.000338,6.138965
round_3,radar_isea4h,datasets[0].timings.units[0].workers[6],raster_worker,grid.geometry,3,0.002998,6.138965
round_3,radar_isea4h,datasets[0].timings.units[0].workers[6],raster_worker,minio.tile_stat,3,0.02121,6.138965
round_3,radar_isea4h,datasets[0].timings.units[0].workers[6],raster_worker,source.checksum,1,0.03021,6.138965
round_3,radar_isea4h,datasets[0].timings.units[0].workers[6],raster_worker,source.download,1,0.0,6.138965
round_3,radar_isea4h,datasets[0].timings.units[0].workers[6],raster_worker,entity.tile_mask,3,0.360997,6.138965
round_3,radar_isea4h,datasets[0].timings.units[0].workers[6],raster_worker,entity.tile_write,3,0.895883,6.138965
round_3,radar_isea4h,datasets[0].timings.units[0].workers[6],raster_worker,source.raster_open,1,0.076845,6.138965
round_3,radar_isea4h,datasets[0].timings.units[0].workers[6],raster_worker,entity.tile_checksum,3,0.01978,6.138965
round_3,radar_isea4h,datasets[0].timings.units[0].workers[6],raster_worker,grid.window_calculation,3,0.000883,6.138965
round_3,radar_isea4h,datasets[0].timings.units[0].workers[7],raster_worker,grid.cover,1,4.675292,5.440441
round_3,radar_isea4h,datasets[0].timings.units[0].workers[7],raster_worker,source.cache,1,0.000294,5.440441
round_3,radar_isea4h,datasets[0].timings.units[0].workers[7],raster_worker,grid.geometry,1,0.0009,5.440441
round_3,radar_isea4h,datasets[0].timings.units[0].workers[7],raster_worker,minio.tile_stat,1,0.008092,5.440441
round_3,radar_isea4h,datasets[0].timings.units[0].workers[7],raster_worker,source.checksum,1,0.030591,5.440441
round_3,radar_isea4h,datasets[0].timings.units[0].workers[7],raster_worker,source.download,1,0.0,5.440441
round_3,radar_isea4h,datasets[0].timings.units[0].workers[7],raster_worker,entity.tile_mask,1,0.281943,5.440441
round_3,radar_isea4h,datasets[0].timings.units[0].workers[7],raster_worker,entity.tile_write,1,0.404814,5.440441
round_3,radar_isea4h,datasets[0].timings.units[0].workers[7],raster_worker,source.raster_open,1,0.024868,5.440441
round_3,radar_isea4h,datasets[0].timings.units[0].workers[7],raster_worker,entity.tile_checksum,1,0.009193,5.440441
round_3,radar_isea4h,datasets[0].timings.units[0].workers[7],raster_worker,grid.window_calculation,1,0.000384,5.440441
round_3,radar_isea4h,datasets[0].timings.units[0].workers[8],raster_worker,grid.cover,1,4.651865,6.14073
round_3,radar_isea4h,datasets[0].timings.units[0].workers[8],raster_worker,source.cache,1,0.000252,6.14073
round_3,radar_isea4h,datasets[0].timings.units[0].workers[8],raster_worker,grid.geometry,2,0.002182,6.14073
round_3,radar_isea4h,datasets[0].timings.units[0].workers[8],raster_worker,minio.tile_stat,2,0.230159,6.14073
round_3,radar_isea4h,datasets[0].timings.units[0].workers[8],raster_worker,source.checksum,1,0.027981,6.14073
round_3,radar_isea4h,datasets[0].timings.units[0].workers[8],raster_worker,source.download,1,0.0,6.14073
round_3,radar_isea4h,datasets[0].timings.units[0].workers[8],raster_worker,entity.tile_mask,2,0.374229,6.14073
round_3,radar_isea4h,datasets[0].timings.units[0].workers[8],raster_worker,entity.tile_write,2,0.755791,6.14073
round_3,radar_isea4h,datasets[0].timings.units[0].workers[8],raster_worker,source.raster_open,1,0.059732,6.14073
round_3,radar_isea4h,datasets[0].timings.units[0].workers[8],raster_worker,entity.tile_checksum,2,0.032408,6.14073
round_3,radar_isea4h,datasets[0].timings.units[0].workers[8],raster_worker,grid.window_calculation,2,0.000634,6.14073
round_3,radar_isea4h,datasets[0].timings.units[0].workers[9],raster_worker,grid.cover,1,4.598344,6.172676
round_3,radar_isea4h,datasets[0].timings.units[0].workers[9],raster_worker,source.cache,1,0.000233,6.172676
round_3,radar_isea4h,datasets[0].timings.units[0].workers[9],raster_worker,grid.geometry,3,0.002825,6.172676
round_3,radar_isea4h,datasets[0].timings.units[0].workers[9],raster_worker,minio.tile_stat,3,0.16658,6.172676
round_3,radar_isea4h,datasets[0].timings.units[0].workers[9],raster_worker,source.checksum,1,0.040392,6.172676
round_3,radar_isea4h,datasets[0].timings.units[0].workers[9],raster_worker,source.download,1,0.0,6.172676
round_3,radar_isea4h,datasets[0].timings.units[0].workers[9],raster_worker,entity.tile_mask,3,0.36984,6.172676
round_3,radar_isea4h,datasets[0].timings.units[0].workers[9],raster_worker,entity.tile_write,3,0.890229,6.172676
round_3,radar_isea4h,datasets[0].timings.units[0].workers[9],raster_worker,source.raster_open,1,0.061066,6.172676
round_3,radar_isea4h,datasets[0].timings.units[0].workers[9],raster_worker,entity.tile_checksum,3,0.036076,6.172676
round_3,radar_isea4h,datasets[0].timings.units[0].workers[9],raster_worker,grid.window_calculation,3,0.000824,6.172676
round_3,radar_isea4h,datasets[0].timings.units[0].workers[10],raster_worker,grid.cover,1,4.758035,6.171339
round_3,radar_isea4h,datasets[0].timings.units[0].workers[10],raster_worker,source.cache,1,0.000261,6.171339
round_3,radar_isea4h,datasets[0].timings.units[0].workers[10],raster_worker,grid.geometry,3,0.002909,6.171339
round_3,radar_isea4h,datasets[0].timings.units[0].workers[10],raster_worker,minio.tile_stat,3,0.016698,6.171339
round_3,radar_isea4h,datasets[0].timings.units[0].workers[10],raster_worker,source.checksum,1,0.032388,6.171339
round_3,radar_isea4h,datasets[0].timings.units[0].workers[10],raster_worker,source.download,1,0.0,6.171339
round_3,radar_isea4h,datasets[0].timings.units[0].workers[10],raster_worker,entity.tile_mask,3,0.388202,6.171339
round_3,radar_isea4h,datasets[0].timings.units[0].workers[10],raster_worker,entity.tile_write,3,0.885914,6.171339
round_3,radar_isea4h,datasets[0].timings.units[0].workers[10],raster_worker,source.raster_open,1,0.047638,6.171339
round_3,radar_isea4h,datasets[0].timings.units[0].workers[10],raster_worker,entity.tile_checksum,3,0.032172,6.171339
round_3,radar_isea4h,datasets[0].timings.units[0].workers[10],raster_worker,grid.window_calculation,3,0.000847,6.171339
round_3,radar_isea4h,datasets[0].timings.units[0].workers[11],raster_worker,grid.cover,1,4.562795,5.707568
round_3,radar_isea4h,datasets[0].timings.units[0].workers[11],raster_worker,source.cache,1,0.000296,5.707568
round_3,radar_isea4h,datasets[0].timings.units[0].workers[11],raster_worker,grid.geometry,1,0.000805,5.707568
round_3,radar_isea4h,datasets[0].timings.units[0].workers[11],raster_worker,minio.tile_stat,1,0.006738,5.707568
round_3,radar_isea4h,datasets[0].timings.units[0].workers[11],raster_worker,source.checksum,1,0.028557,5.707568
round_3,radar_isea4h,datasets[0].timings.units[0].workers[11],raster_worker,source.download,1,0.0,5.707568
round_3,radar_isea4h,datasets[0].timings.units[0].workers[11],raster_worker,entity.tile_mask,1,0.232443,5.707568
round_3,radar_isea4h,datasets[0].timings.units[0].workers[11],raster_worker,entity.tile_write,1,0.376461,5.707568
round_3,radar_isea4h,datasets[0].timings.units[0].workers[11],raster_worker,minio.tile_upload,1,0.468792,5.707568
round_3,radar_isea4h,datasets[0].timings.units[0].workers[11],raster_worker,source.raster_open,1,0.017875,5.707568
round_3,radar_isea4h,datasets[0].timings.units[0].workers[11],raster_worker,entity.tile_checksum,1,0.009235,5.707568
round_3,radar_isea4h,datasets[0].timings.units[0].workers[11],raster_worker,grid.window_calculation,1,0.000311,5.707568
round_3,radar_isea4h,datasets[0].timings.units[0].workers[12],raster_worker,grid.cover,1,4.929779,5.669694
round_3,radar_isea4h,datasets[0].timings.units[0].workers[12],raster_worker,source.cache,1,0.000349,5.669694
round_3,radar_isea4h,datasets[0].timings.units[0].workers[12],raster_worker,grid.geometry,1,0.000913,5.669694
round_3,radar_isea4h,datasets[0].timings.units[0].workers[12],raster_worker,minio.tile_stat,1,0.065575,5.669694
round_3,radar_isea4h,datasets[0].timings.units[0].workers[12],raster_worker,source.checksum,1,0.02902,5.669694
round_3,radar_isea4h,datasets[0].timings.units[0].workers[12],raster_worker,source.download,1,0.0,5.669694
round_3,radar_isea4h,datasets[0].timings.units[0].workers[12],raster_worker,entity.tile_mask,1,0.230684,5.669694
round_3,radar_isea4h,datasets[0].timings.units[0].workers[12],raster_worker,entity.tile_write,1,0.37874,5.669694
round_3,radar_isea4h,datasets[0].timings.units[0].workers[12],raster_worker,source.raster_open,1,0.020749,5.669694
round_3,radar_isea4h,datasets[0].timings.units[0].workers[12],raster_worker,entity.tile_checksum,1,0.009237,5.669694
round_3,radar_isea4h,datasets[0].timings.units[0].workers[12],raster_worker,grid.window_calculation,1,0.000362,5.669694
round_3,radar_isea4h,datasets[0].timings.units[0].workers[13],raster_worker,grid.cover,1,4.551341,5.748007
round_3,radar_isea4h,datasets[0].timings.units[0].workers[13],raster_worker,source.cache,1,0.000228,5.748007
round_3,radar_isea4h,datasets[0].timings.units[0].workers[13],raster_worker,grid.geometry,2,0.001898,5.748007
round_3,radar_isea4h,datasets[0].timings.units[0].workers[13],raster_worker,minio.tile_stat,2,0.054962,5.748007
round_3,radar_isea4h,datasets[0].timings.units[0].workers[13],raster_worker,source.checksum,1,0.028593,5.748007
round_3,radar_isea4h,datasets[0].timings.units[0].workers[13],raster_worker,source.download,1,0.0,5.748007
round_3,radar_isea4h,datasets[0].timings.units[0].workers[13],raster_worker,entity.tile_mask,2,0.322603,5.748007
round_3,radar_isea4h,datasets[0].timings.units[0].workers[13],raster_worker,entity.tile_write,2,0.746743,5.748007
round_3,radar_isea4h,datasets[0].timings.units[0].workers[13],raster_worker,source.raster_open,1,0.018086,5.748007
round_3,radar_isea4h,datasets[0].timings.units[0].workers[13],raster_worker,entity.tile_checksum,2,0.018102,5.748007
round_3,radar_isea4h,datasets[0].timings.units[0].workers[13],raster_worker,grid.window_calculation,2,0.000606,5.748007
round_3,radar_isea4h,datasets[0].timings.units[0].workers[14],raster_worker,grid.cover,1,4.545925,5.792385
round_3,radar_isea4h,datasets[0].timings.units[0].workers[14],raster_worker,source.cache,1,0.00023,5.792385
round_3,radar_isea4h,datasets[0].timings.units[0].workers[14],raster_worker,grid.geometry,2,0.001969,5.792385
round_3,radar_isea4h,datasets[0].timings.units[0].workers[14],raster_worker,minio.tile_stat,2,0.111661,5.792385
round_3,radar_isea4h,datasets[0].timings.units[0].workers[14],raster_worker,source.checksum,1,0.031668,5.792385
round_3,radar_isea4h,datasets[0].timings.units[0].workers[14],raster_worker,source.download,1,0.0,5.792385
round_3,radar_isea4h,datasets[0].timings.units[0].workers[14],raster_worker,entity.tile_mask,2,0.324586,5.792385
round_3,radar_isea4h,datasets[0].timings.units[0].workers[14],raster_worker,entity.tile_write,2,0.734556,5.792385
round_3,radar_isea4h,datasets[0].timings.units[0].workers[14],raster_worker,source.raster_open,1,0.01793,5.792385
round_3,radar_isea4h,datasets[0].timings.units[0].workers[14],raster_worker,entity.tile_checksum,2,0.018085,5.792385
round_3,radar_isea4h,datasets[0].timings.units[0].workers[14],raster_worker,grid.window_calculation,2,0.000617,5.792385
round_3,radar_isea4h,datasets[0].timings.units[0].workers[15],raster_worker,grid.cover,1,4.539091,5.919362
round_3,radar_isea4h,datasets[0].timings.units[0].workers[15],raster_worker,source.cache,1,0.000227,5.919362
round_3,radar_isea4h,datasets[0].timings.units[0].workers[15],raster_worker,grid.geometry,2,0.00184,5.919362
round_3,radar_isea4h,datasets[0].timings.units[0].workers[15],raster_worker,minio.tile_stat,2,0.237552,5.919362
round_3,radar_isea4h,datasets[0].timings.units[0].workers[15],raster_worker,source.checksum,1,0.027433,5.919362
round_3,radar_isea4h,datasets[0].timings.units[0].workers[15],raster_worker,source.download,1,0.0,5.919362
round_3,radar_isea4h,datasets[0].timings.units[0].workers[15],raster_worker,entity.tile_mask,2,0.32411,5.919362
round_3,radar_isea4h,datasets[0].timings.units[0].workers[15],raster_worker,entity.tile_write,2,0.747523,5.919362
round_3,radar_isea4h,datasets[0].timings.units[0].workers[15],raster_worker,source.raster_open,1,0.018067,5.919362
round_3,radar_isea4h,datasets[0].timings.units[0].workers[15],raster_worker,entity.tile_checksum,2,0.017945,5.919362
round_3,radar_isea4h,datasets[0].timings.units[0].workers[15],raster_worker,grid.window_calculation,2,0.000579,5.919362
round_3,radar_isea4h,datasets[0].timings.units[0].source_preflight,source_preflight,minio.stat,1,0.152418,8.700816
round_3,radar_isea4h,datasets[0].timings.units[1].driver,raster_driver,ray.wait,17,2.635141,2.687328
round_3,radar_isea4h,datasets[0].timings.units[1].driver,raster_driver,ray.result_get,16,0.005659,2.687328
round_3,radar_isea4h,datasets[0].timings.units[1].driver,raster_driver,ray.task_submit,16,0.015084,2.687328
round_3,radar_isea4h,datasets[0].timings.units[1].driver,raster_driver,driver.result_merge,16,0.000136,2.687328
round_3,radar_isea4h,datasets[0].timings.units[1].workers[0],raster_worker,grid.cover,1,0.005939,1.113714
round_3,radar_isea4h,datasets[0].timings.units[1].workers[0],raster_worker,source.cache,1,0.000453,1.113714
round_3,radar_isea4h,datasets[0].timings.units[1].workers[0],raster_worker,grid.geometry,1,0.000819,1.113714
round_3,radar_isea4h,datasets[0].timings.units[1].workers[0],raster_worker,minio.tile_stat,1,0.032143,1.113714
round_3,radar_isea4h,datasets[0].timings.units[1].workers[0],raster_worker,source.checksum,1,0.061575,1.113714
round_3,radar_isea4h,datasets[0].timings.units[1].workers[0],raster_worker,source.download,1,0.0,1.113714
round_3,radar_isea4h,datasets[0].timings.units[1].workers[0],raster_worker,entity.tile_mask,1,0.219882,1.113714
round_3,radar_isea4h,datasets[0].timings.units[1].workers[0],raster_worker,entity.tile_write,1,0.377443,1.113714
round_3,radar_isea4h,datasets[0].timings.units[1].workers[0],raster_worker,minio.tile_upload,1,0.401936,1.113714
round_3,radar_isea4h,datasets[0].timings.units[1].workers[0],raster_worker,source.raster_open,1,0.001442,1.113714
round_3,radar_isea4h,datasets[0].timings.units[1].workers[0],raster_worker,entity.tile_checksum,1,0.009568,1.113714
round_3,radar_isea4h,datasets[0].timings.units[1].workers[0],raster_worker,grid.window_calculation,1,0.000229,1.113714
round_3,radar_isea4h,datasets[0].timings.units[1].workers[1],raster_worker,grid.cover,1,0.00583,1.15167
round_3,radar_isea4h,datasets[0].timings.units[1].workers[1],raster_worker,source.cache,1,0.000227,1.15167
round_3,radar_isea4h,datasets[0].timings.units[1].workers[1],raster_worker,grid.geometry,1,0.000699,1.15167
round_3,radar_isea4h,datasets[0].timings.units[1].workers[1],raster_worker,minio.tile_stat,1,0.038712,1.15167
round_3,radar_isea4h,datasets[0].timings.units[1].workers[1],raster_worker,source.checksum,1,0.048407,1.15167
round_3,radar_isea4h,datasets[0].timings.units[1].workers[1],raster_worker,source.download,1,0.0,1.15167
round_3,radar_isea4h,datasets[0].timings.units[1].workers[1],raster_worker,entity.tile_mask,1,0.209572,1.15167
round_3,radar_isea4h,datasets[0].timings.units[1].workers[1],raster_worker,entity.tile_write,1,0.378925,1.15167
round_3,radar_isea4h,datasets[0].timings.units[1].workers[1],raster_worker,minio.tile_upload,1,0.455092,1.15167
round_3,radar_isea4h,datasets[0].timings.units[1].workers[1],raster_worker,source.raster_open,1,0.001607,1.15167
round_3,radar_isea4h,datasets[0].timings.units[1].workers[1],raster_worker,entity.tile_checksum,1,0.01029,1.15167
round_3,radar_isea4h,datasets[0].timings.units[1].workers[1],raster_worker,grid.window_calculation,1,0.000206,1.15167
round_3,radar_isea4h,datasets[0].timings.units[1].workers[2],raster_worker,grid.cover,1,0.005973,1.250175
round_3,radar_isea4h,datasets[0].timings.units[1].workers[2],raster_worker,source.cache,1,0.000322,1.250175
round_3,radar_isea4h,datasets[0].timings.units[1].workers[2],raster_worker,grid.geometry,1,0.000734,1.250175
round_3,radar_isea4h,datasets[0].timings.units[1].workers[2],raster_worker,minio.tile_stat,1,0.034066,1.250175
round_3,radar_isea4h,datasets[0].timings.units[1].workers[2],raster_worker,source.checksum,1,0.056548,1.250175
round_3,radar_isea4h,datasets[0].timings.units[1].workers[2],raster_worker,source.download,1,0.0,1.250175
round_3,radar_isea4h,datasets[0].timings.units[1].workers[2],raster_worker,entity.tile_mask,1,0.206832,1.250175
round_3,radar_isea4h,datasets[0].timings.units[1].workers[2],raster_worker,entity.tile_write,1,0.370814,1.250175
round_3,radar_isea4h,datasets[0].timings.units[1].workers[2],raster_worker,minio.tile_upload,1,0.561447,1.250175
round_3,radar_isea4h,datasets[0].timings.units[1].workers[2],raster_worker,source.raster_open,1,0.001537,1.250175
round_3,radar_isea4h,datasets[0].timings.units[1].workers[2],raster_worker,entity.tile_checksum,1,0.009627,1.250175
round_3,radar_isea4h,datasets[0].timings.units[1].workers[2],raster_worker,grid.window_calculation,1,0.000214,1.250175
round_3,radar_isea4h,datasets[0].timings.units[1].workers[3],raster_worker,grid.cover,1,0.007199,1.444309
round_3,radar_isea4h,datasets[0].timings.units[1].workers[3],raster_worker,source.cache,1,0.000261,1.444309
round_3,radar_isea4h,datasets[0].timings.units[1].workers[3],raster_worker,grid.geometry,1,0.000776,1.444309
round_3,radar_isea4h,datasets[0].timings.units[1].workers[3],raster_worker,minio.tile_stat,1,0.006587,1.444309
round_3,radar_isea4h,datasets[0].timings.units[1].workers[3],raster_worker,source.checksum,1,0.022447,1.444309
round_3,radar_isea4h,datasets[0].timings.units[1].workers[3],raster_worker,source.download,1,0.0,1.444309
round_3,radar_isea4h,datasets[0].timings.units[1].workers[3],raster_worker,entity.tile_mask,1,0.208592,1.444309
round_3,radar_isea4h,datasets[0].timings.units[1].workers[3],raster_worker,entity.tile_write,1,0.346084,1.444309
round_3,radar_isea4h,datasets[0].timings.units[1].workers[3],raster_worker,minio.tile_upload,1,0.839554,1.444309
round_3,radar_isea4h,datasets[0].timings.units[1].workers[3],raster_worker,source.raster_open,1,0.001409,1.444309
round_3,radar_isea4h,datasets[0].timings.units[1].workers[3],raster_worker,entity.tile_checksum,1,0.009221,1.444309
round_3,radar_isea4h,datasets[0].timings.units[1].workers[3],raster_worker,grid.window_calculation,1,0.000195,1.444309
round_3,radar_isea4h,datasets[0].timings.units[1].workers[4],raster_worker,grid.cover,1,0.007315,1.511621
round_3,radar_isea4h,datasets[0].timings.units[1].workers[4],raster_worker,source.cache,1,0.000267,1.511621
round_3,radar_isea4h,datasets[0].timings.units[1].workers[4],raster_worker,grid.geometry,1,0.000734,1.511621
round_3,radar_isea4h,datasets[0].timings.units[1].workers[4],raster_worker,minio.tile_stat,1,0.005182,1.511621
round_3,radar_isea4h,datasets[0].timings.units[1].workers[4],raster_worker,source.checksum,1,0.022113,1.511621
round_3,radar_isea4h,datasets[0].timings.units[1].workers[4],raster_worker,source.download,1,0.0,1.511621
round_3,radar_isea4h,datasets[0].timings.units[1].workers[4],raster_worker,entity.tile_mask,1,0.204272,1.511621
round_3,radar_isea4h,datasets[0].timings.units[1].workers[4],raster_worker,entity.tile_write,1,0.353342,1.511621
round_3,radar_isea4h,datasets[0].timings.units[1].workers[4],raster_worker,minio.tile_upload,1,0.905262,1.511621
round_3,radar_isea4h,datasets[0].timings.units[1].workers[4],raster_worker,source.raster_open,1,0.001649,1.511621
round_3,radar_isea4h,datasets[0].timings.units[1].workers[4],raster_worker,entity.tile_checksum,1,0.009174,1.511621
round_3,radar_isea4h,datasets[0].timings.units[1].workers[4],raster_worker,grid.window_calculation,1,0.000221,1.511621
round_3,radar_isea4h,datasets[0].timings.units[1].workers[5],raster_worker,grid.cover,1,0.005344,1.566521
round_3,radar_isea4h,datasets[0].timings.units[1].workers[5],raster_worker,source.cache,1,0.000359,1.566521
round_3,radar_isea4h,datasets[0].timings.units[1].workers[5],raster_worker,grid.geometry,2,0.001852,1.566521
round_3,radar_isea4h,datasets[0].timings.units[1].workers[5],raster_worker,minio.tile_stat,2,0.0125,1.566521
round_3,radar_isea4h,datasets[0].timings.units[1].workers[5],raster_worker,source.checksum,1,0.022399,1.566521
round_3,radar_isea4h,datasets[0].timings.units[1].workers[5],raster_worker,source.download,1,0.0,1.566521
round_3,radar_isea4h,datasets[0].timings.units[1].workers[5],raster_worker,entity.tile_mask,2,0.294101,1.566521
round_3,radar_isea4h,datasets[0].timings.units[1].workers[5],raster_worker,entity.tile_write,2,0.724365,1.566521
round_3,radar_isea4h,datasets[0].timings.units[1].workers[5],raster_worker,minio.tile_upload,1,0.481503,1.566521
round_3,radar_isea4h,datasets[0].timings.units[1].workers[5],raster_worker,source.raster_open,1,0.001439,1.566521
round_3,radar_isea4h,datasets[0].timings.units[1].workers[5],raster_worker,entity.tile_checksum,2,0.018732,1.566521
round_3,radar_isea4h,datasets[0].timings.units[1].workers[5],raster_worker,grid.window_calculation,2,0.000478,1.566521
round_3,radar_isea4h,datasets[0].timings.units[1].workers[6],raster_worker,grid.cover,1,0.007854,1.674728
round_3,radar_isea4h,datasets[0].timings.units[1].workers[6],raster_worker,source.cache,1,0.000271,1.674728
round_3,radar_isea4h,datasets[0].timings.units[1].workers[6],raster_worker,grid.geometry,1,0.000786,1.674728
round_3,radar_isea4h,datasets[0].timings.units[1].workers[6],raster_worker,minio.tile_stat,1,0.021356,1.674728
round_3,radar_isea4h,datasets[0].timings.units[1].workers[6],raster_worker,source.checksum,1,0.035796,1.674728
round_3,radar_isea4h,datasets[0].timings.units[1].workers[6],raster_worker,source.download,1,0.0,1.674728
round_3,radar_isea4h,datasets[0].timings.units[1].workers[6],raster_worker,entity.tile_mask,1,0.228469,1.674728
round_3,radar_isea4h,datasets[0].timings.units[1].workers[6],raster_worker,entity.tile_write,1,0.35929,1.674728
round_3,radar_isea4h,datasets[0].timings.units[1].workers[6],raster_worker,minio.tile_upload,1,1.005616,1.674728
round_3,radar_isea4h,datasets[0].timings.units[1].workers[6],raster_worker,source.raster_open,1,0.00183,1.674728
round_3,radar_isea4h,datasets[0].timings.units[1].workers[6],raster_worker,entity.tile_checksum,1,0.010901,1.674728
round_3,radar_isea4h,datasets[0].timings.units[1].workers[6],raster_worker,grid.window_calculation,1,0.000256,1.674728
round_3,radar_isea4h,datasets[0].timings.units[1].workers[7],raster_worker,grid.cover,1,0.005474,1.736065
round_3,radar_isea4h,datasets[0].timings.units[1].workers[7],raster_worker,source.cache,1,0.000408,1.736065
round_3,radar_isea4h,datasets[0].timings.units[1].workers[7],raster_worker,grid.geometry,2,0.001912,1.736065
round_3,radar_isea4h,datasets[0].timings.units[1].workers[7],raster_worker,minio.tile_stat,2,0.031343,1.736065
round_3,radar_isea4h,datasets[0].timings.units[1].workers[7],raster_worker,source.checksum,1,0.063276,1.736065
round_3,radar_isea4h,datasets[0].timings.units[1].workers[7],raster_worker,source.download,1,0.0,1.736065
round_3,radar_isea4h,datasets[0].timings.units[1].workers[7],raster_worker,entity.tile_mask,2,0.30239,1.736065
round_3,radar_isea4h,datasets[0].timings.units[1].workers[7],raster_worker,entity.tile_write,2,0.739706,1.736065
round_3,radar_isea4h,datasets[0].timings.units[1].workers[7],raster_worker,minio.tile_upload,1,0.567424,1.736065
round_3,radar_isea4h,datasets[0].timings.units[1].workers[7],raster_worker,source.raster_open,1,0.001413,1.736065
round_3,radar_isea4h,datasets[0].timings.units[1].workers[7],raster_worker,entity.tile_checksum,2,0.018692,1.736065
round_3,radar_isea4h,datasets[0].timings.units[1].workers[7],raster_worker,grid.window_calculation,2,0.000506,1.736065
round_3,radar_isea4h,datasets[0].timings.units[1].workers[8],raster_worker,grid.cover,1,0.005993,1.867269
round_3,radar_isea4h,datasets[0].timings.units[1].workers[8],raster_worker,source.cache,1,0.00023,1.867269
round_3,radar_isea4h,datasets[0].timings.units[1].workers[8],raster_worker,grid.geometry,3,0.002911,1.867269
round_3,radar_isea4h,datasets[0].timings.units[1].workers[8],raster_worker,minio.tile_stat,3,0.049295,1.867269
round_3,radar_isea4h,datasets[0].timings.units[1].workers[8],raster_worker,source.checksum,1,0.059027,1.867269
round_3,radar_isea4h,datasets[0].timings.units[1].workers[8],raster_worker,source.download,1,0.0,1.867269
round_3,radar_isea4h,datasets[0].timings.units[1].workers[8],raster_worker,entity.tile_mask,3,0.347285,1.867269
round_3,radar_isea4h,datasets[0].timings.units[1].workers[8],raster_worker,entity.tile_write,3,0.844074,1.867269
round_3,radar_isea4h,datasets[0].timings.units[1].workers[8],raster_worker,minio.tile_upload,2,0.498163,1.867269
round_3,radar_isea4h,datasets[0].timings.units[1].workers[8],raster_worker,source.raster_open,1,0.001505,1.867269
round_3,radar_isea4h,datasets[0].timings.units[1].workers[8],raster_worker,entity.tile_checksum,3,0.053174,1.867269
round_3,radar_isea4h,datasets[0].timings.units[1].workers[8],raster_worker,grid.window_calculation,3,0.000723,1.867269
round_3,radar_isea4h,datasets[0].timings.units[1].workers[9],raster_worker,grid.cover,1,0.007039,2.003105
round_3,radar_isea4h,datasets[0].timings.units[1].workers[9],raster_worker,source.cache,1,0.000295,2.003105
round_3,radar_isea4h,datasets[0].timings.units[1].workers[9],raster_worker,grid.geometry,3,0.003066,2.003105
round_3,radar_isea4h,datasets[0].timings.units[1].workers[9],raster_worker,minio.tile_stat,3,0.026414,2.003105
round_3,radar_isea4h,datasets[0].timings.units[1].workers[9],raster_worker,source.checksum,1,0.058617,2.003105
round_3,radar_isea4h,datasets[0].timings.units[1].workers[9],raster_worker,source.download,1,0.0,2.003105
round_3,radar_isea4h,datasets[0].timings.units[1].workers[9],raster_worker,entity.tile_mask,3,0.32436,2.003105
round_3,radar_isea4h,datasets[0].timings.units[1].workers[9],raster_worker,entity.tile_write,3,0.872659,2.003105
round_3,radar_isea4h,datasets[0].timings.units[1].workers[9],raster_worker,minio.tile_upload,1,0.673844,2.003105
round_3,radar_isea4h,datasets[0].timings.units[1].workers[9],raster_worker,source.raster_open,1,0.001771,2.003105
round_3,radar_isea4h,datasets[0].timings.units[1].workers[9],raster_worker,entity.tile_checksum,3,0.02927,2.003105
round_3,radar_isea4h,datasets[0].timings.units[1].workers[9],raster_worker,grid.window_calculation,3,0.000741,2.003105
round_3,radar_isea4h,datasets[0].timings.units[1].workers[10],raster_worker,grid.cover,1,0.006138,2.05165
round_3,radar_isea4h,datasets[0].timings.units[1].workers[10],raster_worker,source.cache,1,0.000398,2.05165
round_3,radar_isea4h,datasets[0].timings.units[1].workers[10],raster_worker,grid.geometry,3,0.002974,2.05165
round_3,radar_isea4h,datasets[0].timings.units[1].workers[10],raster_worker,minio.tile_stat,3,0.0428,2.05165
round_3,radar_isea4h,datasets[0].timings.units[1].workers[10],raster_worker,source.checksum,1,0.02971,2.05165
round_3,radar_isea4h,datasets[0].timings.units[1].workers[10],raster_worker,source.download,1,0.0,2.05165
round_3,radar_isea4h,datasets[0].timings.units[1].workers[10],raster_worker,entity.tile_mask,3,0.351346,2.05165
round_3,radar_isea4h,datasets[0].timings.units[1].workers[10],raster_worker,entity.tile_write,3,0.878868,2.05165
round_3,radar_isea4h,datasets[0].timings.units[1].workers[10],raster_worker,minio.tile_upload,1,0.705463,2.05165
round_3,radar_isea4h,datasets[0].timings.units[1].workers[10],raster_worker,source.raster_open,1,0.001439,2.05165
round_3,radar_isea4h,datasets[0].timings.units[1].workers[10],raster_worker,entity.tile_checksum,3,0.02666,2.05165
round_3,radar_isea4h,datasets[0].timings.units[1].workers[10],raster_worker,grid.window_calculation,3,0.000739,2.05165
round_3,radar_isea4h,datasets[0].timings.units[1].workers[11],raster_worker,grid.cover,1,0.006107,2.25245
round_3,radar_isea4h,datasets[0].timings.units[1].workers[11],raster_worker,source.cache,1,0.000258,2.25245
round_3,radar_isea4h,datasets[0].timings.units[1].workers[11],raster_worker,grid.geometry,3,0.003415,2.25245
round_3,radar_isea4h,datasets[0].timings.units[1].workers[11],raster_worker,minio.tile_stat,3,0.017972,2.25245
round_3,radar_isea4h,datasets[0].timings.units[1].workers[11],raster_worker,source.checksum,1,0.032789,2.25245
round_3,radar_isea4h,datasets[0].timings.units[1].workers[11],raster_worker,source.download,1,0.0,2.25245
round_3,radar_isea4h,datasets[0].timings.units[1].workers[11],raster_worker,entity.tile_mask,3,0.353655,2.25245
round_3,radar_isea4h,datasets[0].timings.units[1].workers[11],raster_worker,entity.tile_write,3,0.867334,2.25245
round_3,radar_isea4h,datasets[0].timings.units[1].workers[11],raster_worker,minio.tile_upload,1,0.942945,2.25245
round_3,radar_isea4h,datasets[0].timings.units[1].workers[11],raster_worker,source.raster_open,1,0.001444,2.25245
round_3,radar_isea4h,datasets[0].timings.units[1].workers[11],raster_worker,entity.tile_checksum,3,0.020802,2.25245
round_3,radar_isea4h,datasets[0].timings.units[1].workers[11],raster_worker,grid.window_calculation,3,0.00076,2.25245
round_3,radar_isea4h,datasets[0].timings.units[1].workers[12],raster_worker,grid.cover,1,0.005381,2.260304
round_3,radar_isea4h,datasets[0].timings.units[1].workers[12],raster_worker,source.cache,1,0.000315,2.260304
round_3,radar_isea4h,datasets[0].timings.units[1].workers[12],raster_worker,grid.geometry,2,0.00184,2.260304
round_3,radar_isea4h,datasets[0].timings.units[1].workers[12],raster_worker,minio.tile_stat,2,0.009315,2.260304
round_3,radar_isea4h,datasets[0].timings.units[1].workers[12],raster_worker,source.checksum,1,0.02563,2.260304
round_3,radar_isea4h,datasets[0].timings.units[1].workers[12],raster_worker,source.download,1,0.0,2.260304
round_3,radar_isea4h,datasets[0].timings.units[1].workers[12],raster_worker,entity.tile_mask,2,0.305699,2.260304
round_3,radar_isea4h,datasets[0].timings.units[1].workers[12],raster_worker,entity.tile_write,2,0.70979,2.260304
round_3,radar_isea4h,datasets[0].timings.units[1].workers[12],raster_worker,minio.tile_upload,1,1.161221,2.260304
round_3,radar_isea4h,datasets[0].timings.units[1].workers[12],raster_worker,source.raster_open,1,0.001652,2.260304
round_3,radar_isea4h,datasets[0].timings.units[1].workers[12],raster_worker,entity.tile_checksum,2,0.035311,2.260304
round_3,radar_isea4h,datasets[0].timings.units[1].workers[12],raster_worker,grid.window_calculation,2,0.000495,2.260304
round_3,radar_isea4h,datasets[0].timings.units[1].workers[13],raster_worker,grid.cover,1,0.006531,2.3692
round_3,radar_isea4h,datasets[0].timings.units[1].workers[13],raster_worker,source.cache,1,0.000244,2.3692
round_3,radar_isea4h,datasets[0].timings.units[1].workers[13],raster_worker,grid.geometry,2,0.001726,2.3692
round_3,radar_isea4h,datasets[0].timings.units[1].workers[13],raster_worker,minio.tile_stat,2,0.009062,2.3692
round_3,radar_isea4h,datasets[0].timings.units[1].workers[13],raster_worker,source.checksum,1,0.021274,2.3692
round_3,radar_isea4h,datasets[0].timings.units[1].workers[13],raster_worker,source.download,1,0.0,2.3692
round_3,radar_isea4h,datasets[0].timings.units[1].workers[13],raster_worker,entity.tile_mask,2,0.290526,2.3692
round_3,radar_isea4h,datasets[0].timings.units[1].workers[13],raster_worker,entity.tile_write,2,0.697082,2.3692
round_3,radar_isea4h,datasets[0].timings.units[1].workers[13],raster_worker,minio.tile_upload,1,1.307172,2.3692
round_3,radar_isea4h,datasets[0].timings.units[1].workers[13],raster_worker,source.raster_open,1,0.001442,2.3692
round_3,radar_isea4h,datasets[0].timings.units[1].workers[13],raster_worker,entity.tile_checksum,2,0.030486,2.3692
round_3,radar_isea4h,datasets[0].timings.units[1].workers[13],raster_worker,grid.window_calculation,2,0.000456,2.3692
round_3,radar_isea4h,datasets[0].timings.units[1].workers[14],raster_worker,grid.cover,1,0.005384,2.57502
round_3,radar_isea4h,datasets[0].timings.units[1].workers[14],raster_worker,source.cache,1,0.000381,2.57502
round_3,radar_isea4h,datasets[0].timings.units[1].workers[14],raster_worker,grid.geometry,2,0.001851,2.57502
round_3,radar_isea4h,datasets[0].timings.units[1].workers[14],raster_worker,minio.tile_stat,2,0.037412,2.57502
round_3,radar_isea4h,datasets[0].timings.units[1].workers[14],raster_worker,source.checksum,1,0.064518,2.57502
round_3,radar_isea4h,datasets[0].timings.units[1].workers[14],raster_worker,source.download,1,0.0,2.57502
round_3,radar_isea4h,datasets[0].timings.units[1].workers[14],raster_worker,entity.tile_mask,2,0.308924,2.57502
round_3,radar_isea4h,datasets[0].timings.units[1].workers[14],raster_worker,entity.tile_write,2,0.727523,2.57502
round_3,radar_isea4h,datasets[0].timings.units[1].workers[14],raster_worker,minio.tile_upload,1,1.404944,2.57502
round_3,radar_isea4h,datasets[0].timings.units[1].workers[14],raster_worker,source.raster_open,1,0.00146,2.57502
round_3,radar_isea4h,datasets[0].timings.units[1].workers[14],raster_worker,entity.tile_checksum,2,0.018688,2.57502
round_3,radar_isea4h,datasets[0].timings.units[1].workers[14],raster_worker,grid.window_calculation,2,0.000502,2.57502
round_3,radar_isea4h,datasets[0].timings.units[1].workers[15],raster_worker,grid.cover,1,0.006007,2.654031
round_3,radar_isea4h,datasets[0].timings.units[1].workers[15],raster_worker,source.cache,1,0.000335,2.654031
round_3,radar_isea4h,datasets[0].timings.units[1].workers[15],raster_worker,grid.geometry,2,0.002069,2.654031
round_3,radar_isea4h,datasets[0].timings.units[1].workers[15],raster_worker,minio.tile_stat,2,0.038197,2.654031
round_3,radar_isea4h,datasets[0].timings.units[1].workers[15],raster_worker,source.checksum,1,0.060814,2.654031
round_3,radar_isea4h,datasets[0].timings.units[1].workers[15],raster_worker,source.download,1,0.0,2.654031
round_3,radar_isea4h,datasets[0].timings.units[1].workers[15],raster_worker,entity.tile_mask,2,0.308998,2.654031
round_3,radar_isea4h,datasets[0].timings.units[1].workers[15],raster_worker,entity.tile_write,2,0.709549,2.654031
round_3,radar_isea4h,datasets[0].timings.units[1].workers[15],raster_worker,minio.tile_upload,1,1.493451,2.654031
round_3,radar_isea4h,datasets[0].timings.units[1].workers[15],raster_worker,source.raster_open,1,0.001359,2.654031
round_3,radar_isea4h,datasets[0].timings.units[1].workers[15],raster_worker,entity.tile_checksum,2,0.02929,2.654031
round_3,radar_isea4h,datasets[0].timings.units[1].workers[15],raster_worker,grid.window_calculation,2,0.00052,2.654031
round_3,radar_isea4h,datasets[0].timings.units[1].source_preflight,source_preflight,minio.stat,1,0.006266,2.693809
round_3,radar_isea4h,datasets[0].timings.workflow,workflow_dataset,runner.execute,1,11.39606,11.434221
round_3,radar_isea4h,datasets[0].timings.workflow,workflow_dataset,opengauss.start_output,1,0.011903,11.434221
round_3,radar_isea4h,datasets[0].timings.workflow,workflow_dataset,opengauss.complete_output,1,0.024826,11.434221
round_3,product_geohash,timings.job_driver,ray_job_driver,workflow.run,1,1.882288,2.024556
round_3,product_geohash,timings.job_driver,ray_job_driver,driver.bootstrap,1,0.137667,2.024556
round_3,product_geohash,timings.job_driver,ray_job_driver,task.start_attempt,1,0.003937,2.024556
round_3,product_geohash,datasets[0].timings.units[0].driver,logical_batch_driver,ray.init,1,0.07457,1.470127
round_3,product_geohash,datasets[0].timings.units[0].driver,logical_batch_driver,ray.wait,2,1.345472,1.470127
round_3,product_geohash,datasets[0].timings.units[0].driver,logical_batch_driver,ray.result_get,1,0.000308,1.470127
round_3,product_geohash,datasets[0].timings.units[0].driver,logical_batch_driver,ray.task_submit,1,0.04478,1.470127
round_3,product_geohash,datasets[0].timings.units[0].driver,logical_batch_driver,ray.task_prepare,2,0.000387,1.470127
round_3,product_geohash,datasets[0].timings.units[0].driver,logical_batch_driver,driver.result_merge,1,6e-06,1.470127
round_3,product_geohash,datasets[0].timings.units[0].workers[0],logical_worker,grid.cover,4,0.009008,0.163393
round_3,product_geohash,datasets[0].timings.units[0].workers[0],logical_worker,grid.geometry,40,0.000321,0.163393
round_3,product_geohash,datasets[0].timings.units[0].workers[0],logical_worker,minio.chunk_stat,1,0.006446,0.163393
round_3,product_geohash,datasets[0].timings.units[0].workers[0],logical_worker,minio.chunk_upload,1,0.045314,0.163393
round_3,product_geohash,datasets[0].timings.units[0].workers[0],logical_worker,logical.row_generation,4,0.00286,0.163393
round_3,product_geohash,datasets[0].timings.units[0].workers[0],logical_worker,logical.chunk_serialize,1,0.003053,0.163393
round_3,product_geohash,datasets[0].timings.units[0].workers[0],logical_worker,opengauss.logical_stage,1,0.096165,0.163393
round_3,product_geohash,datasets[0].timings.units[0].source_preflight,source_preflight,minio.stat,1,0.144596,1.805539
round_3,product_geohash,datasets[0].timings.workflow,workflow_dataset,runner.execute,1,1.806152,1.881944
round_3,product_geohash,datasets[0].timings.workflow,workflow_dataset,opengauss.start_output,1,0.009942,1.881944
round_3,product_geohash,datasets[0].timings.workflow,workflow_dataset,opengauss.complete_output,1,0.015196,1.881944
round_3,product_geohash,datasets[0].timings.workflow,workflow_dataset,opengauss.record_output_chunks,1,0.006548,1.881944
round_3,product_geohash,datasets[0].timings.workflow,workflow_dataset,opengauss.verify_output_chunks,1,0.019498,1.881944
round_3,product_geohash,datasets[0].timings.workflow,workflow_dataset,opengauss.promote_logical_staging,1,0.022461,1.881944
round_3,product_mgrs,timings.job_driver,ray_job_driver,workflow.run,1,2.386031,2.536676
round_3,product_mgrs,timings.job_driver,ray_job_driver,driver.bootstrap,1,0.145337,2.536676
round_3,product_mgrs,timings.job_driver,ray_job_driver,task.start_attempt,1,0.00457,2.536676
round_3,product_mgrs,datasets[0].timings.units[0].driver,logical_batch_driver,ray.init,1,0.069509,1.886744
round_3,product_mgrs,datasets[0].timings.units[0].driver,logical_batch_driver,ray.wait,2,1.772857,1.886744
round_3,product_mgrs,datasets[0].timings.units[0].driver,logical_batch_driver,ray.result_get,1,0.000393,1.886744
round_3,product_mgrs,datasets[0].timings.units[0].driver,logical_batch_driver,ray.task_submit,1,0.039419,1.886744
round_3,product_mgrs,datasets[0].timings.units[0].driver,logical_batch_driver,ray.task_prepare,2,0.000261,1.886744
round_3,product_mgrs,datasets[0].timings.units[0].driver,logical_batch_driver,driver.result_merge,1,6e-06,1.886744
round_3,product_mgrs,datasets[0].timings.units[0].workers[0],logical_worker,grid.cover,4,0.24434,0.573005
round_3,product_mgrs,datasets[0].timings.units[0].workers[0],logical_worker,grid.geometry,238,0.028557,0.573005
round_3,product_mgrs,datasets[0].timings.units[0].workers[0],logical_worker,minio.chunk_stat,1,0.007894,0.573005
round_3,product_mgrs,datasets[0].timings.units[0].workers[0],logical_worker,minio.chunk_upload,1,0.043912,0.573005
round_3,product_mgrs,datasets[0].timings.units[0].workers[0],logical_worker,logical.row_generation,4,0.042405,0.573005
round_3,product_mgrs,datasets[0].timings.units[0].workers[0],logical_worker,logical.chunk_serialize,1,0.069923,0.573005
round_3,product_mgrs,datasets[0].timings.units[0].workers[0],logical_worker,opengauss.logical_stage,1,0.163177,0.573005
round_3,product_mgrs,datasets[0].timings.units[0].source_preflight,source_preflight,minio.stat,1,0.156807,2.230275
round_3,product_mgrs,datasets[0].timings.workflow,workflow_dataset,runner.execute,1,2.230959,2.385681
round_3,product_mgrs,datasets[0].timings.workflow,workflow_dataset,opengauss.start_output,1,0.009306,2.385681
round_3,product_mgrs,datasets[0].timings.workflow,workflow_dataset,opengauss.complete_output,1,0.020502,2.385681
round_3,product_mgrs,datasets[0].timings.workflow,workflow_dataset,opengauss.record_output_chunks,1,0.004729,2.385681
round_3,product_mgrs,datasets[0].timings.workflow,workflow_dataset,opengauss.verify_output_chunks,1,0.033165,2.385681
round_3,product_mgrs,datasets[0].timings.workflow,workflow_dataset,opengauss.promote_logical_staging,1,0.085231,2.385681
round_3,product_isea4h,timings.job_driver,ray_job_driver,workflow.run,1,9.149227,9.916488
round_3,product_isea4h,timings.job_driver,ray_job_driver,driver.bootstrap,1,0.46726,9.916488
round_3,product_isea4h,timings.job_driver,ray_job_driver,task.start_attempt,1,0.299179,9.916488
round_3,product_isea4h,datasets[0].timings.units[0].driver,raster_driver,ray.init,1,0.067632,8.754303
round_3,product_isea4h,datasets[0].timings.units[0].driver,raster_driver,ray.wait,22,8.586852,8.754303
round_3,product_isea4h,datasets[0].timings.units[0].driver,raster_driver,ray.result_get,16,0.006277,8.754303
round_3,product_isea4h,datasets[0].timings.units[0].driver,raster_driver,ray.task_submit,16,0.052879,8.754303
round_3,product_isea4h,datasets[0].timings.units[0].driver,raster_driver,driver.result_merge,16,0.000139,8.754303
round_3,product_isea4h,datasets[0].timings.units[0].workers[0],raster_worker,grid.cover,1,4.612231,5.274552
round_3,product_isea4h,datasets[0].timings.units[0].workers[0],raster_worker,source.cache,1,0.000232,5.274552
round_3,product_isea4h,datasets[0].timings.units[0].workers[0],raster_worker,grid.geometry,1,0.000813,5.274552
round_3,product_isea4h,datasets[0].timings.units[0].workers[0],raster_worker,minio.tile_stat,1,0.007959,5.274552
round_3,product_isea4h,datasets[0].timings.units[0].workers[0],raster_worker,source.checksum,1,0.004736,5.274552
round_3,product_isea4h,datasets[0].timings.units[0].workers[0],raster_worker,source.download,1,0.0,5.274552
round_3,product_isea4h,datasets[0].timings.units[0].workers[0],raster_worker,entity.tile_mask,1,0.125975,5.274552
round_3,product_isea4h,datasets[0].timings.units[0].workers[0],raster_worker,entity.tile_write,1,0.36736,5.274552
round_3,product_isea4h,datasets[0].timings.units[0].workers[0],raster_worker,minio.tile_upload,1,0.125675,5.274552
round_3,product_isea4h,datasets[0].timings.units[0].workers[0],raster_worker,source.raster_open,1,0.017853,5.274552
round_3,product_isea4h,datasets[0].timings.units[0].workers[0],raster_worker,entity.tile_checksum,1,0.007932,5.274552
round_3,product_isea4h,datasets[0].timings.units[0].workers[0],raster_worker,grid.window_calculation,1,0.000336,5.274552
round_3,product_isea4h,datasets[0].timings.units[0].workers[1],raster_worker,grid.cover,1,4.950432,5.674656
round_3,product_isea4h,datasets[0].timings.units[0].workers[1],raster_worker,source.cache,1,0.000213,5.674656
round_3,product_isea4h,datasets[0].timings.units[0].workers[1],raster_worker,grid.geometry,1,0.000877,5.674656
round_3,product_isea4h,datasets[0].timings.units[0].workers[1],raster_worker,minio.tile_stat,1,0.012932,5.674656
round_3,product_isea4h,datasets[0].timings.units[0].workers[1],raster_worker,source.checksum,1,0.004813,5.674656
round_3,product_isea4h,datasets[0].timings.units[0].workers[1],raster_worker,source.download,1,0.0,5.674656
round_3,product_isea4h,datasets[0].timings.units[0].workers[1],raster_worker,entity.tile_mask,1,0.207603,5.674656
round_3,product_isea4h,datasets[0].timings.units[0].workers[1],raster_worker,entity.tile_write,1,0.459383,5.674656
round_3,product_isea4h,datasets[0].timings.units[0].workers[1],raster_worker,source.raster_open,1,0.017568,5.674656
round_3,product_isea4h,datasets[0].timings.units[0].workers[1],raster_worker,entity.tile_checksum,1,0.012737,5.674656
round_3,product_isea4h,datasets[0].timings.units[0].workers[1],raster_worker,grid.window_calculation,1,0.000373,5.674656
round_3,product_isea4h,datasets[0].timings.units[0].workers[2],raster_worker,grid.cover,1,4.552533,5.98976
round_3,product_isea4h,datasets[0].timings.units[0].workers[2],raster_worker,source.cache,1,0.000232,5.98976
round_3,product_isea4h,datasets[0].timings.units[0].workers[2],raster_worker,grid.geometry,3,0.002904,5.98976
round_3,product_isea4h,datasets[0].timings.units[0].workers[2],raster_worker,minio.tile_stat,3,0.022411,5.98976
round_3,product_isea4h,datasets[0].timings.units[0].workers[2],raster_worker,source.checksum,1,0.004365,5.98976
round_3,product_isea4h,datasets[0].timings.units[0].workers[2],raster_worker,source.download,1,0.0,5.98976
round_3,product_isea4h,datasets[0].timings.units[0].workers[2],raster_worker,entity.tile_mask,3,0.280015,5.98976
round_3,product_isea4h,datasets[0].timings.units[0].workers[2],raster_worker,entity.tile_write,3,0.781839,5.98976
round_3,product_isea4h,datasets[0].timings.units[0].workers[2],raster_worker,minio.tile_upload,2,0.299153,5.98976
round_3,product_isea4h,datasets[0].timings.units[0].workers[2],raster_worker,source.raster_open,1,0.018348,5.98976
round_3,product_isea4h,datasets[0].timings.units[0].workers[2],raster_worker,entity.tile_checksum,3,0.020897,5.98976
round_3,product_isea4h,datasets[0].timings.units[0].workers[2],raster_worker,grid.window_calculation,3,0.000819,5.98976
round_3,product_isea4h,datasets[0].timings.units[0].workers[3],raster_worker,grid.cover,1,4.704096,5.903888
round_3,product_isea4h,datasets[0].timings.units[0].workers[3],raster_worker,source.cache,1,0.000237,5.903888
round_3,product_isea4h,datasets[0].timings.units[0].workers[3],raster_worker,grid.geometry,2,0.001859,5.903888
round_3,product_isea4h,datasets[0].timings.units[0].workers[3],raster_worker,minio.tile_stat,2,0.044307,5.903888
round_3,product_isea4h,datasets[0].timings.units[0].workers[3],raster_worker,source.checksum,1,0.004556,5.903888
round_3,product_isea4h,datasets[0].timings.units[0].workers[3],raster_worker,source.download,1,0.0,5.903888
round_3,product_isea4h,datasets[0].timings.units[0].workers[3],raster_worker,entity.tile_mask,2,0.275666,5.903888
round_3,product_isea4h,datasets[0].timings.units[0].workers[3],raster_worker,entity.tile_write,2,0.828092,5.903888
round_3,product_isea4h,datasets[0].timings.units[0].workers[3],raster_worker,source.raster_open,1,0.018572,5.903888
round_3,product_isea4h,datasets[0].timings.units[0].workers[3],raster_worker,entity.tile_checksum,2,0.020846,5.903888
round_3,product_isea4h,datasets[0].timings.units[0].workers[3],raster_worker,grid.window_calculation,2,0.000586,5.903888
round_3,product_isea4h,datasets[0].timings.units[0].workers[4],raster_worker,grid.cover,1,4.705162,6.092094
round_3,product_isea4h,datasets[0].timings.units[0].workers[4],raster_worker,source.cache,1,0.000233,6.092094
round_3,product_isea4h,datasets[0].timings.units[0].workers[4],raster_worker,grid.geometry,2,0.00186,6.092094
round_3,product_isea4h,datasets[0].timings.units[0].workers[4],raster_worker,minio.tile_stat,2,0.013331,6.092094
round_3,product_isea4h,datasets[0].timings.units[0].workers[4],raster_worker,source.checksum,1,0.004616,6.092094
round_3,product_isea4h,datasets[0].timings.units[0].workers[4],raster_worker,source.download,1,0.0,6.092094
round_3,product_isea4h,datasets[0].timings.units[0].workers[4],raster_worker,entity.tile_mask,2,0.208784,6.092094
round_3,product_isea4h,datasets[0].timings.units[0].workers[4],raster_worker,entity.tile_write,2,0.49035,6.092094
round_3,product_isea4h,datasets[0].timings.units[0].workers[4],raster_worker,minio.tile_upload,1,0.628224,6.092094
round_3,product_isea4h,datasets[0].timings.units[0].workers[4],raster_worker,source.raster_open,1,0.017513,6.092094
round_3,product_isea4h,datasets[0].timings.units[0].workers[4],raster_worker,entity.tile_checksum,2,0.01292,6.092094
round_3,product_isea4h,datasets[0].timings.units[0].workers[4],raster_worker,grid.window_calculation,2,0.000573,6.092094
round_3,product_isea4h,datasets[0].timings.units[0].workers[5],raster_worker,grid.cover,1,4.634674,5.484168
round_3,product_isea4h,datasets[0].timings.units[0].workers[5],raster_worker,source.cache,1,0.000265,5.484168
round_3,product_isea4h,datasets[0].timings.units[0].workers[5],raster_worker,grid.geometry,1,0.001052,5.484168
round_3,product_isea4h,datasets[0].timings.units[0].workers[5],raster_worker,minio.tile_stat,1,0.007541,5.484168
round_3,product_isea4h,datasets[0].timings.units[0].workers[5],raster_worker,source.checksum,1,0.004752,5.484168
round_3,product_isea4h,datasets[0].timings.units[0].workers[5],raster_worker,source.download,1,0.0,5.484168
round_3,product_isea4h,datasets[0].timings.units[0].workers[5],raster_worker,entity.tile_mask,1,0.163336,5.484168
round_3,product_isea4h,datasets[0].timings.units[0].workers[5],raster_worker,entity.tile_write,1,0.411764,5.484168
round_3,product_isea4h,datasets[0].timings.units[0].workers[5],raster_worker,minio.tile_upload,1,0.226172,5.484168
round_3,product_isea4h,datasets[0].timings.units[0].workers[5],raster_worker,source.raster_open,1,0.018067,5.484168
round_3,product_isea4h,datasets[0].timings.units[0].workers[5],raster_worker,entity.tile_checksum,1,0.011888,5.484168
round_3,product_isea4h,datasets[0].timings.units[0].workers[5],raster_worker,grid.window_calculation,1,0.000467,5.484168
round_3,product_isea4h,datasets[0].timings.units[0].workers[6],raster_worker,grid.cover,1,4.660294,5.511582
round_3,product_isea4h,datasets[0].timings.units[0].workers[6],raster_worker,source.cache,1,0.000233,5.511582
round_3,product_isea4h,datasets[0].timings.units[0].workers[6],raster_worker,grid.geometry,1,0.001013,5.511582
round_3,product_isea4h,datasets[0].timings.units[0].workers[6],raster_worker,minio.tile_stat,1,0.024736,5.511582
round_3,product_isea4h,datasets[0].timings.units[0].workers[6],raster_worker,source.checksum,1,0.004711,5.511582
round_3,product_isea4h,datasets[0].timings.units[0].workers[6],raster_worker,source.download,1,0.0,5.511582
round_3,product_isea4h,datasets[0].timings.units[0].workers[6],raster_worker,entity.tile_mask,1,0.166724,5.511582
round_3,product_isea4h,datasets[0].timings.units[0].workers[6],raster_worker,entity.tile_write,1,0.407338,5.511582
round_3,product_isea4h,datasets[0].timings.units[0].workers[6],raster_worker,minio.tile_upload,1,0.21275,5.511582
round_3,product_isea4h,datasets[0].timings.units[0].workers[6],raster_worker,source.raster_open,1,0.017591,5.511582
round_3,product_isea4h,datasets[0].timings.units[0].workers[6],raster_worker,entity.tile_checksum,1,0.011935,5.511582
round_3,product_isea4h,datasets[0].timings.units[0].workers[6],raster_worker,grid.window_calculation,1,0.000401,5.511582
round_3,product_isea4h,datasets[0].timings.units[0].workers[7],raster_worker,grid.cover,1,4.651878,6.401031
round_3,product_isea4h,datasets[0].timings.units[0].workers[7],raster_worker,source.cache,1,0.000251,6.401031
round_3,product_isea4h,datasets[0].timings.units[0].workers[7],raster_worker,grid.geometry,2,0.001871,6.401031
round_3,product_isea4h,datasets[0].timings.units[0].workers[7],raster_worker,minio.tile_stat,2,0.014911,6.401031
round_3,product_isea4h,datasets[0].timings.units[0].workers[7],raster_worker,source.checksum,1,0.004504,6.401031
round_3,product_isea4h,datasets[0].timings.units[0].workers[7],raster_worker,source.download,1,0.0,6.401031
round_3,product_isea4h,datasets[0].timings.units[0].workers[7],raster_worker,entity.tile_mask,2,0.338463,6.401031
round_3,product_isea4h,datasets[0].timings.units[0].workers[7],raster_worker,entity.tile_write,2,0.884721,6.401031
round_3,product_isea4h,datasets[0].timings.units[0].workers[7],raster_worker,minio.tile_upload,1,0.441884,6.401031
round_3,product_isea4h,datasets[0].timings.units[0].workers[7],raster_worker,source.raster_open,1,0.018357,6.401031
round_3,product_isea4h,datasets[0].timings.units[0].workers[7],raster_worker,entity.tile_checksum,2,0.038437,6.401031
round_3,product_isea4h,datasets[0].timings.units[0].workers[7],raster_worker,grid.window_calculation,2,0.00063,6.401031
round_3,product_isea4h,datasets[0].timings.units[0].workers[8],raster_worker,grid.cover,1,4.682234,6.423788
round_3,product_isea4h,datasets[0].timings.units[0].workers[8],raster_worker,source.cache,1,0.000271,6.423788
round_3,product_isea4h,datasets[0].timings.units[0].workers[8],raster_worker,grid.geometry,2,0.002081,6.423788
round_3,product_isea4h,datasets[0].timings.units[0].workers[8],raster_worker,minio.tile_stat,2,0.164355,6.423788
round_3,product_isea4h,datasets[0].timings.units[0].workers[8],raster_worker,source.checksum,1,0.005101,6.423788
round_3,product_isea4h,datasets[0].timings.units[0].workers[8],raster_worker,source.download,1,0.0,6.423788
round_3,product_isea4h,datasets[0].timings.units[0].workers[8],raster_worker,entity.tile_mask,2,0.267251,6.423788
round_3,product_isea4h,datasets[0].timings.units[0].workers[8],raster_worker,entity.tile_write,2,0.716146,6.423788
round_3,product_isea4h,datasets[0].timings.units[0].workers[8],raster_worker,minio.tile_upload,1,0.541616,6.423788
round_3,product_isea4h,datasets[0].timings.units[0].workers[8],raster_worker,source.raster_open,1,0.018641,6.423788
round_3,product_isea4h,datasets[0].timings.units[0].workers[8],raster_worker,entity.tile_checksum,2,0.019738,6.423788
round_3,product_isea4h,datasets[0].timings.units[0].workers[8],raster_worker,grid.window_calculation,2,0.0008,6.423788
round_3,product_isea4h,datasets[0].timings.units[0].workers[9],raster_worker,grid.cover,1,4.937519,5.578403
round_3,product_isea4h,datasets[0].timings.units[0].workers[9],raster_worker,source.cache,1,0.000248,5.578403
round_3,product_isea4h,datasets[0].timings.units[0].workers[9],raster_worker,grid.geometry,1,0.000932,5.578403
round_3,product_isea4h,datasets[0].timings.units[0].workers[9],raster_worker,minio.tile_stat,1,0.008065,5.578403
round_3,product_isea4h,datasets[0].timings.units[0].workers[9],raster_worker,source.checksum,1,0.004809,5.578403
round_3,product_isea4h,datasets[0].timings.units[0].workers[9],raster_worker,source.download,1,0.0,5.578403
round_3,product_isea4h,datasets[0].timings.units[0].workers[9],raster_worker,entity.tile_mask,1,0.182374,5.578403
round_3,product_isea4h,datasets[0].timings.units[0].workers[9],raster_worker,entity.tile_write,1,0.41074,5.578403
round_3,product_isea4h,datasets[0].timings.units[0].workers[9],raster_worker,source.raster_open,1,0.017749,5.578403
round_3,product_isea4h,datasets[0].timings.units[0].workers[9],raster_worker,entity.tile_checksum,1,0.011858,5.578403
round_3,product_isea4h,datasets[0].timings.units[0].workers[9],raster_worker,grid.window_calculation,1,0.000354,5.578403
round_3,product_isea4h,datasets[0].timings.units[0].workers[10],raster_worker,grid.cover,1,4.689961,6.466206
round_3,product_isea4h,datasets[0].timings.units[0].workers[10],raster_worker,source.cache,1,0.000373,6.466206
round_3,product_isea4h,datasets[0].timings.units[0].workers[10],raster_worker,grid.geometry,1,0.000892,6.466206
round_3,product_isea4h,datasets[0].timings.units[0].workers[10],raster_worker,minio.tile_stat,1,0.023689,6.466206
round_3,product_isea4h,datasets[0].timings.units[0].workers[10],raster_worker,source.checksum,1,0.005087,6.466206
round_3,product_isea4h,datasets[0].timings.units[0].workers[10],raster_worker,source.download,1,0.0,6.466206
round_3,product_isea4h,datasets[0].timings.units[0].workers[10],raster_worker,entity.tile_mask,1,0.196548,6.466206
round_3,product_isea4h,datasets[0].timings.units[0].workers[10],raster_worker,entity.tile_write,1,0.461419,6.466206
round_3,product_isea4h,datasets[0].timings.units[0].workers[10],raster_worker,minio.tile_upload,1,1.043467,6.466206
round_3,product_isea4h,datasets[0].timings.units[0].workers[10],raster_worker,source.raster_open,1,0.027318,6.466206
round_3,product_isea4h,datasets[0].timings.units[0].workers[10],raster_worker,entity.tile_checksum,1,0.012894,6.466206
round_3,product_isea4h,datasets[0].timings.units[0].workers[10],raster_worker,grid.window_calculation,1,0.000347,6.466206
round_3,product_isea4h,datasets[0].timings.units[0].workers[11],raster_worker,grid.cover,1,4.673317,6.576808
round_3,product_isea4h,datasets[0].timings.units[0].workers[11],raster_worker,source.cache,1,0.000249,6.576808
round_3,product_isea4h,datasets[0].timings.units[0].workers[11],raster_worker,grid.geometry,2,0.002056,6.576808
round_3,product_isea4h,datasets[0].timings.units[0].workers[11],raster_worker,minio.tile_stat,2,0.011859,6.576808
round_3,product_isea4h,datasets[0].timings.units[0].workers[11],raster_worker,source.checksum,1,0.004602,6.576808
round_3,product_isea4h,datasets[0].timings.units[0].workers[11],raster_worker,source.download,1,0.0,6.576808
round_3,product_isea4h,datasets[0].timings.units[0].workers[11],raster_worker,entity.tile_mask,2,0.279865,6.576808
round_3,product_isea4h,datasets[0].timings.units[0].workers[11],raster_worker,entity.tile_write,2,0.753567,6.576808
round_3,product_isea4h,datasets[0].timings.units[0].workers[11],raster_worker,minio.tile_upload,1,0.806905,6.576808
round_3,product_isea4h,datasets[0].timings.units[0].workers[11],raster_worker,source.raster_open,1,0.017989,6.576808
round_3,product_isea4h,datasets[0].timings.units[0].workers[11],raster_worker,entity.tile_checksum,2,0.020641,6.576808
round_3,product_isea4h,datasets[0].timings.units[0].workers[11],raster_worker,grid.window_calculation,2,0.000644,6.576808
round_3,product_isea4h,datasets[0].timings.units[0].workers[12],raster_worker,grid.cover,1,4.738478,5.831543
round_3,product_isea4h,datasets[0].timings.units[0].workers[12],raster_worker,source.cache,1,0.000223,5.831543
round_3,product_isea4h,datasets[0].timings.units[0].workers[12],raster_worker,grid.geometry,2,0.001994,5.831543
round_3,product_isea4h,datasets[0].timings.units[0].workers[12],raster_worker,minio.tile_stat,2,0.011176,5.831543
round_3,product_isea4h,datasets[0].timings.units[0].workers[12],raster_worker,source.checksum,1,0.004497,5.831543
round_3,product_isea4h,datasets[0].timings.units[0].workers[12],raster_worker,source.download,1,0.0,5.831543
round_3,product_isea4h,datasets[0].timings.units[0].workers[12],raster_worker,entity.tile_mask,2,0.2327,5.831543
round_3,product_isea4h,datasets[0].timings.units[0].workers[12],raster_worker,entity.tile_write,2,0.605268,5.831543
round_3,product_isea4h,datasets[0].timings.units[0].workers[12],raster_worker,minio.tile_upload,1,0.199237,5.831543
round_3,product_isea4h,datasets[0].timings.units[0].workers[12],raster_worker,source.raster_open,1,0.017404,5.831543
round_3,product_isea4h,datasets[0].timings.units[0].workers[12],raster_worker,entity.tile_checksum,2,0.014987,5.831543
round_3,product_isea4h,datasets[0].timings.units[0].workers[12],raster_worker,grid.window_calculation,2,0.000626,5.831543
round_3,product_isea4h,datasets[0].timings.units[0].workers[13],raster_worker,grid.cover,1,4.766799,6.739127
round_3,product_isea4h,datasets[0].timings.units[0].workers[13],raster_worker,source.cache,1,0.000231,6.739127
round_3,product_isea4h,datasets[0].timings.units[0].workers[13],raster_worker,grid.geometry,3,0.003264,6.739127
round_3,product_isea4h,datasets[0].timings.units[0].workers[13],raster_worker,minio.tile_stat,3,0.230862,6.739127
round_3,product_isea4h,datasets[0].timings.units[0].workers[13],raster_worker,source.checksum,1,0.004658,6.739127
round_3,product_isea4h,datasets[0].timings.units[0].workers[13],raster_worker,source.download,1,0.0,6.739127
round_3,product_isea4h,datasets[0].timings.units[0].workers[13],raster_worker,entity.tile_mask,3,0.398741,6.739127
round_3,product_isea4h,datasets[0].timings.units[0].workers[13],raster_worker,entity.tile_write,3,1.266333,6.739127
round_3,product_isea4h,datasets[0].timings.units[0].workers[13],raster_worker,source.raster_open,1,0.022154,6.739127
round_3,product_isea4h,datasets[0].timings.units[0].workers[13],raster_worker,entity.tile_checksum,3,0.038438,6.739127
round_3,product_isea4h,datasets[0].timings.units[0].workers[13],raster_worker,grid.window_calculation,3,0.000923,6.739127
round_3,product_isea4h,datasets[0].timings.units[0].workers[14],raster_worker,grid.cover,1,4.561408,6.122177
round_3,product_isea4h,datasets[0].timings.units[0].workers[14],raster_worker,source.cache,1,0.000231,6.122177
round_3,product_isea4h,datasets[0].timings.units[0].workers[14],raster_worker,grid.geometry,2,0.002026,6.122177
round_3,product_isea4h,datasets[0].timings.units[0].workers[14],raster_worker,minio.tile_stat,2,0.296972,6.122177
round_3,product_isea4h,datasets[0].timings.units[0].workers[14],raster_worker,source.checksum,1,0.00446,6.122177
round_3,product_isea4h,datasets[0].timings.units[0].workers[14],raster_worker,source.download,1,0.0,6.122177
round_3,product_isea4h,datasets[0].timings.units[0].workers[14],raster_worker,entity.tile_mask,2,0.317153,6.122177
round_3,product_isea4h,datasets[0].timings.units[0].workers[14],raster_worker,entity.tile_write,2,0.868802,6.122177
round_3,product_isea4h,datasets[0].timings.units[0].workers[14],raster_worker,source.raster_open,1,0.017664,6.122177
round_3,product_isea4h,datasets[0].timings.units[0].workers[14],raster_worker,entity.tile_checksum,2,0.047703,6.122177
round_3,product_isea4h,datasets[0].timings.units[0].workers[14],raster_worker,grid.window_calculation,2,0.000614,6.122177
round_3,product_isea4h,datasets[0].timings.units[0].workers[15],raster_worker,grid.cover,1,4.593531,6.299955
round_3,product_isea4h,datasets[0].timings.units[0].workers[15],raster_worker,source.cache,1,0.000219,6.299955
round_3,product_isea4h,datasets[0].timings.units[0].workers[15],raster_worker,grid.geometry,3,0.003062,6.299955
round_3,product_isea4h,datasets[0].timings.units[0].workers[15],raster_worker,minio.tile_stat,3,0.204279,6.299955
round_3,product_isea4h,datasets[0].timings.units[0].workers[15],raster_worker,source.checksum,1,0.004629,6.299955
round_3,product_isea4h,datasets[0].timings.units[0].workers[15],raster_worker,source.download,1,0.0,6.299955
round_3,product_isea4h,datasets[0].timings.units[0].workers[15],raster_worker,entity.tile_mask,3,0.353079,6.299955
round_3,product_isea4h,datasets[0].timings.units[0].workers[15],raster_worker,entity.tile_write,3,1.011868,6.299955
round_3,product_isea4h,datasets[0].timings.units[0].workers[15],raster_worker,minio.tile_upload,1,0.063609,6.299955
round_3,product_isea4h,datasets[0].timings.units[0].workers[15],raster_worker,source.raster_open,1,0.017213,6.299955
round_3,product_isea4h,datasets[0].timings.units[0].workers[15],raster_worker,entity.tile_checksum,3,0.040672,6.299955
round_3,product_isea4h,datasets[0].timings.units[0].workers[15],raster_worker,grid.window_calculation,3,0.000923,6.299955
round_3,product_isea4h,datasets[0].timings.units[0].source_preflight,source_preflight,minio.stat,1,0.153976,9.0988
round_3,product_isea4h,datasets[0].timings.workflow,workflow_dataset,runner.execute,1,9.099566,9.148894
round_3,product_isea4h,datasets[0].timings.workflow,workflow_dataset,opengauss.start_output,1,0.022809,9.148894
round_3,product_isea4h,datasets[0].timings.workflow,workflow_dataset,opengauss.complete_output,1,0.02504,9.148894
round_3,carbon_isea4h,timings.job_driver,ray_job_driver,workflow.run,1,2.188685,2.339505
round_3,carbon_isea4h,timings.job_driver,ray_job_driver,driver.bootstrap,1,0.146154,2.339505
round_3,carbon_isea4h,timings.job_driver,ray_job_driver,task.start_attempt,1,0.003944,2.339505
round_3,carbon_isea4h,datasets[0].timings.units[0].driver,carbon_driver,ray.init,1,0.080145,1.815488
round_3,carbon_isea4h,datasets[0].timings.units[0].driver,carbon_driver,ray.wait_get,1,1.686554,1.815488
round_3,carbon_isea4h,datasets[0].timings.units[0].driver,carbon_driver,ray.task_submit,1,0.048638,1.815488
round_3,carbon_isea4h,datasets[0].timings.units[0].driver,carbon_driver,driver.result_merge,1,3e-06,1.815488
round_3,carbon_isea4h,datasets[0].timings.units[0].workers[0],carbon_worker,grid.locate,1,0.001399,0.248072
round_3,carbon_isea4h,datasets[0].timings.units[0].workers[0],carbon_worker,source.cache,1,0.107594,0.248072
round_3,carbon_isea4h,datasets[0].timings.units[0].workers[0],carbon_worker,grid.geometry,1,0.000733,0.248072
round_3,carbon_isea4h,datasets[0].timings.units[0].workers[0],carbon_worker,source.checksum,1,0.055684,0.248072
round_3,carbon_isea4h,datasets[0].timings.units[0].workers[0],carbon_worker,source.download,1,0.107107,0.248072
round_3,carbon_isea4h,datasets[0].timings.units[0].workers[0],carbon_worker,carbon.observation_load,1,0.078366,0.248072
round_3,carbon_isea4h,datasets[0].timings.units[0].workers[0],carbon_worker,carbon.measurement_partition,1,0.000113,0.248072
round_3,carbon_isea4h,datasets[0].timings.units[0].workers[0],carbon_worker,carbon.partition_observation,1,0.003734,0.248072
round_3,carbon_isea4h,datasets[0].timings.units[0].source_preflight,source_preflight,minio.stat,1,0.153008,2.153641
round_3,carbon_isea4h,datasets[0].timings.workflow,workflow_dataset,runner.execute,1,2.154361,2.188326
round_3,carbon_isea4h,datasets[0].timings.workflow,workflow_dataset,opengauss.start_output,1,0.011419,2.188326
round_3,carbon_isea4h,datasets[0].timings.workflow,workflow_dataset,opengauss.complete_output,1,0.020282,2.188326
round_4,optical_geohash,timings.job_driver,ray_job_driver,workflow.run,1,4.829038,4.97609
round_4,optical_geohash,timings.job_driver,ray_job_driver,driver.bootstrap,1,0.142516,4.97609
round_4,optical_geohash,timings.job_driver,ray_job_driver,task.start_attempt,1,0.003791,4.97609
round_4,optical_geohash,datasets[0].timings.units[0].driver,logical_batch_driver,ray.init,1,0.072944,1.484685
round_4,optical_geohash,datasets[0].timings.units[0].driver,logical_batch_driver,ray.wait,2,1.365783,1.484685
round_4,optical_geohash,datasets[0].timings.units[0].driver,logical_batch_driver,ray.result_get,1,0.000352,1.484685
round_4,optical_geohash,datasets[0].timings.units[0].driver,logical_batch_driver,ray.task_submit,1,0.040673,1.484685
round_4,optical_geohash,datasets[0].timings.units[0].driver,logical_batch_driver,ray.task_prepare,2,0.000269,1.484685
round_4,optical_geohash,datasets[0].timings.units[0].driver,logical_batch_driver,driver.result_merge,1,5e-06,1.484685
round_4,optical_geohash,datasets[0].timings.units[0].workers[0],logical_worker,grid.cover,4,0.01003,0.16573
round_4,optical_geohash,datasets[0].timings.units[0].workers[0],logical_worker,grid.geometry,35,0.00028,0.16573
round_4,optical_geohash,datasets[0].timings.units[0].workers[0],logical_worker,minio.chunk_stat,1,0.007133,0.16573
round_4,optical_geohash,datasets[0].timings.units[0].workers[0],logical_worker,minio.chunk_upload,1,0.044714,0.16573
round_4,optical_geohash,datasets[0].timings.units[0].workers[0],logical_worker,logical.row_generation,4,0.002632,0.16573
round_4,optical_geohash,datasets[0].timings.units[0].workers[0],logical_worker,logical.chunk_serialize,1,0.002741,0.16573
round_4,optical_geohash,datasets[0].timings.units[0].workers[0],logical_worker,opengauss.logical_stage,1,0.097933,0.16573
round_4,optical_geohash,datasets[0].timings.units[0].source_preflight,source_preflight,minio.stat,1,0.149706,1.825661
round_4,optical_geohash,datasets[0].timings.units[1].driver,logical_batch_driver,ray.wait,2,1.407888,1.420373
round_4,optical_geohash,datasets[0].timings.units[1].driver,logical_batch_driver,ray.result_get,1,0.000314,1.420373
round_4,optical_geohash,datasets[0].timings.units[1].driver,logical_batch_driver,ray.task_submit,1,0.007807,1.420373
round_4,optical_geohash,datasets[0].timings.units[1].driver,logical_batch_driver,ray.task_prepare,2,0.000242,1.420373
round_4,optical_geohash,datasets[0].timings.units[1].driver,logical_batch_driver,driver.result_merge,1,6e-06,1.420373
round_4,optical_geohash,datasets[0].timings.units[1].workers[0],logical_worker,grid.cover,4,0.008801,0.15573
round_4,optical_geohash,datasets[0].timings.units[1].workers[0],logical_worker,grid.geometry,35,0.000307,0.15573
round_4,optical_geohash,datasets[0].timings.units[1].workers[0],logical_worker,minio.chunk_stat,1,0.007629,0.15573
round_4,optical_geohash,datasets[0].timings.units[1].workers[0],logical_worker,minio.chunk_upload,1,0.029633,0.15573
round_4,optical_geohash,datasets[0].timings.units[1].workers[0],logical_worker,logical.row_generation,4,0.002837,0.15573
round_4,optical_geohash,datasets[0].timings.units[1].workers[0],logical_worker,logical.chunk_serialize,1,0.002945,0.15573
round_4,optical_geohash,datasets[0].timings.units[1].workers[0],logical_worker,opengauss.logical_stage,1,0.103198,0.15573
round_4,optical_geohash,datasets[0].timings.units[1].source_preflight,source_preflight,minio.stat,1,0.006728,1.427229
round_4,optical_geohash,datasets[0].timings.units[2].driver,logical_batch_driver,ray.wait,2,1.339734,1.352006
round_4,optical_geohash,datasets[0].timings.units[2].driver,logical_batch_driver,ray.result_get,1,0.000299,1.352006
round_4,optical_geohash,datasets[0].timings.units[2].driver,logical_batch_driver,ray.task_submit,1,0.007731,1.352006
round_4,optical_geohash,datasets[0].timings.units[2].driver,logical_batch_driver,ray.task_prepare,2,0.00024,1.352006
round_4,optical_geohash,datasets[0].timings.units[2].driver,logical_batch_driver,driver.result_merge,1,5e-06,1.352006
round_4,optical_geohash,datasets[0].timings.units[2].workers[0],logical_worker,grid.cover,4,0.008279,0.146457
round_4,optical_geohash,datasets[0].timings.units[2].workers[0],logical_worker,grid.geometry,35,0.000285,0.146457
round_4,optical_geohash,datasets[0].timings.units[2].workers[0],logical_worker,minio.chunk_stat,1,0.006977,0.146457
round_4,optical_geohash,datasets[0].timings.units[2].workers[0],logical_worker,minio.chunk_upload,1,0.027586,0.146457
round_4,optical_geohash,datasets[0].timings.units[2].workers[0],logical_worker,logical.row_generation,4,0.002542,0.146457
round_4,optical_geohash,datasets[0].timings.units[2].workers[0],logical_worker,logical.chunk_serialize,1,0.002685,0.146457
round_4,optical_geohash,datasets[0].timings.units[2].workers[0],logical_worker,opengauss.logical_stage,1,0.097884,0.146457
round_4,optical_geohash,datasets[0].timings.units[2].source_preflight,source_preflight,minio.stat,1,0.006512,1.358643
round_4,optical_geohash,datasets[0].timings.units[3].driver,logical_batch_driver,ray.wait,1,0.077261,0.088422
round_4,optical_geohash,datasets[0].timings.units[3].driver,logical_batch_driver,ray.result_get,1,0.000233,0.088422
round_4,optical_geohash,datasets[0].timings.units[3].driver,logical_batch_driver,ray.task_submit,1,0.008652,0.088422
round_4,optical_geohash,datasets[0].timings.units[3].driver,logical_batch_driver,ray.task_prepare,2,0.000244,0.088422
round_4,optical_geohash,datasets[0].timings.units[3].driver,logical_batch_driver,driver.result_merge,1,4e-06,0.088422
round_4,optical_geohash,datasets[0].timings.units[3].workers[0],logical_worker,grid.cover,4,0.008312,0.072592
round_4,optical_geohash,datasets[0].timings.units[3].workers[0],logical_worker,grid.geometry,35,0.00027,0.072592
round_4,optical_geohash,datasets[0].timings.units[3].workers[0],logical_worker,minio.chunk_stat,1,0.005361,0.072592
round_4,optical_geohash,datasets[0].timings.units[3].workers[0],logical_worker,minio.chunk_upload,1,0.022016,0.072592
round_4,optical_geohash,datasets[0].timings.units[3].workers[0],logical_worker,logical.row_generation,4,0.002445,0.072592
round_4,optical_geohash,datasets[0].timings.units[3].workers[0],logical_worker,logical.chunk_serialize,1,0.002713,0.072592
round_4,optical_geohash,datasets[0].timings.units[3].workers[0],logical_worker,opengauss.logical_stage,1,0.030922,0.072592
round_4,optical_geohash,datasets[0].timings.units[3].source_preflight,source_preflight,minio.stat,1,0.006107,0.094656
round_4,optical_geohash,datasets[0].timings.workflow,workflow_dataset,runner.execute,1,4.709009,4.828679
round_4,optical_geohash,datasets[0].timings.workflow,workflow_dataset,opengauss.start_output,1,0.015043,4.828679
round_4,optical_geohash,datasets[0].timings.workflow,workflow_dataset,opengauss.complete_output,1,0.014898,4.828679
round_4,optical_geohash,datasets[0].timings.workflow,workflow_dataset,opengauss.record_output_chunks,1,0.00916,4.828679
round_4,optical_geohash,datasets[0].timings.workflow,workflow_dataset,opengauss.verify_output_chunks,1,0.032435,4.828679
round_4,optical_geohash,datasets[0].timings.workflow,workflow_dataset,opengauss.promote_logical_staging,1,0.046399,4.828679
round_4,optical_mgrs,timings.job_driver,ray_job_driver,workflow.run,1,4.887982,5.035702
round_4,optical_mgrs,timings.job_driver,ray_job_driver,driver.bootstrap,1,0.1426,5.035702
round_4,optical_mgrs,timings.job_driver,ray_job_driver,task.start_attempt,1,0.004465,5.035702
round_4,optical_mgrs,datasets[0].timings.units[0].driver,logical_batch_driver,ray.init,1,0.070134,1.787919
round_4,optical_mgrs,datasets[0].timings.units[0].driver,logical_batch_driver,ray.wait,2,1.672537,1.787919
round_4,optical_mgrs,datasets[0].timings.units[0].driver,logical_batch_driver,ray.result_get,1,0.00033,1.787919
round_4,optical_mgrs,datasets[0].timings.units[0].driver,logical_batch_driver,ray.task_submit,1,0.040267,1.787919
round_4,optical_mgrs,datasets[0].timings.units[0].driver,logical_batch_driver,ray.task_prepare,2,0.000264,1.787919
round_4,optical_mgrs,datasets[0].timings.units[0].driver,logical_batch_driver,driver.result_merge,1,6e-06,1.787919
round_4,optical_mgrs,datasets[0].timings.units[0].workers[0],logical_worker,grid.cover,4,0.199885,0.476254
round_4,optical_mgrs,datasets[0].timings.units[0].workers[0],logical_worker,grid.geometry,165,0.020008,0.476254
round_4,optical_mgrs,datasets[0].timings.units[0].workers[0],logical_worker,minio.chunk_stat,1,0.006537,0.476254
round_4,optical_mgrs,datasets[0].timings.units[0].workers[0],logical_worker,minio.chunk_upload,1,0.040382,0.476254
round_4,optical_mgrs,datasets[0].timings.units[0].workers[0],logical_worker,logical.row_generation,4,0.029737,0.476254
round_4,optical_mgrs,datasets[0].timings.units[0].workers[0],logical_worker,logical.chunk_serialize,1,0.052564,0.476254
round_4,optical_mgrs,datasets[0].timings.units[0].workers[0],logical_worker,opengauss.logical_stage,1,0.14626,0.476254
round_4,optical_mgrs,datasets[0].timings.units[0].source_preflight,source_preflight,minio.stat,1,0.14691,2.123477
round_4,optical_mgrs,datasets[0].timings.units[1].driver,logical_batch_driver,ray.wait,2,1.667951,1.680666
round_4,optical_mgrs,datasets[0].timings.units[1].driver,logical_batch_driver,ray.result_get,1,0.000298,1.680666
round_4,optical_mgrs,datasets[0].timings.units[1].driver,logical_batch_driver,ray.task_submit,1,0.007961,1.680666
round_4,optical_mgrs,datasets[0].timings.units[1].driver,logical_batch_driver,ray.task_prepare,2,0.000248,1.680666
round_4,optical_mgrs,datasets[0].timings.units[1].driver,logical_batch_driver,driver.result_merge,1,7e-06,1.680666
round_4,optical_mgrs,datasets[0].timings.units[1].workers[0],logical_worker,grid.cover,4,0.193625,0.490148
round_4,optical_mgrs,datasets[0].timings.units[1].workers[0],logical_worker,grid.geometry,165,0.02021,0.490148
round_4,optical_mgrs,datasets[0].timings.units[1].workers[0],logical_worker,minio.chunk_stat,1,0.007238,0.490148
round_4,optical_mgrs,datasets[0].timings.units[1].workers[0],logical_worker,minio.chunk_upload,1,0.031821,0.490148
round_4,optical_mgrs,datasets[0].timings.units[1].workers[0],logical_worker,logical.row_generation,4,0.030042,0.490148
round_4,optical_mgrs,datasets[0].timings.units[1].workers[0],logical_worker,logical.chunk_serialize,1,0.048491,0.490148
round_4,optical_mgrs,datasets[0].timings.units[1].workers[0],logical_worker,opengauss.logical_stage,1,0.177841,0.490148
round_4,optical_mgrs,datasets[0].timings.units[1].source_preflight,source_preflight,minio.stat,1,0.006251,1.687024
round_4,optical_mgrs,datasets[0].timings.units[2].driver,logical_batch_driver,ray.wait,1,0.501147,0.512093
round_4,optical_mgrs,datasets[0].timings.units[2].driver,logical_batch_driver,ray.result_get,1,0.000303,0.512093
round_4,optical_mgrs,datasets[0].timings.units[2].driver,logical_batch_driver,ray.task_submit,1,0.008095,0.512093
round_4,optical_mgrs,datasets[0].timings.units[2].driver,logical_batch_driver,ray.task_prepare,2,0.000266,0.512093
round_4,optical_mgrs,datasets[0].timings.units[2].driver,logical_batch_driver,driver.result_merge,1,5e-06,0.512093
round_4,optical_mgrs,datasets[0].timings.units[2].workers[0],logical_worker,grid.cover,4,0.064082,0.496224
round_4,optical_mgrs,datasets[0].timings.units[2].workers[0],logical_worker,grid.geometry,165,0.022296,0.496224
round_4,optical_mgrs,datasets[0].timings.units[2].workers[0],logical_worker,minio.chunk_stat,1,0.005832,0.496224
round_4,optical_mgrs,datasets[0].timings.units[2].workers[0],logical_worker,minio.chunk_upload,1,0.024044,0.496224
round_4,optical_mgrs,datasets[0].timings.units[2].workers[0],logical_worker,logical.row_generation,4,0.032173,0.496224
round_4,optical_mgrs,datasets[0].timings.units[2].workers[0],logical_worker,logical.chunk_serialize,1,0.045147,0.496224
round_4,optical_mgrs,datasets[0].timings.units[2].workers[0],logical_worker,opengauss.logical_stage,1,0.323981,0.496224
round_4,optical_mgrs,datasets[0].timings.units[2].source_preflight,source_preflight,minio.stat,1,0.006431,0.51865
round_4,optical_mgrs,datasets[0].timings.units[3].driver,logical_batch_driver,ray.wait,1,0.253249,0.265086
round_4,optical_mgrs,datasets[0].timings.units[3].driver,logical_batch_driver,ray.result_get,1,0.000301,0.265086
round_4,optical_mgrs,datasets[0].timings.units[3].driver,logical_batch_driver,ray.task_submit,1,0.00809,0.265086
round_4,optical_mgrs,datasets[0].timings.units[3].driver,logical_batch_driver,ray.task_prepare,2,0.000272,0.265086
round_4,optical_mgrs,datasets[0].timings.units[3].driver,logical_batch_driver,driver.result_merge,1,6e-06,0.265086
round_4,optical_mgrs,datasets[0].timings.units[3].workers[0],logical_worker,grid.cover,4,0.062498,0.248657
round_4,optical_mgrs,datasets[0].timings.units[3].workers[0],logical_worker,grid.geometry,165,0.022135,0.248657
round_4,optical_mgrs,datasets[0].timings.units[3].workers[0],logical_worker,minio.chunk_stat,1,0.006599,0.248657
round_4,optical_mgrs,datasets[0].timings.units[3].workers[0],logical_worker,minio.chunk_upload,1,0.024822,0.248657
round_4,optical_mgrs,datasets[0].timings.units[3].workers[0],logical_worker,logical.row_generation,4,0.031783,0.248657
round_4,optical_mgrs,datasets[0].timings.units[3].workers[0],logical_worker,logical.chunk_serialize,1,0.047073,0.248657
round_4,optical_mgrs,datasets[0].timings.units[3].workers[0],logical_worker,opengauss.logical_stage,1,0.07484,0.248657
round_4,optical_mgrs,datasets[0].timings.units[3].source_preflight,source_preflight,minio.stat,1,0.007372,0.272615
round_4,optical_mgrs,datasets[0].timings.workflow,workflow_dataset,runner.execute,1,4.604408,4.887654
round_4,optical_mgrs,datasets[0].timings.workflow,workflow_dataset,opengauss.start_output,1,0.012898,4.887654
round_4,optical_mgrs,datasets[0].timings.workflow,workflow_dataset,opengauss.complete_output,1,0.023755,4.887654
round_4,optical_mgrs,datasets[0].timings.workflow,workflow_dataset,opengauss.record_output_chunks,1,0.009485,4.887654
round_4,optical_mgrs,datasets[0].timings.workflow,workflow_dataset,opengauss.verify_output_chunks,1,0.0625,4.887654
round_4,optical_mgrs,datasets[0].timings.workflow,workflow_dataset,opengauss.promote_logical_staging,1,0.173055,4.887654
round_4,optical_isea4h,timings.job_driver,ray_job_driver,workflow.run,1,19.382333,19.531856
round_4,optical_isea4h,timings.job_driver,ray_job_driver,driver.bootstrap,1,0.144957,19.531856
round_4,optical_isea4h,timings.job_driver,ray_job_driver,task.start_attempt,1,0.003746,19.531856
round_4,optical_isea4h,datasets[0].timings.units[0].driver,raster_driver,ray.init,1,0.072554,9.342427
round_4,optical_isea4h,datasets[0].timings.units[0].driver,raster_driver,ray.wait,24,9.162386,9.342427
round_4,optical_isea4h,datasets[0].timings.units[0].driver,raster_driver,ray.result_get,16,0.00558,9.342427
round_4,optical_isea4h,datasets[0].timings.units[0].driver,raster_driver,ray.task_submit,16,0.055825,9.342427
round_4,optical_isea4h,datasets[0].timings.units[0].driver,raster_driver,driver.result_merge,16,0.000132,9.342427
round_4,optical_isea4h,datasets[0].timings.units[0].workers[0],raster_worker,grid.cover,1,4.70614,6.615333
round_4,optical_isea4h,datasets[0].timings.units[0].workers[0],raster_worker,source.cache,1,0.000233,6.615333
round_4,optical_isea4h,datasets[0].timings.units[0].workers[0],raster_worker,grid.geometry,1,0.00076,6.615333
round_4,optical_isea4h,datasets[0].timings.units[0].workers[0],raster_worker,minio.tile_stat,1,0.009355,6.615333
round_4,optical_isea4h,datasets[0].timings.units[0].workers[0],raster_worker,source.checksum,1,0.049123,6.615333
round_4,optical_isea4h,datasets[0].timings.units[0].workers[0],raster_worker,source.download,1,0.0,6.615333
round_4,optical_isea4h,datasets[0].timings.units[0].workers[0],raster_worker,entity.tile_mask,1,0.878184,6.615333
round_4,optical_isea4h,datasets[0].timings.units[0].workers[0],raster_worker,entity.tile_write,1,0.789706,6.615333
round_4,optical_isea4h,datasets[0].timings.units[0].workers[0],raster_worker,minio.tile_upload,1,0.1661,6.615333
round_4,optical_isea4h,datasets[0].timings.units[0].workers[0],raster_worker,source.raster_open,1,0.010417,6.615333
round_4,optical_isea4h,datasets[0].timings.units[0].workers[0],raster_worker,entity.tile_checksum,1,0.003429,6.615333
round_4,optical_isea4h,datasets[0].timings.units[0].workers[0],raster_worker,grid.window_calculation,1,0.000286,6.615333
round_4,optical_isea4h,datasets[0].timings.units[0].workers[1],raster_worker,grid.cover,1,4.624792,6.637549
round_4,optical_isea4h,datasets[0].timings.units[0].workers[1],raster_worker,source.cache,1,0.000249,6.637549
round_4,optical_isea4h,datasets[0].timings.units[0].workers[1],raster_worker,grid.geometry,1,0.000795,6.637549
round_4,optical_isea4h,datasets[0].timings.units[0].workers[1],raster_worker,minio.tile_stat,1,0.006357,6.637549
round_4,optical_isea4h,datasets[0].timings.units[0].workers[1],raster_worker,source.checksum,1,0.047409,6.637549
round_4,optical_isea4h,datasets[0].timings.units[0].workers[1],raster_worker,source.download,1,0.0,6.637549
round_4,optical_isea4h,datasets[0].timings.units[0].workers[1],raster_worker,entity.tile_mask,1,0.885866,6.637549
round_4,optical_isea4h,datasets[0].timings.units[0].workers[1],raster_worker,entity.tile_write,1,0.758387,6.637549
round_4,optical_isea4h,datasets[0].timings.units[0].workers[1],raster_worker,minio.tile_upload,1,0.298149,6.637549
round_4,optical_isea4h,datasets[0].timings.units[0].workers[1],raster_worker,source.raster_open,1,0.010114,6.637549
round_4,optical_isea4h,datasets[0].timings.units[0].workers[1],raster_worker,entity.tile_checksum,1,0.003442,6.637549
round_4,optical_isea4h,datasets[0].timings.units[0].workers[1],raster_worker,grid.window_calculation,1,0.000319,6.637549
round_4,optical_isea4h,datasets[0].timings.units[0].workers[2],raster_worker,grid.cover,1,4.62571,6.620103
round_4,optical_isea4h,datasets[0].timings.units[0].workers[2],raster_worker,source.cache,1,0.000262,6.620103
round_4,optical_isea4h,datasets[0].timings.units[0].workers[2],raster_worker,grid.geometry,2,0.00181,6.620103
round_4,optical_isea4h,datasets[0].timings.units[0].workers[2],raster_worker,minio.tile_stat,2,0.015792,6.620103
round_4,optical_isea4h,datasets[0].timings.units[0].workers[2],raster_worker,source.checksum,1,0.047634,6.620103
round_4,optical_isea4h,datasets[0].timings.units[0].workers[2],raster_worker,source.download,1,0.0,6.620103
round_4,optical_isea4h,datasets[0].timings.units[0].workers[2],raster_worker,entity.tile_mask,2,0.967903,6.620103
round_4,optical_isea4h,datasets[0].timings.units[0].workers[2],raster_worker,entity.tile_write,2,0.883279,6.620103
round_4,optical_isea4h,datasets[0].timings.units[0].workers[2],raster_worker,minio.tile_upload,1,0.061297,6.620103
round_4,optical_isea4h,datasets[0].timings.units[0].workers[2],raster_worker,source.raster_open,1,0.010236,6.620103
round_4,optical_isea4h,datasets[0].timings.units[0].workers[2],raster_worker,entity.tile_checksum,2,0.003696,6.620103
round_4,optical_isea4h,datasets[0].timings.units[0].workers[2],raster_worker,grid.window_calculation,2,0.000536,6.620103
round_4,optical_isea4h,datasets[0].timings.units[0].workers[3],raster_worker,grid.cover,1,4.720991,6.707181
round_4,optical_isea4h,datasets[0].timings.units[0].workers[3],raster_worker,source.cache,1,0.000248,6.707181
round_4,optical_isea4h,datasets[0].timings.units[0].workers[3],raster_worker,grid.geometry,1,0.00078,6.707181
round_4,optical_isea4h,datasets[0].timings.units[0].workers[3],raster_worker,minio.tile_stat,1,0.243719,6.707181
round_4,optical_isea4h,datasets[0].timings.units[0].workers[3],raster_worker,source.checksum,1,0.048229,6.707181
round_4,optical_isea4h,datasets[0].timings.units[0].workers[3],raster_worker,source.download,1,0.0,6.707181
round_4,optical_isea4h,datasets[0].timings.units[0].workers[3],raster_worker,entity.tile_mask,1,0.914437,6.707181
round_4,optical_isea4h,datasets[0].timings.units[0].workers[3],raster_worker,entity.tile_write,1,0.763682,6.707181
round_4,optical_isea4h,datasets[0].timings.units[0].workers[3],raster_worker,source.raster_open,1,0.009753,6.707181
round_4,optical_isea4h,datasets[0].timings.units[0].workers[3],raster_worker,entity.tile_checksum,1,0.003439,6.707181
round_4,optical_isea4h,datasets[0].timings.units[0].workers[3],raster_worker,grid.window_calculation,1,0.000302,6.707181
round_4,optical_isea4h,datasets[0].timings.units[0].workers[4],raster_worker,grid.cover,1,4.707872,6.871991
round_4,optical_isea4h,datasets[0].timings.units[0].workers[4],raster_worker,source.cache,1,0.000241,6.871991
round_4,optical_isea4h,datasets[0].timings.units[0].workers[4],raster_worker,grid.geometry,1,0.000777,6.871991
round_4,optical_isea4h,datasets[0].timings.units[0].workers[4],raster_worker,minio.tile_stat,1,0.012668,6.871991
round_4,optical_isea4h,datasets[0].timings.units[0].workers[4],raster_worker,source.checksum,1,0.047723,6.871991
round_4,optical_isea4h,datasets[0].timings.units[0].workers[4],raster_worker,source.download,1,0.0,6.871991
round_4,optical_isea4h,datasets[0].timings.units[0].workers[4],raster_worker,entity.tile_mask,1,0.885014,6.871991
round_4,optical_isea4h,datasets[0].timings.units[0].workers[4],raster_worker,entity.tile_write,1,0.755114,6.871991
round_4,optical_isea4h,datasets[0].timings.units[0].workers[4],raster_worker,minio.tile_upload,1,0.447247,6.871991
round_4,optical_isea4h,datasets[0].timings.units[0].workers[4],raster_worker,source.raster_open,1,0.010004,6.871991
round_4,optical_isea4h,datasets[0].timings.units[0].workers[4],raster_worker,entity.tile_checksum,1,0.003424,6.871991
round_4,optical_isea4h,datasets[0].timings.units[0].workers[4],raster_worker,grid.window_calculation,1,0.00028,6.871991
round_4,optical_isea4h,datasets[0].timings.units[0].workers[5],raster_worker,grid.cover,1,4.635689,6.925841
round_4,optical_isea4h,datasets[0].timings.units[0].workers[5],raster_worker,source.cache,1,0.000362,6.925841
round_4,optical_isea4h,datasets[0].timings.units[0].workers[5],raster_worker,grid.geometry,1,0.000803,6.925841
round_4,optical_isea4h,datasets[0].timings.units[0].workers[5],raster_worker,minio.tile_stat,1,0.005904,6.925841
round_4,optical_isea4h,datasets[0].timings.units[0].workers[5],raster_worker,source.checksum,1,0.047856,6.925841
round_4,optical_isea4h,datasets[0].timings.units[0].workers[5],raster_worker,source.download,1,0.0,6.925841
round_4,optical_isea4h,datasets[0].timings.units[0].workers[5],raster_worker,entity.tile_mask,1,0.897079,6.925841
round_4,optical_isea4h,datasets[0].timings.units[0].workers[5],raster_worker,entity.tile_write,1,0.743269,6.925841
round_4,optical_isea4h,datasets[0].timings.units[0].workers[5],raster_worker,minio.tile_upload,1,0.578926,6.925841
round_4,optical_isea4h,datasets[0].timings.units[0].workers[5],raster_worker,source.raster_open,1,0.010684,6.925841
round_4,optical_isea4h,datasets[0].timings.units[0].workers[5],raster_worker,entity.tile_checksum,1,0.003447,6.925841
round_4,optical_isea4h,datasets[0].timings.units[0].workers[5],raster_worker,grid.window_calculation,1,0.000302,6.925841
round_4,optical_isea4h,datasets[0].timings.units[0].workers[6],raster_worker,grid.cover,1,4.547809,6.962087
round_4,optical_isea4h,datasets[0].timings.units[0].workers[6],raster_worker,source.cache,1,0.000329,6.962087
round_4,optical_isea4h,datasets[0].timings.units[0].workers[6],raster_worker,grid.geometry,2,0.001871,6.962087
round_4,optical_isea4h,datasets[0].timings.units[0].workers[6],raster_worker,minio.tile_stat,2,0.196589,6.962087
round_4,optical_isea4h,datasets[0].timings.units[0].workers[6],raster_worker,source.checksum,1,0.047644,6.962087
round_4,optical_isea4h,datasets[0].timings.units[0].workers[6],raster_worker,source.download,1,0.0,6.962087
round_4,optical_isea4h,datasets[0].timings.units[0].workers[6],raster_worker,entity.tile_mask,2,1.245562,6.962087
round_4,optical_isea4h,datasets[0].timings.units[0].workers[6],raster_worker,entity.tile_write,2,0.901434,6.962087
round_4,optical_isea4h,datasets[0].timings.units[0].workers[6],raster_worker,source.raster_open,1,0.014575,6.962087
round_4,optical_isea4h,datasets[0].timings.units[0].workers[6],raster_worker,entity.tile_checksum,2,0.003532,6.962087
round_4,optical_isea4h,datasets[0].timings.units[0].workers[6],raster_worker,grid.window_calculation,2,0.000538,6.962087
round_4,optical_isea4h,datasets[0].timings.units[0].workers[7],raster_worker,grid.cover,1,4.672129,6.968831
round_4,optical_isea4h,datasets[0].timings.units[0].workers[7],raster_worker,source.cache,1,0.000244,6.968831
round_4,optical_isea4h,datasets[0].timings.units[0].workers[7],raster_worker,grid.geometry,3,0.003124,6.968831
round_4,optical_isea4h,datasets[0].timings.units[0].workers[7],raster_worker,minio.tile_stat,3,0.01313,6.968831
round_4,optical_isea4h,datasets[0].timings.units[0].workers[7],raster_worker,source.checksum,1,0.054312,6.968831
round_4,optical_isea4h,datasets[0].timings.units[0].workers[7],raster_worker,source.download,1,0.0,6.968831
round_4,optical_isea4h,datasets[0].timings.units[0].workers[7],raster_worker,entity.tile_mask,3,1.051021,6.968831
round_4,optical_isea4h,datasets[0].timings.units[0].workers[7],raster_worker,entity.tile_write,3,0.960142,6.968831
round_4,optical_isea4h,datasets[0].timings.units[0].workers[7],raster_worker,minio.tile_upload,3,0.197042,6.968831
round_4,optical_isea4h,datasets[0].timings.units[0].workers[7],raster_worker,source.raster_open,1,0.010132,6.968831
round_4,optical_isea4h,datasets[0].timings.units[0].workers[7],raster_worker,entity.tile_checksum,3,0.00378,6.968831
round_4,optical_isea4h,datasets[0].timings.units[0].workers[7],raster_worker,grid.window_calculation,3,0.000831,6.968831
round_4,optical_isea4h,datasets[0].timings.units[0].workers[8],raster_worker,grid.cover,1,4.525317,6.257784
round_4,optical_isea4h,datasets[0].timings.units[0].workers[8],raster_worker,source.cache,1,0.000224,6.257784
round_4,optical_isea4h,datasets[0].timings.units[0].workers[8],raster_worker,grid.geometry,1,0.000772,6.257784
round_4,optical_isea4h,datasets[0].timings.units[0].workers[8],raster_worker,minio.tile_stat,1,0.011139,6.257784
round_4,optical_isea4h,datasets[0].timings.units[0].workers[8],raster_worker,source.checksum,1,0.048368,6.257784
round_4,optical_isea4h,datasets[0].timings.units[0].workers[8],raster_worker,source.download,1,0.0,6.257784
round_4,optical_isea4h,datasets[0].timings.units[0].workers[8],raster_worker,entity.tile_mask,1,0.897293,6.257784
round_4,optical_isea4h,datasets[0].timings.units[0].workers[8],raster_worker,entity.tile_write,1,0.759769,6.257784
round_4,optical_isea4h,datasets[0].timings.units[0].workers[8],raster_worker,source.raster_open,1,0.00952,6.257784
round_4,optical_isea4h,datasets[0].timings.units[0].workers[8],raster_worker,entity.tile_checksum,1,0.003489,6.257784
round_4,optical_isea4h,datasets[0].timings.units[0].workers[8],raster_worker,grid.window_calculation,1,0.000293,6.257784
round_4,optical_isea4h,datasets[0].timings.units[0].workers[9],raster_worker,grid.cover,1,5.176239,6.972633
round_4,optical_isea4h,datasets[0].timings.units[0].workers[9],raster_worker,source.cache,1,0.000274,6.972633
round_4,optical_isea4h,datasets[0].timings.units[0].workers[9],raster_worker,grid.geometry,1,0.000878,6.972633
round_4,optical_isea4h,datasets[0].timings.units[0].workers[9],raster_worker,minio.tile_stat,1,0.008985,6.972633
round_4,optical_isea4h,datasets[0].timings.units[0].workers[9],raster_worker,source.checksum,1,0.046969,6.972633
round_4,optical_isea4h,datasets[0].timings.units[0].workers[9],raster_worker,source.download,1,0.0,6.972633
round_4,optical_isea4h,datasets[0].timings.units[0].workers[9],raster_worker,entity.tile_mask,1,0.930122,6.972633
round_4,optical_isea4h,datasets[0].timings.units[0].workers[9],raster_worker,entity.tile_write,1,0.794081,6.972633
round_4,optical_isea4h,datasets[0].timings.units[0].workers[9],raster_worker,source.raster_open,1,0.009725,6.972633
round_4,optical_isea4h,datasets[0].timings.units[0].workers[9],raster_worker,entity.tile_checksum,1,0.00345,6.972633
round_4,optical_isea4h,datasets[0].timings.units[0].workers[9],raster_worker,grid.window_calculation,1,0.000309,6.972633
round_4,optical_isea4h,datasets[0].timings.units[0].workers[10],raster_worker,grid.cover,1,4.591726,6.491658
round_4,optical_isea4h,datasets[0].timings.units[0].workers[10],raster_worker,source.cache,1,0.000234,6.491658
round_4,optical_isea4h,datasets[0].timings.units[0].workers[10],raster_worker,grid.geometry,2,0.001895,6.491658
round_4,optical_isea4h,datasets[0].timings.units[0].workers[10],raster_worker,minio.tile_stat,2,0.014604,6.491658
round_4,optical_isea4h,datasets[0].timings.units[0].workers[10],raster_worker,source.checksum,1,0.046237,6.491658
round_4,optical_isea4h,datasets[0].timings.units[0].workers[10],raster_worker,source.download,1,0.0,6.491658
round_4,optical_isea4h,datasets[0].timings.units[0].workers[10],raster_worker,entity.tile_mask,2,0.96061,6.491658
round_4,optical_isea4h,datasets[0].timings.units[0].workers[10],raster_worker,entity.tile_write,2,0.860186,6.491658
round_4,optical_isea4h,datasets[0].timings.units[0].workers[10],raster_worker,source.raster_open,1,0.009954,6.491658
round_4,optical_isea4h,datasets[0].timings.units[0].workers[10],raster_worker,entity.tile_checksum,2,0.003524,6.491658
round_4,optical_isea4h,datasets[0].timings.units[0].workers[10],raster_worker,grid.window_calculation,2,0.000637,6.491658
round_4,optical_isea4h,datasets[0].timings.units[0].workers[11],raster_worker,grid.cover,1,4.630414,6.592119
round_4,optical_isea4h,datasets[0].timings.units[0].workers[11],raster_worker,source.cache,1,0.000243,6.592119
round_4,optical_isea4h,datasets[0].timings.units[0].workers[11],raster_worker,grid.geometry,2,0.002022,6.592119
round_4,optical_isea4h,datasets[0].timings.units[0].workers[11],raster_worker,minio.tile_stat,2,0.016036,6.592119
round_4,optical_isea4h,datasets[0].timings.units[0].workers[11],raster_worker,source.checksum,1,0.046807,6.592119
round_4,optical_isea4h,datasets[0].timings.units[0].workers[11],raster_worker,source.download,1,0.0,6.592119
round_4,optical_isea4h,datasets[0].timings.units[0].workers[11],raster_worker,entity.tile_mask,2,1.007405,6.592119
round_4,optical_isea4h,datasets[0].timings.units[0].workers[11],raster_worker,entity.tile_write,2,0.871697,6.592119
round_4,optical_isea4h,datasets[0].timings.units[0].workers[11],raster_worker,source.raster_open,1,0.009439,6.592119
round_4,optical_isea4h,datasets[0].timings.units[0].workers[11],raster_worker,entity.tile_checksum,2,0.005344,6.592119
round_4,optical_isea4h,datasets[0].timings.units[0].workers[11],raster_worker,grid.window_calculation,2,0.000595,6.592119
round_4,optical_isea4h,datasets[0].timings.units[0].workers[12],raster_worker,grid.cover,1,4.66731,7.347308
round_4,optical_isea4h,datasets[0].timings.units[0].workers[12],raster_worker,source.cache,1,0.000263,7.347308
round_4,optical_isea4h,datasets[0].timings.units[0].workers[12],raster_worker,grid.geometry,1,0.000806,7.347308
round_4,optical_isea4h,datasets[0].timings.units[0].workers[12],raster_worker,minio.tile_stat,1,0.878814,7.347308
round_4,optical_isea4h,datasets[0].timings.units[0].workers[12],raster_worker,source.checksum,1,0.053144,7.347308
round_4,optical_isea4h,datasets[0].timings.units[0].workers[12],raster_worker,source.download,1,0.0,7.347308
round_4,optical_isea4h,datasets[0].timings.units[0].workers[12],raster_worker,entity.tile_mask,1,0.96833,7.347308
round_4,optical_isea4h,datasets[0].timings.units[0].workers[12],raster_worker,entity.tile_write,1,0.763759,7.347308
round_4,optical_isea4h,datasets[0].timings.units[0].workers[12],raster_worker,source.raster_open,1,0.009364,7.347308
round_4,optical_isea4h,datasets[0].timings.units[0].workers[12],raster_worker,entity.tile_checksum,1,0.003466,7.347308
round_4,optical_isea4h,datasets[0].timings.units[0].workers[12],raster_worker,grid.window_calculation,1,0.000324,7.347308
round_4,optical_isea4h,datasets[0].timings.units[0].workers[13],raster_worker,grid.cover,1,4.527568,6.63567
round_4,optical_isea4h,datasets[0].timings.units[0].workers[13],raster_worker,source.cache,1,0.000232,6.63567
round_4,optical_isea4h,datasets[0].timings.units[0].workers[13],raster_worker,grid.geometry,3,0.002934,6.63567
round_4,optical_isea4h,datasets[0].timings.units[0].workers[13],raster_worker,minio.tile_stat,3,0.016204,6.63567
round_4,optical_isea4h,datasets[0].timings.units[0].workers[13],raster_worker,source.checksum,1,0.045281,6.63567
round_4,optical_isea4h,datasets[0].timings.units[0].workers[13],raster_worker,source.download,1,0.0,6.63567
round_4,optical_isea4h,datasets[0].timings.units[0].workers[13],raster_worker,entity.tile_mask,3,0.991654,6.63567
round_4,optical_isea4h,datasets[0].timings.units[0].workers[13],raster_worker,entity.tile_write,3,0.981986,6.63567
round_4,optical_isea4h,datasets[0].timings.units[0].workers[13],raster_worker,minio.tile_upload,1,0.051272,6.63567
round_4,optical_isea4h,datasets[0].timings.units[0].workers[13],raster_worker,source.raster_open,1,0.009589,6.63567
round_4,optical_isea4h,datasets[0].timings.units[0].workers[13],raster_worker,entity.tile_checksum,3,0.005418,6.63567
round_4,optical_isea4h,datasets[0].timings.units[0].workers[13],raster_worker,grid.window_calculation,3,0.000827,6.63567
round_4,optical_isea4h,datasets[0].timings.units[0].workers[14],raster_worker,grid.cover,1,4.631638,6.723476
round_4,optical_isea4h,datasets[0].timings.units[0].workers[14],raster_worker,source.cache,1,0.00025,6.723476
round_4,optical_isea4h,datasets[0].timings.units[0].workers[14],raster_worker,grid.geometry,3,0.002866,6.723476
round_4,optical_isea4h,datasets[0].timings.units[0].workers[14],raster_worker,minio.tile_stat,3,0.016766,6.723476
round_4,optical_isea4h,datasets[0].timings.units[0].workers[14],raster_worker,source.checksum,1,0.046716,6.723476
round_4,optical_isea4h,datasets[0].timings.units[0].workers[14],raster_worker,source.download,1,0.0,6.723476
round_4,optical_isea4h,datasets[0].timings.units[0].workers[14],raster_worker,entity.tile_mask,3,1.028022,6.723476
round_4,optical_isea4h,datasets[0].timings.units[0].workers[14],raster_worker,entity.tile_write,3,0.97923,6.723476
round_4,optical_isea4h,datasets[0].timings.units[0].workers[14],raster_worker,source.raster_open,1,0.009601,6.723476
round_4,optical_isea4h,datasets[0].timings.units[0].workers[14],raster_worker,entity.tile_checksum,3,0.00496,6.723476
round_4,optical_isea4h,datasets[0].timings.units[0].workers[14],raster_worker,grid.window_calculation,3,0.000863,6.723476
round_4,optical_isea4h,datasets[0].timings.units[0].workers[15],raster_worker,grid.cover,1,4.752452,6.873957
round_4,optical_isea4h,datasets[0].timings.units[0].workers[15],raster_worker,source.cache,1,0.00026,6.873957
round_4,optical_isea4h,datasets[0].timings.units[0].workers[15],raster_worker,grid.geometry,3,0.002917,6.873957
round_4,optical_isea4h,datasets[0].timings.units[0].workers[15],raster_worker,minio.tile_stat,3,0.018159,6.873957
round_4,optical_isea4h,datasets[0].timings.units[0].workers[15],raster_worker,source.checksum,1,0.048272,6.873957
round_4,optical_isea4h,datasets[0].timings.units[0].workers[15],raster_worker,source.download,1,0.0,6.873957
round_4,optical_isea4h,datasets[0].timings.units[0].workers[15],raster_worker,entity.tile_mask,3,1.018174,6.873957
round_4,optical_isea4h,datasets[0].timings.units[0].workers[15],raster_worker,entity.tile_write,3,1.014214,6.873957
round_4,optical_isea4h,datasets[0].timings.units[0].workers[15],raster_worker,source.raster_open,1,0.009468,6.873957
round_4,optical_isea4h,datasets[0].timings.units[0].workers[15],raster_worker,entity.tile_checksum,3,0.006759,6.873957
round_4,optical_isea4h,datasets[0].timings.units[0].workers[15],raster_worker,grid.window_calculation,3,0.000782,6.873957
round_4,optical_isea4h,datasets[0].timings.units[0].source_preflight,source_preflight,minio.stat,1,0.153738,9.687745
round_4,optical_isea4h,datasets[0].timings.units[1].driver,raster_driver,ray.wait,17,2.158473,2.204674
round_4,optical_isea4h,datasets[0].timings.units[1].driver,raster_driver,ray.result_get,16,0.004189,2.204674
round_4,optical_isea4h,datasets[0].timings.units[1].driver,raster_driver,ray.task_submit,16,0.016239,2.204674
round_4,optical_isea4h,datasets[0].timings.units[1].driver,raster_driver,driver.result_merge,16,0.000103,2.204674
round_4,optical_isea4h,datasets[0].timings.units[1].workers[0],raster_worker,grid.cover,1,0.007404,1.584678
round_4,optical_isea4h,datasets[0].timings.units[1].workers[0],raster_worker,source.cache,1,0.000845,1.584678
round_4,optical_isea4h,datasets[0].timings.units[1].workers[0],raster_worker,grid.geometry,1,0.000735,1.584678
round_4,optical_isea4h,datasets[0].timings.units[1].workers[0],raster_worker,minio.tile_stat,1,0.009949,1.584678
round_4,optical_isea4h,datasets[0].timings.units[1].workers[0],raster_worker,source.checksum,1,0.034214,1.584678
round_4,optical_isea4h,datasets[0].timings.units[1].workers[0],raster_worker,source.download,1,0.0,1.584678
round_4,optical_isea4h,datasets[0].timings.units[1].workers[0],raster_worker,entity.tile_mask,1,0.866228,1.584678
round_4,optical_isea4h,datasets[0].timings.units[1].workers[0],raster_worker,entity.tile_write,1,0.593633,1.584678
round_4,optical_isea4h,datasets[0].timings.units[1].workers[0],raster_worker,minio.tile_upload,1,0.066974,1.584678
round_4,optical_isea4h,datasets[0].timings.units[1].workers[0],raster_worker,source.raster_open,1,0.001012,1.584678
round_4,optical_isea4h,datasets[0].timings.units[1].workers[0],raster_worker,entity.tile_checksum,1,0.002125,1.584678
round_4,optical_isea4h,datasets[0].timings.units[1].workers[0],raster_worker,grid.window_calculation,1,0.000211,1.584678
round_4,optical_isea4h,datasets[0].timings.units[1].workers[1],raster_worker,grid.cover,1,0.007714,1.59719
round_4,optical_isea4h,datasets[0].timings.units[1].workers[1],raster_worker,source.cache,1,0.00034,1.59719
round_4,optical_isea4h,datasets[0].timings.units[1].workers[1],raster_worker,grid.geometry,1,0.000959,1.59719
round_4,optical_isea4h,datasets[0].timings.units[1].workers[1],raster_worker,minio.tile_stat,1,0.010067,1.59719
round_4,optical_isea4h,datasets[0].timings.units[1].workers[1],raster_worker,source.checksum,1,0.109247,1.59719
round_4,optical_isea4h,datasets[0].timings.units[1].workers[1],raster_worker,source.download,1,0.0,1.59719
round_4,optical_isea4h,datasets[0].timings.units[1].workers[1],raster_worker,entity.tile_mask,1,0.864391,1.59719
round_4,optical_isea4h,datasets[0].timings.units[1].workers[1],raster_worker,entity.tile_write,1,0.599145,1.59719
round_4,optical_isea4h,datasets[0].timings.units[1].workers[1],raster_worker,source.raster_open,1,0.001364,1.59719
round_4,optical_isea4h,datasets[0].timings.units[1].workers[1],raster_worker,entity.tile_checksum,1,0.002169,1.59719
round_4,optical_isea4h,datasets[0].timings.units[1].workers[1],raster_worker,grid.window_calculation,1,0.000258,1.59719
round_4,optical_isea4h,datasets[0].timings.units[1].workers[2],raster_worker,grid.cover,1,0.00441,1.706252
round_4,optical_isea4h,datasets[0].timings.units[1].workers[2],raster_worker,source.cache,1,0.000272,1.706252
round_4,optical_isea4h,datasets[0].timings.units[1].workers[2],raster_worker,grid.geometry,1,0.0007,1.706252
round_4,optical_isea4h,datasets[0].timings.units[1].workers[2],raster_worker,minio.tile_stat,1,0.176303,1.706252
round_4,optical_isea4h,datasets[0].timings.units[1].workers[2],raster_worker,source.checksum,1,0.035882,1.706252
round_4,optical_isea4h,datasets[0].timings.units[1].workers[2],raster_worker,source.download,1,0.0,1.706252
round_4,optical_isea4h,datasets[0].timings.units[1].workers[2],raster_worker,entity.tile_mask,1,0.889632,1.706252
round_4,optical_isea4h,datasets[0].timings.units[1].workers[2],raster_worker,entity.tile_write,1,0.594432,1.706252
round_4,optical_isea4h,datasets[0].timings.units[1].workers[2],raster_worker,source.raster_open,1,0.001028,1.706252
round_4,optical_isea4h,datasets[0].timings.units[1].workers[2],raster_worker,entity.tile_checksum,1,0.002128,1.706252
round_4,optical_isea4h,datasets[0].timings.units[1].workers[2],raster_worker,grid.window_calculation,1,0.00019,1.706252
round_4,optical_isea4h,datasets[0].timings.units[1].workers[3],raster_worker,grid.cover,1,0.009802,1.726734
round_4,optical_isea4h,datasets[0].timings.units[1].workers[3],raster_worker,source.cache,1,0.000481,1.726734
round_4,optical_isea4h,datasets[0].timings.units[1].workers[3],raster_worker,grid.geometry,1,0.000801,1.726734
round_4,optical_isea4h,datasets[0].timings.units[1].workers[3],raster_worker,minio.tile_stat,1,0.149621,1.726734
round_4,optical_isea4h,datasets[0].timings.units[1].workers[3],raster_worker,source.checksum,1,0.119901,1.726734
round_4,optical_isea4h,datasets[0].timings.units[1].workers[3],raster_worker,source.download,1,0.0,1.726734
round_4,optical_isea4h,datasets[0].timings.units[1].workers[3],raster_worker,entity.tile_mask,1,0.869118,1.726734
round_4,optical_isea4h,datasets[0].timings.units[1].workers[3],raster_worker,entity.tile_write,1,0.571775,1.726734
round_4,optical_isea4h,datasets[0].timings.units[1].workers[3],raster_worker,source.raster_open,1,0.001405,1.726734
round_4,optical_isea4h,datasets[0].timings.units[1].workers[3],raster_worker,entity.tile_checksum,1,0.002125,1.726734
round_4,optical_isea4h,datasets[0].timings.units[1].workers[3],raster_worker,grid.window_calculation,1,0.000207,1.726734
round_4,optical_isea4h,datasets[0].timings.units[1].workers[4],raster_worker,grid.cover,1,0.009632,1.749846
round_4,optical_isea4h,datasets[0].timings.units[1].workers[4],raster_worker,source.cache,1,0.000425,1.749846
round_4,optical_isea4h,datasets[0].timings.units[1].workers[4],raster_worker,grid.geometry,1,0.000857,1.749846
round_4,optical_isea4h,datasets[0].timings.units[1].workers[4],raster_worker,minio.tile_stat,1,0.200002,1.749846
round_4,optical_isea4h,datasets[0].timings.units[1].workers[4],raster_worker,source.checksum,1,0.106077,1.749846
round_4,optical_isea4h,datasets[0].timings.units[1].workers[4],raster_worker,source.download,1,0.0,1.749846
round_4,optical_isea4h,datasets[0].timings.units[1].workers[4],raster_worker,entity.tile_mask,1,0.841057,1.749846
round_4,optical_isea4h,datasets[0].timings.units[1].workers[4],raster_worker,entity.tile_write,1,0.586593,1.749846
round_4,optical_isea4h,datasets[0].timings.units[1].workers[4],raster_worker,source.raster_open,1,0.001344,1.749846
round_4,optical_isea4h,datasets[0].timings.units[1].workers[4],raster_worker,entity.tile_checksum,1,0.002139,1.749846
round_4,optical_isea4h,datasets[0].timings.units[1].workers[4],raster_worker,grid.window_calculation,1,0.000235,1.749846
round_4,optical_isea4h,datasets[0].timings.units[1].workers[5],raster_worker,grid.cover,1,0.00621,1.776811
round_4,optical_isea4h,datasets[0].timings.units[1].workers[5],raster_worker,source.cache,1,0.00024,1.776811
round_4,optical_isea4h,datasets[0].timings.units[1].workers[5],raster_worker,grid.geometry,1,0.000799,1.776811
round_4,optical_isea4h,datasets[0].timings.units[1].workers[5],raster_worker,minio.tile_stat,1,0.221726,1.776811
round_4,optical_isea4h,datasets[0].timings.units[1].workers[5],raster_worker,source.checksum,1,0.097567,1.776811
round_4,optical_isea4h,datasets[0].timings.units[1].workers[5],raster_worker,source.download,1,0.0,1.776811
round_4,optical_isea4h,datasets[0].timings.units[1].workers[5],raster_worker,entity.tile_mask,1,0.871895,1.776811
round_4,optical_isea4h,datasets[0].timings.units[1].workers[5],raster_worker,entity.tile_write,1,0.573816,1.776811
round_4,optical_isea4h,datasets[0].timings.units[1].workers[5],raster_worker,source.raster_open,1,0.000909,1.776811
round_4,optical_isea4h,datasets[0].timings.units[1].workers[5],raster_worker,entity.tile_checksum,1,0.00224,1.776811
round_4,optical_isea4h,datasets[0].timings.units[1].workers[5],raster_worker,grid.window_calculation,1,0.00019,1.776811
round_4,optical_isea4h,datasets[0].timings.units[1].workers[6],raster_worker,grid.cover,1,0.006695,1.806674
round_4,optical_isea4h,datasets[0].timings.units[1].workers[6],raster_worker,source.cache,1,0.000302,1.806674
round_4,optical_isea4h,datasets[0].timings.units[1].workers[6],raster_worker,grid.geometry,2,0.001825,1.806674
round_4,optical_isea4h,datasets[0].timings.units[1].workers[6],raster_worker,minio.tile_stat,2,0.012585,1.806674
round_4,optical_isea4h,datasets[0].timings.units[1].workers[6],raster_worker,source.checksum,1,0.037409,1.806674
round_4,optical_isea4h,datasets[0].timings.units[1].workers[6],raster_worker,source.download,1,0.0,1.806674
round_4,optical_isea4h,datasets[0].timings.units[1].workers[6],raster_worker,entity.tile_mask,2,0.975147,1.806674
round_4,optical_isea4h,datasets[0].timings.units[1].workers[6],raster_worker,entity.tile_write,2,0.71676,1.806674
round_4,optical_isea4h,datasets[0].timings.units[1].workers[6],raster_worker,minio.tile_upload,1,0.050419,1.806674
round_4,optical_isea4h,datasets[0].timings.units[1].workers[6],raster_worker,source.raster_open,1,0.001004,1.806674
round_4,optical_isea4h,datasets[0].timings.units[1].workers[6],raster_worker,entity.tile_checksum,2,0.002332,1.806674
round_4,optical_isea4h,datasets[0].timings.units[1].workers[6],raster_worker,grid.window_calculation,2,0.000448,1.806674
round_4,optical_isea4h,datasets[0].timings.units[1].workers[7],raster_worker,grid.cover,1,0.007087,1.828505
round_4,optical_isea4h,datasets[0].timings.units[1].workers[7],raster_worker,source.cache,1,0.000495,1.828505
round_4,optical_isea4h,datasets[0].timings.units[1].workers[7],raster_worker,grid.geometry,1,0.001236,1.828505
round_4,optical_isea4h,datasets[0].timings.units[1].workers[7],raster_worker,minio.tile_stat,1,0.283589,1.828505
round_4,optical_isea4h,datasets[0].timings.units[1].workers[7],raster_worker,source.checksum,1,0.092526,1.828505
round_4,optical_isea4h,datasets[0].timings.units[1].workers[7],raster_worker,source.download,1,0.0,1.828505
round_4,optical_isea4h,datasets[0].timings.units[1].workers[7],raster_worker,entity.tile_mask,1,0.857635,1.828505
round_4,optical_isea4h,datasets[0].timings.units[1].workers[7],raster_worker,entity.tile_write,1,0.581024,1.828505
round_4,optical_isea4h,datasets[0].timings.units[1].workers[7],raster_worker,source.raster_open,1,0.001098,1.828505
round_4,optical_isea4h,datasets[0].timings.units[1].workers[7],raster_worker,entity.tile_checksum,1,0.002157,1.828505
round_4,optical_isea4h,datasets[0].timings.units[1].workers[7],raster_worker,grid.window_calculation,1,0.000286,1.828505
round_4,optical_isea4h,datasets[0].timings.units[1].workers[8],raster_worker,grid.cover,1,0.00545,1.93663
round_4,optical_isea4h,datasets[0].timings.units[1].workers[8],raster_worker,source.cache,1,0.000245,1.93663
round_4,optical_isea4h,datasets[0].timings.units[1].workers[8],raster_worker,grid.geometry,2,0.001783,1.93663
round_4,optical_isea4h,datasets[0].timings.units[1].workers[8],raster_worker,minio.tile_stat,2,0.222485,1.93663
round_4,optical_isea4h,datasets[0].timings.units[1].workers[8],raster_worker,source.checksum,1,0.096085,1.93663
round_4,optical_isea4h,datasets[0].timings.units[1].workers[8],raster_worker,source.download,1,0.0,1.93663
round_4,optical_isea4h,datasets[0].timings.units[1].workers[8],raster_worker,entity.tile_mask,2,0.911579,1.93663
round_4,optical_isea4h,datasets[0].timings.units[1].workers[8],raster_worker,entity.tile_write,2,0.693607,1.93663
round_4,optical_isea4h,datasets[0].timings.units[1].workers[8],raster_worker,source.raster_open,1,0.00105,1.93663
round_4,optical_isea4h,datasets[0].timings.units[1].workers[8],raster_worker,entity.tile_checksum,2,0.00218,1.93663
round_4,optical_isea4h,datasets[0].timings.units[1].workers[8],raster_worker,grid.window_calculation,2,0.000437,1.93663
round_4,optical_isea4h,datasets[0].timings.units[1].workers[9],raster_worker,grid.cover,1,0.008205,1.963489
round_4,optical_isea4h,datasets[0].timings.units[1].workers[9],raster_worker,source.cache,1,0.000325,1.963489
round_4,optical_isea4h,datasets[0].timings.units[1].workers[9],raster_worker,grid.geometry,3,0.003162,1.963489
round_4,optical_isea4h,datasets[0].timings.units[1].workers[9],raster_worker,minio.tile_stat,3,0.013396,1.963489
round_4,optical_isea4h,datasets[0].timings.units[1].workers[9],raster_worker,source.checksum,1,0.037026,1.963489
round_4,optical_isea4h,datasets[0].timings.units[1].workers[9],raster_worker,source.download,1,0.0,1.963489
round_4,optical_isea4h,datasets[0].timings.units[1].workers[9],raster_worker,entity.tile_mask,3,0.957179,1.963489
round_4,optical_isea4h,datasets[0].timings.units[1].workers[9],raster_worker,entity.tile_write,3,0.800782,1.963489
round_4,optical_isea4h,datasets[0].timings.units[1].workers[9],raster_worker,minio.tile_upload,3,0.136152,1.963489
round_4,optical_isea4h,datasets[0].timings.units[1].workers[9],raster_worker,source.raster_open,1,0.001121,1.963489
round_4,optical_isea4h,datasets[0].timings.units[1].workers[9],raster_worker,entity.tile_checksum,3,0.002709,1.963489
round_4,optical_isea4h,datasets[0].timings.units[1].workers[9],raster_worker,grid.window_calculation,3,0.000747,1.963489
round_4,optical_isea4h,datasets[0].timings.units[1].workers[10],raster_worker,grid.cover,1,0.011263,1.979193
round_4,optical_isea4h,datasets[0].timings.units[1].workers[10],raster_worker,source.cache,1,0.00052,1.979193
round_4,optical_isea4h,datasets[0].timings.units[1].workers[10],raster_worker,grid.geometry,3,0.002898,1.979193
round_4,optical_isea4h,datasets[0].timings.units[1].workers[10],raster_worker,minio.tile_stat,3,0.014835,1.979193
round_4,optical_isea4h,datasets[0].timings.units[1].workers[10],raster_worker,source.checksum,1,0.113157,1.979193
round_4,optical_isea4h,datasets[0].timings.units[1].workers[10],raster_worker,source.download,1,0.0,1.979193
round_4,optical_isea4h,datasets[0].timings.units[1].workers[10],raster_worker,entity.tile_mask,3,0.977311,1.979193
round_4,optical_isea4h,datasets[0].timings.units[1].workers[10],raster_worker,entity.tile_write,3,0.797901,1.979193
round_4,optical_isea4h,datasets[0].timings.units[1].workers[10],raster_worker,minio.tile_upload,1,0.052299,1.979193
round_4,optical_isea4h,datasets[0].timings.units[1].workers[10],raster_worker,source.raster_open,1,0.001066,1.979193
round_4,optical_isea4h,datasets[0].timings.units[1].workers[10],raster_worker,entity.tile_checksum,3,0.004715,1.979193
round_4,optical_isea4h,datasets[0].timings.units[1].workers[10],raster_worker,grid.window_calculation,3,0.000713,1.979193
round_4,optical_isea4h,datasets[0].timings.units[1].workers[11],raster_worker,grid.cover,1,0.007935,2.012256
round_4,optical_isea4h,datasets[0].timings.units[1].workers[11],raster_worker,source.cache,1,0.000413,2.012256
round_4,optical_isea4h,datasets[0].timings.units[1].workers[11],raster_worker,grid.geometry,3,0.004277,2.012256
round_4,optical_isea4h,datasets[0].timings.units[1].workers[11],raster_worker,minio.tile_stat,3,0.018825,2.012256
round_4,optical_isea4h,datasets[0].timings.units[1].workers[11],raster_worker,source.checksum,1,0.077464,2.012256
round_4,optical_isea4h,datasets[0].timings.units[1].workers[11],raster_worker,source.download,1,0.0,2.012256
round_4,optical_isea4h,datasets[0].timings.units[1].workers[11],raster_worker,entity.tile_mask,3,1.080093,2.012256
round_4,optical_isea4h,datasets[0].timings.units[1].workers[11],raster_worker,entity.tile_write,3,0.814468,2.012256
round_4,optical_isea4h,datasets[0].timings.units[1].workers[11],raster_worker,source.raster_open,1,0.000977,2.012256
round_4,optical_isea4h,datasets[0].timings.units[1].workers[11],raster_worker,entity.tile_checksum,3,0.004255,2.012256
round_4,optical_isea4h,datasets[0].timings.units[1].workers[11],raster_worker,grid.window_calculation,3,0.000809,2.012256
round_4,optical_isea4h,datasets[0].timings.units[1].workers[12],raster_worker,grid.cover,1,0.006342,2.09973
round_4,optical_isea4h,datasets[0].timings.units[1].workers[12],raster_worker,source.cache,1,0.000235,2.09973
round_4,optical_isea4h,datasets[0].timings.units[1].workers[12],raster_worker,grid.geometry,3,0.003109,2.09973
round_4,optical_isea4h,datasets[0].timings.units[1].workers[12],raster_worker,minio.tile_stat,3,0.261823,2.09973
round_4,optical_isea4h,datasets[0].timings.units[1].workers[12],raster_worker,source.checksum,1,0.085007,2.09973
round_4,optical_isea4h,datasets[0].timings.units[1].workers[12],raster_worker,source.download,1,0.0,2.09973
round_4,optical_isea4h,datasets[0].timings.units[1].workers[12],raster_worker,entity.tile_mask,3,0.946947,2.09973
round_4,optical_isea4h,datasets[0].timings.units[1].workers[12],raster_worker,entity.tile_write,3,0.786617,2.09973
round_4,optical_isea4h,datasets[0].timings.units[1].workers[12],raster_worker,source.raster_open,1,0.001215,2.09973
round_4,optical_isea4h,datasets[0].timings.units[1].workers[12],raster_worker,entity.tile_checksum,3,0.005291,2.09973
round_4,optical_isea4h,datasets[0].timings.units[1].workers[12],raster_worker,grid.window_calculation,3,0.000729,2.09973
round_4,optical_isea4h,datasets[0].timings.units[1].workers[13],raster_worker,grid.cover,1,0.008143,2.133772
round_4,optical_isea4h,datasets[0].timings.units[1].workers[13],raster_worker,source.cache,1,0.00029,2.133772
round_4,optical_isea4h,datasets[0].timings.units[1].workers[13],raster_worker,grid.geometry,1,0.00085,2.133772
round_4,optical_isea4h,datasets[0].timings.units[1].workers[13],raster_worker,minio.tile_stat,1,0.007317,2.133772
round_4,optical_isea4h,datasets[0].timings.units[1].workers[13],raster_worker,source.checksum,1,0.038337,2.133772
round_4,optical_isea4h,datasets[0].timings.units[1].workers[13],raster_worker,source.download,1,0.0,2.133772
round_4,optical_isea4h,datasets[0].timings.units[1].workers[13],raster_worker,entity.tile_mask,1,0.838062,2.133772
round_4,optical_isea4h,datasets[0].timings.units[1].workers[13],raster_worker,entity.tile_write,1,0.590075,2.133772
round_4,optical_isea4h,datasets[0].timings.units[1].workers[13],raster_worker,minio.tile_upload,1,0.64364,2.133772
round_4,optical_isea4h,datasets[0].timings.units[1].workers[13],raster_worker,source.raster_open,1,0.000875,2.133772
round_4,optical_isea4h,datasets[0].timings.units[1].workers[13],raster_worker,entity.tile_checksum,1,0.004606,2.133772
round_4,optical_isea4h,datasets[0].timings.units[1].workers[13],raster_worker,grid.window_calculation,1,0.000249,2.133772
round_4,optical_isea4h,datasets[0].timings.units[1].workers[14],raster_worker,grid.cover,1,0.005374,2.147975
round_4,optical_isea4h,datasets[0].timings.units[1].workers[14],raster_worker,source.cache,1,0.000469,2.147975
round_4,optical_isea4h,datasets[0].timings.units[1].workers[14],raster_worker,grid.geometry,2,0.002355,2.147975
round_4,optical_isea4h,datasets[0].timings.units[1].workers[14],raster_worker,minio.tile_stat,2,0.339906,2.147975
round_4,optical_isea4h,datasets[0].timings.units[1].workers[14],raster_worker,source.checksum,1,0.035178,2.147975
round_4,optical_isea4h,datasets[0].timings.units[1].workers[14],raster_worker,source.download,1,0.0,2.147975
round_4,optical_isea4h,datasets[0].timings.units[1].workers[14],raster_worker,entity.tile_mask,2,0.903375,2.147975
round_4,optical_isea4h,datasets[0].timings.units[1].workers[14],raster_worker,entity.tile_write,2,0.68812,2.147975
round_4,optical_isea4h,datasets[0].timings.units[1].workers[14],raster_worker,minio.tile_upload,1,0.151911,2.147975
round_4,optical_isea4h,datasets[0].timings.units[1].workers[14],raster_worker,source.raster_open,1,0.00107,2.147975
round_4,optical_isea4h,datasets[0].timings.units[1].workers[14],raster_worker,entity.tile_checksum,2,0.004058,2.147975
round_4,optical_isea4h,datasets[0].timings.units[1].workers[14],raster_worker,grid.window_calculation,2,0.000457,2.147975
round_4,optical_isea4h,datasets[0].timings.units[1].workers[15],raster_worker,grid.cover,1,0.008151,2.178023
round_4,optical_isea4h,datasets[0].timings.units[1].workers[15],raster_worker,source.cache,1,0.000324,2.178023
round_4,optical_isea4h,datasets[0].timings.units[1].workers[15],raster_worker,grid.geometry,2,0.001777,2.178023
round_4,optical_isea4h,datasets[0].timings.units[1].workers[15],raster_worker,minio.tile_stat,2,0.470866,2.178023
round_4,optical_isea4h,datasets[0].timings.units[1].workers[15],raster_worker,source.checksum,1,0.090717,2.178023
round_4,optical_isea4h,datasets[0].timings.units[1].workers[15],raster_worker,source.download,1,0.0,2.178023
round_4,optical_isea4h,datasets[0].timings.units[1].workers[15],raster_worker,entity.tile_mask,2,0.928029,2.178023
round_4,optical_isea4h,datasets[0].timings.units[1].workers[15],raster_worker,entity.tile_write,2,0.672104,2.178023
round_4,optical_isea4h,datasets[0].timings.units[1].workers[15],raster_worker,source.raster_open,1,0.001118,2.178023
round_4,optical_isea4h,datasets[0].timings.units[1].workers[15],raster_worker,entity.tile_checksum,2,0.002686,2.178023
round_4,optical_isea4h,datasets[0].timings.units[1].workers[15],raster_worker,grid.window_calculation,2,0.000495,2.178023
round_4,optical_isea4h,datasets[0].timings.units[1].source_preflight,source_preflight,minio.stat,1,0.006424,2.211359
round_4,optical_isea4h,datasets[0].timings.units[2].driver,raster_driver,ray.wait,17,2.525943,2.571447
round_4,optical_isea4h,datasets[0].timings.units[2].driver,raster_driver,ray.result_get,16,0.004657,2.571447
round_4,optical_isea4h,datasets[0].timings.units[2].driver,raster_driver,ray.task_submit,16,0.015542,2.571447
round_4,optical_isea4h,datasets[0].timings.units[2].driver,raster_driver,driver.result_merge,16,0.00011,2.571447
round_4,optical_isea4h,datasets[0].timings.units[2].workers[0],raster_worker,grid.cover,1,0.00634,1.518978
round_4,optical_isea4h,datasets[0].timings.units[2].workers[0],raster_worker,source.cache,1,0.000506,1.518978
round_4,optical_isea4h,datasets[0].timings.units[2].workers[0],raster_worker,grid.geometry,1,0.000754,1.518978
round_4,optical_isea4h,datasets[0].timings.units[2].workers[0],raster_worker,minio.tile_stat,1,0.007484,1.518978
round_4,optical_isea4h,datasets[0].timings.units[2].workers[0],raster_worker,source.checksum,1,0.106096,1.518978
round_4,optical_isea4h,datasets[0].timings.units[2].workers[0],raster_worker,source.download,1,0.0,1.518978
round_4,optical_isea4h,datasets[0].timings.units[2].workers[0],raster_worker,entity.tile_mask,1,0.824158,1.518978
round_4,optical_isea4h,datasets[0].timings.units[2].workers[0],raster_worker,entity.tile_write,1,0.568894,1.518978
round_4,optical_isea4h,datasets[0].timings.units[2].workers[0],raster_worker,source.raster_open,1,0.001254,1.518978
round_4,optical_isea4h,datasets[0].timings.units[2].workers[0],raster_worker,entity.tile_checksum,1,0.00182,1.518978
round_4,optical_isea4h,datasets[0].timings.units[2].workers[0],raster_worker,grid.window_calculation,1,0.00021,1.518978
round_4,optical_isea4h,datasets[0].timings.units[2].workers[1],raster_worker,grid.cover,1,0.005608,1.581625
round_4,optical_isea4h,datasets[0].timings.units[2].workers[1],raster_worker,source.cache,1,0.000377,1.581625
round_4,optical_isea4h,datasets[0].timings.units[2].workers[1],raster_worker,grid.geometry,1,0.000877,1.581625
round_4,optical_isea4h,datasets[0].timings.units[2].workers[1],raster_worker,minio.tile_stat,1,0.007237,1.581625
round_4,optical_isea4h,datasets[0].timings.units[2].workers[1],raster_worker,source.checksum,1,0.040216,1.581625
round_4,optical_isea4h,datasets[0].timings.units[2].workers[1],raster_worker,source.download,1,0.0,1.581625
round_4,optical_isea4h,datasets[0].timings.units[2].workers[1],raster_worker,entity.tile_mask,1,0.853717,1.581625
round_4,optical_isea4h,datasets[0].timings.units[2].workers[1],raster_worker,entity.tile_write,1,0.575816,1.581625
round_4,optical_isea4h,datasets[0].timings.units[2].workers[1],raster_worker,minio.tile_upload,1,0.093582,1.581625
round_4,optical_isea4h,datasets[0].timings.units[2].workers[1],raster_worker,source.raster_open,1,0.000836,1.581625
round_4,optical_isea4h,datasets[0].timings.units[2].workers[1],raster_worker,entity.tile_checksum,1,0.001758,1.581625
round_4,optical_isea4h,datasets[0].timings.units[2].workers[1],raster_worker,grid.window_calculation,1,0.000219,1.581625
round_4,optical_isea4h,datasets[0].timings.units[2].workers[2],raster_worker,grid.cover,1,0.007801,1.588174
round_4,optical_isea4h,datasets[0].timings.units[2].workers[2],raster_worker,source.cache,1,0.000354,1.588174
round_4,optical_isea4h,datasets[0].timings.units[2].workers[2],raster_worker,grid.geometry,1,0.000808,1.588174
round_4,optical_isea4h,datasets[0].timings.units[2].workers[2],raster_worker,minio.tile_stat,1,0.008765,1.588174
round_4,optical_isea4h,datasets[0].timings.units[2].workers[2],raster_worker,source.checksum,1,0.102985,1.588174
round_4,optical_isea4h,datasets[0].timings.units[2].workers[2],raster_worker,source.download,1,0.0,1.588174
round_4,optical_isea4h,datasets[0].timings.units[2].workers[2],raster_worker,entity.tile_mask,1,0.888097,1.588174
round_4,optical_isea4h,datasets[0].timings.units[2].workers[2],raster_worker,entity.tile_write,1,0.56892,1.588174
round_4,optical_isea4h,datasets[0].timings.units[2].workers[2],raster_worker,source.raster_open,1,0.007144,1.588174
round_4,optical_isea4h,datasets[0].timings.units[2].workers[2],raster_worker,entity.tile_checksum,1,0.001781,1.588174
round_4,optical_isea4h,datasets[0].timings.units[2].workers[2],raster_worker,grid.window_calculation,1,0.000222,1.588174
round_4,optical_isea4h,datasets[0].timings.units[2].workers[3],raster_worker,grid.cover,1,0.007287,1.634582
round_4,optical_isea4h,datasets[0].timings.units[2].workers[3],raster_worker,source.cache,1,0.000284,1.634582
round_4,optical_isea4h,datasets[0].timings.units[2].workers[3],raster_worker,grid.geometry,1,0.000681,1.634582
round_4,optical_isea4h,datasets[0].timings.units[2].workers[3],raster_worker,minio.tile_stat,1,0.005367,1.634582
round_4,optical_isea4h,datasets[0].timings.units[2].workers[3],raster_worker,source.checksum,1,0.034045,1.634582
round_4,optical_isea4h,datasets[0].timings.units[2].workers[3],raster_worker,source.download,1,0.0,1.634582
round_4,optical_isea4h,datasets[0].timings.units[2].workers[3],raster_worker,entity.tile_mask,1,0.816196,1.634582
round_4,optical_isea4h,datasets[0].timings.units[2].workers[3],raster_worker,entity.tile_write,1,0.585343,1.634582
round_4,optical_isea4h,datasets[0].timings.units[2].workers[3],raster_worker,minio.tile_upload,1,0.181029,1.634582
round_4,optical_isea4h,datasets[0].timings.units[2].workers[3],raster_worker,source.raster_open,1,0.001075,1.634582
round_4,optical_isea4h,datasets[0].timings.units[2].workers[3],raster_worker,entity.tile_checksum,1,0.001791,1.634582
round_4,optical_isea4h,datasets[0].timings.units[2].workers[3],raster_worker,grid.window_calculation,1,0.000185,1.634582
round_4,optical_isea4h,datasets[0].timings.units[2].workers[4],raster_worker,grid.cover,1,0.008699,1.688098
round_4,optical_isea4h,datasets[0].timings.units[2].workers[4],raster_worker,source.cache,1,0.000633,1.688098
round_4,optical_isea4h,datasets[0].timings.units[2].workers[4],raster_worker,grid.geometry,1,0.000771,1.688098
round_4,optical_isea4h,datasets[0].timings.units[2].workers[4],raster_worker,minio.tile_stat,1,0.136134,1.688098
round_4,optical_isea4h,datasets[0].timings.units[2].workers[4],raster_worker,source.checksum,1,0.129591,1.688098
round_4,optical_isea4h,datasets[0].timings.units[2].workers[4],raster_worker,source.download,1,0.0,1.688098
round_4,optical_isea4h,datasets[0].timings.units[2].workers[4],raster_worker,entity.tile_mask,1,0.844194,1.688098
round_4,optical_isea4h,datasets[0].timings.units[2].workers[4],raster_worker,entity.tile_write,1,0.563494,1.688098
round_4,optical_isea4h,datasets[0].timings.units[2].workers[4],raster_worker,source.raster_open,1,0.001049,1.688098
round_4,optical_isea4h,datasets[0].timings.units[2].workers[4],raster_worker,entity.tile_checksum,1,0.001776,1.688098
round_4,optical_isea4h,datasets[0].timings.units[2].workers[4],raster_worker,grid.window_calculation,1,0.000212,1.688098
round_4,optical_isea4h,datasets[0].timings.units[2].workers[5],raster_worker,grid.cover,1,0.006674,1.691784
round_4,optical_isea4h,datasets[0].timings.units[2].workers[5],raster_worker,source.cache,1,0.000256,1.691784
round_4,optical_isea4h,datasets[0].timings.units[2].workers[5],raster_worker,grid.geometry,2,0.002038,1.691784
round_4,optical_isea4h,datasets[0].timings.units[2].workers[5],raster_worker,minio.tile_stat,2,0.014974,1.691784
round_4,optical_isea4h,datasets[0].timings.units[2].workers[5],raster_worker,source.checksum,1,0.040412,1.691784
round_4,optical_isea4h,datasets[0].timings.units[2].workers[5],raster_worker,source.download,1,0.0,1.691784
round_4,optical_isea4h,datasets[0].timings.units[2].workers[5],raster_worker,entity.tile_mask,2,0.909574,1.691784
round_4,optical_isea4h,datasets[0].timings.units[2].workers[5],raster_worker,entity.tile_write,2,0.676293,1.691784
round_4,optical_isea4h,datasets[0].timings.units[2].workers[5],raster_worker,minio.tile_upload,1,0.036396,1.691784
round_4,optical_isea4h,datasets[0].timings.units[2].workers[5],raster_worker,source.raster_open,1,0.000829,1.691784
round_4,optical_isea4h,datasets[0].timings.units[2].workers[5],raster_worker,entity.tile_checksum,2,0.00196,1.691784
round_4,optical_isea4h,datasets[0].timings.units[2].workers[5],raster_worker,grid.window_calculation,2,0.000493,1.691784
round_4,optical_isea4h,datasets[0].timings.units[2].workers[6],raster_worker,grid.cover,1,0.008625,1.709232
round_4,optical_isea4h,datasets[0].timings.units[2].workers[6],raster_worker,source.cache,1,0.000273,1.709232
round_4,optical_isea4h,datasets[0].timings.units[2].workers[6],raster_worker,grid.geometry,1,0.000935,1.709232
round_4,optical_isea4h,datasets[0].timings.units[2].workers[6],raster_worker,minio.tile_stat,1,0.207764,1.709232
round_4,optical_isea4h,datasets[0].timings.units[2].workers[6],raster_worker,source.checksum,1,0.038824,1.709232
round_4,optical_isea4h,datasets[0].timings.units[2].workers[6],raster_worker,source.download,1,0.0,1.709232
round_4,optical_isea4h,datasets[0].timings.units[2].workers[6],raster_worker,entity.tile_mask,1,0.887878,1.709232
round_4,optical_isea4h,datasets[0].timings.units[2].workers[6],raster_worker,entity.tile_write,1,0.560532,1.709232
round_4,optical_isea4h,datasets[0].timings.units[2].workers[6],raster_worker,source.raster_open,1,0.00096,1.709232
round_4,optical_isea4h,datasets[0].timings.units[2].workers[6],raster_worker,entity.tile_checksum,1,0.001775,1.709232
round_4,optical_isea4h,datasets[0].timings.units[2].workers[6],raster_worker,grid.window_calculation,1,0.000237,1.709232
round_4,optical_isea4h,datasets[0].timings.units[2].workers[7],raster_worker,grid.cover,1,0.005777,1.750798
round_4,optical_isea4h,datasets[0].timings.units[2].workers[7],raster_worker,source.cache,1,0.000223,1.750798
round_4,optical_isea4h,datasets[0].timings.units[2].workers[7],raster_worker,grid.geometry,2,0.001951,1.750798
round_4,optical_isea4h,datasets[0].timings.units[2].workers[7],raster_worker,minio.tile_stat,2,0.010517,1.750798
round_4,optical_isea4h,datasets[0].timings.units[2].workers[7],raster_worker,source.checksum,1,0.040339,1.750798
round_4,optical_isea4h,datasets[0].timings.units[2].workers[7],raster_worker,source.download,1,0.0,1.750798
round_4,optical_isea4h,datasets[0].timings.units[2].workers[7],raster_worker,entity.tile_mask,2,0.909917,1.750798
round_4,optical_isea4h,datasets[0].timings.units[2].workers[7],raster_worker,entity.tile_write,2,0.665973,1.750798
round_4,optical_isea4h,datasets[0].timings.units[2].workers[7],raster_worker,minio.tile_upload,2,0.109861,1.750798
round_4,optical_isea4h,datasets[0].timings.units[2].workers[7],raster_worker,source.raster_open,1,0.000946,1.750798
round_4,optical_isea4h,datasets[0].timings.units[2].workers[7],raster_worker,entity.tile_checksum,2,0.002955,1.750798
round_4,optical_isea4h,datasets[0].timings.units[2].workers[7],raster_worker,grid.window_calculation,2,0.000492,1.750798
round_4,optical_isea4h,datasets[0].timings.units[2].workers[8],raster_worker,grid.cover,1,0.008714,1.746816
round_4,optical_isea4h,datasets[0].timings.units[2].workers[8],raster_worker,source.cache,1,0.000587,1.746816
round_4,optical_isea4h,datasets[0].timings.units[2].workers[8],raster_worker,grid.geometry,2,0.002047,1.746816
round_4,optical_isea4h,datasets[0].timings.units[2].workers[8],raster_worker,minio.tile_stat,2,0.009743,1.746816
round_4,optical_isea4h,datasets[0].timings.units[2].workers[8],raster_worker,source.checksum,1,0.097768,1.746816
round_4,optical_isea4h,datasets[0].timings.units[2].workers[8],raster_worker,source.download,1,0.0,1.746816
round_4,optical_isea4h,datasets[0].timings.units[2].workers[8],raster_worker,entity.tile_mask,2,0.907815,1.746816
round_4,optical_isea4h,datasets[0].timings.units[2].workers[8],raster_worker,entity.tile_write,2,0.652191,1.746816
round_4,optical_isea4h,datasets[0].timings.units[2].workers[8],raster_worker,minio.tile_upload,1,0.062106,1.746816
round_4,optical_isea4h,datasets[0].timings.units[2].workers[8],raster_worker,source.raster_open,1,0.001031,1.746816
round_4,optical_isea4h,datasets[0].timings.units[2].workers[8],raster_worker,entity.tile_checksum,2,0.002518,1.746816
round_4,optical_isea4h,datasets[0].timings.units[2].workers[8],raster_worker,grid.window_calculation,2,0.00041,1.746816
round_4,optical_isea4h,datasets[0].timings.units[2].workers[9],raster_worker,grid.cover,1,0.006302,1.810714
round_4,optical_isea4h,datasets[0].timings.units[2].workers[9],raster_worker,source.cache,1,0.000371,1.810714
round_4,optical_isea4h,datasets[0].timings.units[2].workers[9],raster_worker,grid.geometry,1,0.000866,1.810714
round_4,optical_isea4h,datasets[0].timings.units[2].workers[9],raster_worker,minio.tile_stat,1,0.253469,1.810714
round_4,optical_isea4h,datasets[0].timings.units[2].workers[9],raster_worker,source.checksum,1,0.1098,1.810714
round_4,optical_isea4h,datasets[0].timings.units[2].workers[9],raster_worker,source.download,1,0.0,1.810714
round_4,optical_isea4h,datasets[0].timings.units[2].workers[9],raster_worker,entity.tile_mask,1,0.867644,1.810714
round_4,optical_isea4h,datasets[0].timings.units[2].workers[9],raster_worker,entity.tile_write,1,0.567909,1.810714
round_4,optical_isea4h,datasets[0].timings.units[2].workers[9],raster_worker,source.raster_open,1,0.000956,1.810714
round_4,optical_isea4h,datasets[0].timings.units[2].workers[9],raster_worker,entity.tile_checksum,1,0.001816,1.810714
round_4,optical_isea4h,datasets[0].timings.units[2].workers[9],raster_worker,grid.window_calculation,1,0.000204,1.810714
round_4,optical_isea4h,datasets[0].timings.units[2].workers[10],raster_worker,grid.cover,1,0.007285,1.886303
round_4,optical_isea4h,datasets[0].timings.units[2].workers[10],raster_worker,source.cache,1,0.000288,1.886303
round_4,optical_isea4h,datasets[0].timings.units[2].workers[10],raster_worker,grid.geometry,3,0.003818,1.886303
round_4,optical_isea4h,datasets[0].timings.units[2].workers[10],raster_worker,minio.tile_stat,3,0.022904,1.886303
round_4,optical_isea4h,datasets[0].timings.units[2].workers[10],raster_worker,source.checksum,1,0.035565,1.886303
round_4,optical_isea4h,datasets[0].timings.units[2].workers[10],raster_worker,source.download,1,0.0,1.886303
round_4,optical_isea4h,datasets[0].timings.units[2].workers[10],raster_worker,entity.tile_mask,3,0.962297,1.886303
round_4,optical_isea4h,datasets[0].timings.units[2].workers[10],raster_worker,entity.tile_write,3,0.773597,1.886303
round_4,optical_isea4h,datasets[0].timings.units[2].workers[10],raster_worker,minio.tile_upload,1,0.069968,1.886303
round_4,optical_isea4h,datasets[0].timings.units[2].workers[10],raster_worker,source.raster_open,1,0.001166,1.886303
round_4,optical_isea4h,datasets[0].timings.units[2].workers[10],raster_worker,entity.tile_checksum,3,0.005877,1.886303
round_4,optical_isea4h,datasets[0].timings.units[2].workers[10],raster_worker,grid.window_calculation,3,0.000865,1.886303
round_4,optical_isea4h,datasets[0].timings.units[2].workers[11],raster_worker,grid.cover,1,0.005098,1.935528
round_4,optical_isea4h,datasets[0].timings.units[2].workers[11],raster_worker,source.cache,1,0.000412,1.935528
round_4,optical_isea4h,datasets[0].timings.units[2].workers[11],raster_worker,grid.geometry,2,0.001737,1.935528
round_4,optical_isea4h,datasets[0].timings.units[2].workers[11],raster_worker,minio.tile_stat,2,0.008548,1.935528
round_4,optical_isea4h,datasets[0].timings.units[2].workers[11],raster_worker,source.checksum,1,0.037433,1.935528
round_4,optical_isea4h,datasets[0].timings.units[2].workers[11],raster_worker,source.download,1,0.0,1.935528
round_4,optical_isea4h,datasets[0].timings.units[2].workers[11],raster_worker,entity.tile_mask,2,0.890569,1.935528
round_4,optical_isea4h,datasets[0].timings.units[2].workers[11],raster_worker,entity.tile_write,2,0.662275,1.935528
round_4,optical_isea4h,datasets[0].timings.units[2].workers[11],raster_worker,minio.tile_upload,1,0.322489,1.935528
round_4,optical_isea4h,datasets[0].timings.units[2].workers[11],raster_worker,source.raster_open,1,0.001037,1.935528
round_4,optical_isea4h,datasets[0].timings.units[2].workers[11],raster_worker,entity.tile_checksum,2,0.003726,1.935528
round_4,optical_isea4h,datasets[0].timings.units[2].workers[11],raster_worker,grid.window_calculation,2,0.000489,1.935528
round_4,optical_isea4h,datasets[0].timings.units[2].workers[12],raster_worker,grid.cover,1,0.006228,1.968874
round_4,optical_isea4h,datasets[0].timings.units[2].workers[12],raster_worker,source.cache,1,0.000433,1.968874
round_4,optical_isea4h,datasets[0].timings.units[2].workers[12],raster_worker,grid.geometry,3,0.003202,1.968874
round_4,optical_isea4h,datasets[0].timings.units[2].workers[12],raster_worker,minio.tile_stat,3,0.120956,1.968874
round_4,optical_isea4h,datasets[0].timings.units[2].workers[12],raster_worker,source.checksum,1,0.039347,1.968874
round_4,optical_isea4h,datasets[0].timings.units[2].workers[12],raster_worker,source.download,1,0.0,1.968874
round_4,optical_isea4h,datasets[0].timings.units[2].workers[12],raster_worker,entity.tile_mask,3,0.979827,1.968874
round_4,optical_isea4h,datasets[0].timings.units[2].workers[12],raster_worker,entity.tile_write,3,0.810759,1.968874
round_4,optical_isea4h,datasets[0].timings.units[2].workers[12],raster_worker,source.raster_open,1,0.000815,1.968874
round_4,optical_isea4h,datasets[0].timings.units[2].workers[12],raster_worker,entity.tile_checksum,3,0.004022,1.968874
round_4,optical_isea4h,datasets[0].timings.units[2].workers[12],raster_worker,grid.window_calculation,3,0.000707,1.968874
round_4,optical_isea4h,datasets[0].timings.units[2].workers[13],raster_worker,grid.cover,1,0.004699,2.02083
round_4,optical_isea4h,datasets[0].timings.units[2].workers[13],raster_worker,source.cache,1,0.000312,2.02083
round_4,optical_isea4h,datasets[0].timings.units[2].workers[13],raster_worker,grid.geometry,1,0.000725,2.02083
round_4,optical_isea4h,datasets[0].timings.units[2].workers[13],raster_worker,minio.tile_stat,1,0.005725,2.02083
round_4,optical_isea4h,datasets[0].timings.units[2].workers[13],raster_worker,source.checksum,1,0.039722,2.02083
round_4,optical_isea4h,datasets[0].timings.units[2].workers[13],raster_worker,source.download,1,0.0,2.02083
round_4,optical_isea4h,datasets[0].timings.units[2].workers[13],raster_worker,entity.tile_mask,1,0.860506,2.02083
round_4,optical_isea4h,datasets[0].timings.units[2].workers[13],raster_worker,entity.tile_write,1,0.555417,2.02083
round_4,optical_isea4h,datasets[0].timings.units[2].workers[13],raster_worker,minio.tile_upload,1,0.549085,2.02083
round_4,optical_isea4h,datasets[0].timings.units[2].workers[13],raster_worker,source.raster_open,1,0.00116,2.02083
round_4,optical_isea4h,datasets[0].timings.units[2].workers[13],raster_worker,entity.tile_checksum,1,0.001887,2.02083
round_4,optical_isea4h,datasets[0].timings.units[2].workers[13],raster_worker,grid.window_calculation,1,0.000234,2.02083
round_4,optical_isea4h,datasets[0].timings.units[2].workers[14],raster_worker,grid.cover,1,0.008026,2.009999
round_4,optical_isea4h,datasets[0].timings.units[2].workers[14],raster_worker,source.cache,1,0.000298,2.009999
round_4,optical_isea4h,datasets[0].timings.units[2].workers[14],raster_worker,grid.geometry,3,0.004096,2.009999
round_4,optical_isea4h,datasets[0].timings.units[2].workers[14],raster_worker,minio.tile_stat,3,0.168137,2.009999
round_4,optical_isea4h,datasets[0].timings.units[2].workers[14],raster_worker,source.checksum,1,0.088376,2.009999
round_4,optical_isea4h,datasets[0].timings.units[2].workers[14],raster_worker,source.download,1,0.0,2.009999
round_4,optical_isea4h,datasets[0].timings.units[2].workers[14],raster_worker,entity.tile_mask,3,0.948164,2.009999
round_4,optical_isea4h,datasets[0].timings.units[2].workers[14],raster_worker,entity.tile_write,3,0.781176,2.009999
round_4,optical_isea4h,datasets[0].timings.units[2].workers[14],raster_worker,source.raster_open,1,0.001161,2.009999
round_4,optical_isea4h,datasets[0].timings.units[2].workers[14],raster_worker,entity.tile_checksum,3,0.006886,2.009999
round_4,optical_isea4h,datasets[0].timings.units[2].workers[14],raster_worker,grid.window_calculation,3,0.000819,2.009999
round_4,optical_isea4h,datasets[0].timings.units[2].workers[15],raster_worker,grid.cover,1,0.007662,2.547122
round_4,optical_isea4h,datasets[0].timings.units[2].workers[15],raster_worker,source.cache,1,0.000278,2.547122
round_4,optical_isea4h,datasets[0].timings.units[2].workers[15],raster_worker,grid.geometry,3,0.002904,2.547122
round_4,optical_isea4h,datasets[0].timings.units[2].workers[15],raster_worker,minio.tile_stat,3,0.705805,2.547122
round_4,optical_isea4h,datasets[0].timings.units[2].workers[15],raster_worker,source.checksum,1,0.038282,2.547122
round_4,optical_isea4h,datasets[0].timings.units[2].workers[15],raster_worker,source.download,1,0.0,2.547122
round_4,optical_isea4h,datasets[0].timings.units[2].workers[15],raster_worker,entity.tile_mask,3,0.981521,2.547122
round_4,optical_isea4h,datasets[0].timings.units[2].workers[15],raster_worker,entity.tile_write,3,0.804036,2.547122
round_4,optical_isea4h,datasets[0].timings.units[2].workers[15],raster_worker,source.raster_open,1,0.001116,2.547122
round_4,optical_isea4h,datasets[0].timings.units[2].workers[15],raster_worker,entity.tile_checksum,3,0.002365,2.547122
round_4,optical_isea4h,datasets[0].timings.units[2].workers[15],raster_worker,grid.window_calculation,3,0.000686,2.547122
round_4,optical_isea4h,datasets[0].timings.units[2].source_preflight,source_preflight,minio.stat,1,0.005651,2.57731
round_4,optical_isea4h,datasets[0].timings.units[3].driver,raster_driver,ray.wait,18,4.747044,4.794797
round_4,optical_isea4h,datasets[0].timings.units[3].driver,raster_driver,ray.result_get,16,0.004557,4.794797
round_4,optical_isea4h,datasets[0].timings.units[3].driver,raster_driver,ray.task_submit,16,0.015375,4.794797
round_4,optical_isea4h,datasets[0].timings.units[3].driver,raster_driver,driver.result_merge,16,0.000117,4.794797
round_4,optical_isea4h,datasets[0].timings.units[3].workers[0],raster_worker,grid.cover,1,0.006142,2.938062
round_4,optical_isea4h,datasets[0].timings.units[3].workers[0],raster_worker,source.cache,1,0.000323,2.938062
round_4,optical_isea4h,datasets[0].timings.units[3].workers[0],raster_worker,grid.geometry,1,0.000847,2.938062
round_4,optical_isea4h,datasets[0].timings.units[3].workers[0],raster_worker,minio.tile_stat,1,0.024215,2.938062
round_4,optical_isea4h,datasets[0].timings.units[3].workers[0],raster_worker,source.checksum,1,0.038207,2.938062
round_4,optical_isea4h,datasets[0].timings.units[3].workers[0],raster_worker,source.download,1,0.0,2.938062
round_4,optical_isea4h,datasets[0].timings.units[3].workers[0],raster_worker,entity.tile_mask,1,0.90129,2.938062
round_4,optical_isea4h,datasets[0].timings.units[3].workers[0],raster_worker,entity.tile_write,1,1.429602,2.938062
round_4,optical_isea4h,datasets[0].timings.units[3].workers[0],raster_worker,minio.tile_upload,1,0.52392,2.938062
round_4,optical_isea4h,datasets[0].timings.units[3].workers[0],raster_worker,source.raster_open,1,0.001228,2.938062
round_4,optical_isea4h,datasets[0].timings.units[3].workers[0],raster_worker,entity.tile_checksum,1,0.010698,2.938062
round_4,optical_isea4h,datasets[0].timings.units[3].workers[0],raster_worker,grid.window_calculation,1,0.00022,2.938062
round_4,optical_isea4h,datasets[0].timings.units[3].workers[1],raster_worker,grid.cover,1,0.014507,3.134982
round_4,optical_isea4h,datasets[0].timings.units[3].workers[1],raster_worker,source.cache,1,0.000234,3.134982
round_4,optical_isea4h,datasets[0].timings.units[3].workers[1],raster_worker,grid.geometry,1,0.000798,3.134982
round_4,optical_isea4h,datasets[0].timings.units[3].workers[1],raster_worker,minio.tile_stat,1,0.033495,3.134982
round_4,optical_isea4h,datasets[0].timings.units[3].workers[1],raster_worker,source.checksum,1,0.091453,3.134982
round_4,optical_isea4h,datasets[0].timings.units[3].workers[1],raster_worker,source.download,1,0.0,3.134982
round_4,optical_isea4h,datasets[0].timings.units[3].workers[1],raster_worker,entity.tile_mask,1,0.831299,3.134982
round_4,optical_isea4h,datasets[0].timings.units[3].workers[1],raster_worker,entity.tile_write,1,1.450119,3.134982
round_4,optical_isea4h,datasets[0].timings.units[3].workers[1],raster_worker,minio.tile_upload,1,0.699739,3.134982
round_4,optical_isea4h,datasets[0].timings.units[3].workers[1],raster_worker,source.raster_open,1,0.00096,3.134982
round_4,optical_isea4h,datasets[0].timings.units[3].workers[1],raster_worker,entity.tile_checksum,1,0.010751,3.134982
round_4,optical_isea4h,datasets[0].timings.units[3].workers[1],raster_worker,grid.window_calculation,1,0.000205,3.134982
round_4,optical_isea4h,datasets[0].timings.units[3].workers[2],raster_worker,grid.cover,1,0.00543,3.189582
round_4,optical_isea4h,datasets[0].timings.units[3].workers[2],raster_worker,source.cache,1,0.000316,3.189582
round_4,optical_isea4h,datasets[0].timings.units[3].workers[2],raster_worker,grid.geometry,2,0.001883,3.189582
round_4,optical_isea4h,datasets[0].timings.units[3].workers[2],raster_worker,minio.tile_stat,2,0.010582,3.189582
round_4,optical_isea4h,datasets[0].timings.units[3].workers[2],raster_worker,source.checksum,1,0.033249,3.189582
round_4,optical_isea4h,datasets[0].timings.units[3].workers[2],raster_worker,source.download,1,0.0,3.189582
round_4,optical_isea4h,datasets[0].timings.units[3].workers[2],raster_worker,entity.tile_mask,2,0.904676,3.189582
round_4,optical_isea4h,datasets[0].timings.units[3].workers[2],raster_worker,entity.tile_write,2,1.539429,3.189582
round_4,optical_isea4h,datasets[0].timings.units[3].workers[2],raster_worker,minio.tile_upload,1,0.678044,3.189582
round_4,optical_isea4h,datasets[0].timings.units[3].workers[2],raster_worker,source.raster_open,1,0.001029,3.189582
round_4,optical_isea4h,datasets[0].timings.units[3].workers[2],raster_worker,entity.tile_checksum,2,0.012648,3.189582
round_4,optical_isea4h,datasets[0].timings.units[3].workers[2],raster_worker,grid.window_calculation,2,0.000435,3.189582
round_4,optical_isea4h,datasets[0].timings.units[3].workers[3],raster_worker,grid.cover,1,0.006532,3.25977
round_4,optical_isea4h,datasets[0].timings.units[3].workers[3],raster_worker,source.cache,1,0.000336,3.25977
round_4,optical_isea4h,datasets[0].timings.units[3].workers[3],raster_worker,grid.geometry,3,0.00294,3.25977
round_4,optical_isea4h,datasets[0].timings.units[3].workers[3],raster_worker,minio.tile_stat,3,0.013579,3.25977
round_4,optical_isea4h,datasets[0].timings.units[3].workers[3],raster_worker,source.checksum,1,0.050856,3.25977
round_4,optical_isea4h,datasets[0].timings.units[3].workers[3],raster_worker,source.download,1,0.0,3.25977
round_4,optical_isea4h,datasets[0].timings.units[3].workers[3],raster_worker,entity.tile_mask,3,0.941648,3.25977
round_4,optical_isea4h,datasets[0].timings.units[3].workers[3],raster_worker,entity.tile_write,3,1.623559,3.25977
round_4,optical_isea4h,datasets[0].timings.units[3].workers[3],raster_worker,minio.tile_upload,3,0.60153,3.25977
round_4,optical_isea4h,datasets[0].timings.units[3].workers[3],raster_worker,source.raster_open,1,0.000944,3.25977
round_4,optical_isea4h,datasets[0].timings.units[3].workers[3],raster_worker,entity.tile_checksum,3,0.014764,3.25977
round_4,optical_isea4h,datasets[0].timings.units[3].workers[3],raster_worker,grid.window_calculation,3,0.000739,3.25977
round_4,optical_isea4h,datasets[0].timings.units[3].workers[4],raster_worker,grid.cover,1,0.00912,3.253174
round_4,optical_isea4h,datasets[0].timings.units[3].workers[4],raster_worker,source.cache,1,0.000474,3.253174
round_4,optical_isea4h,datasets[0].timings.units[3].workers[4],raster_worker,grid.geometry,1,0.000673,3.253174
round_4,optical_isea4h,datasets[0].timings.units[3].workers[4],raster_worker,minio.tile_stat,1,0.024878,3.253174
round_4,optical_isea4h,datasets[0].timings.units[3].workers[4],raster_worker,source.checksum,1,0.086321,3.253174
round_4,optical_isea4h,datasets[0].timings.units[3].workers[4],raster_worker,source.download,1,0.0,3.253174
round_4,optical_isea4h,datasets[0].timings.units[3].workers[4],raster_worker,entity.tile_mask,1,0.804104,3.253174
round_4,optical_isea4h,datasets[0].timings.units[3].workers[4],raster_worker,entity.tile_write,1,1.495359,3.253174
round_4,optical_isea4h,datasets[0].timings.units[3].workers[4],raster_worker,minio.tile_upload,1,0.815863,3.253174
round_4,optical_isea4h,datasets[0].timings.units[3].workers[4],raster_worker,source.raster_open,1,0.00113,3.253174
round_4,optical_isea4h,datasets[0].timings.units[3].workers[4],raster_worker,entity.tile_checksum,1,0.013659,3.253174
round_4,optical_isea4h,datasets[0].timings.units[3].workers[4],raster_worker,grid.window_calculation,1,0.000183,3.253174
round_4,optical_isea4h,datasets[0].timings.units[3].workers[5],raster_worker,grid.cover,1,0.004441,3.338157
round_4,optical_isea4h,datasets[0].timings.units[3].workers[5],raster_worker,source.cache,1,0.00035,3.338157
round_4,optical_isea4h,datasets[0].timings.units[3].workers[5],raster_worker,grid.geometry,1,0.000687,3.338157
round_4,optical_isea4h,datasets[0].timings.units[3].workers[5],raster_worker,minio.tile_stat,1,0.016444,3.338157
round_4,optical_isea4h,datasets[0].timings.units[3].workers[5],raster_worker,source.checksum,1,0.035762,3.338157
round_4,optical_isea4h,datasets[0].timings.units[3].workers[5],raster_worker,source.download,1,0.0,3.338157
round_4,optical_isea4h,datasets[0].timings.units[3].workers[5],raster_worker,entity.tile_mask,1,0.871941,3.338157
round_4,optical_isea4h,datasets[0].timings.units[3].workers[5],raster_worker,entity.tile_write,1,1.512721,3.338157
round_4,optical_isea4h,datasets[0].timings.units[3].workers[5],raster_worker,minio.tile_upload,1,0.882534,3.338157
round_4,optical_isea4h,datasets[0].timings.units[3].workers[5],raster_worker,source.raster_open,1,0.001181,3.338157
round_4,optical_isea4h,datasets[0].timings.units[3].workers[5],raster_worker,entity.tile_checksum,1,0.010673,3.338157
round_4,optical_isea4h,datasets[0].timings.units[3].workers[5],raster_worker,grid.window_calculation,1,0.000186,3.338157
round_4,optical_isea4h,datasets[0].timings.units[3].workers[6],raster_worker,grid.cover,1,0.006527,3.344452
round_4,optical_isea4h,datasets[0].timings.units[3].workers[6],raster_worker,source.cache,1,0.000659,3.344452
round_4,optical_isea4h,datasets[0].timings.units[3].workers[6],raster_worker,grid.geometry,3,0.003133,3.344452
round_4,optical_isea4h,datasets[0].timings.units[3].workers[6],raster_worker,minio.tile_stat,3,0.488009,3.344452
round_4,optical_isea4h,datasets[0].timings.units[3].workers[6],raster_worker,source.checksum,1,0.098697,3.344452
round_4,optical_isea4h,datasets[0].timings.units[3].workers[6],raster_worker,source.download,1,0.0,3.344452
round_4,optical_isea4h,datasets[0].timings.units[3].workers[6],raster_worker,entity.tile_mask,3,0.980797,3.344452
round_4,optical_isea4h,datasets[0].timings.units[3].workers[6],raster_worker,entity.tile_write,3,1.747857,3.344452
round_4,optical_isea4h,datasets[0].timings.units[3].workers[6],raster_worker,source.raster_open,1,0.001291,3.344452
round_4,optical_isea4h,datasets[0].timings.units[3].workers[6],raster_worker,entity.tile_checksum,3,0.013817,3.344452
round_4,optical_isea4h,datasets[0].timings.units[3].workers[6],raster_worker,grid.window_calculation,3,0.00075,3.344452
round_4,optical_isea4h,datasets[0].timings.units[3].workers[7],raster_worker,grid.cover,1,0.009458,3.59093
round_4,optical_isea4h,datasets[0].timings.units[3].workers[7],raster_worker,source.cache,1,0.00034,3.59093
round_4,optical_isea4h,datasets[0].timings.units[3].workers[7],raster_worker,grid.geometry,1,0.000806,3.59093
round_4,optical_isea4h,datasets[0].timings.units[3].workers[7],raster_worker,minio.tile_stat,1,0.01695,3.59093
round_4,optical_isea4h,datasets[0].timings.units[3].workers[7],raster_worker,source.checksum,1,0.103282,3.59093
round_4,optical_isea4h,datasets[0].timings.units[3].workers[7],raster_worker,source.download,1,0.0,3.59093
round_4,optical_isea4h,datasets[0].timings.units[3].workers[7],raster_worker,entity.tile_mask,1,0.885942,3.59093
round_4,optical_isea4h,datasets[0].timings.units[3].workers[7],raster_worker,entity.tile_write,1,1.474197,3.59093
round_4,optical_isea4h,datasets[0].timings.units[3].workers[7],raster_worker,minio.tile_upload,1,1.086679,3.59093
round_4,optical_isea4h,datasets[0].timings.units[3].workers[7],raster_worker,source.raster_open,1,0.000971,3.59093
round_4,optical_isea4h,datasets[0].timings.units[3].workers[7],raster_worker,entity.tile_checksum,1,0.010702,3.59093
round_4,optical_isea4h,datasets[0].timings.units[3].workers[7],raster_worker,grid.window_calculation,1,0.000218,3.59093
round_4,optical_isea4h,datasets[0].timings.units[3].workers[8],raster_worker,grid.cover,1,0.005421,3.620665
round_4,optical_isea4h,datasets[0].timings.units[3].workers[8],raster_worker,source.cache,1,0.000338,3.620665
round_4,optical_isea4h,datasets[0].timings.units[3].workers[8],raster_worker,grid.geometry,2,0.001893,3.620665
round_4,optical_isea4h,datasets[0].timings.units[3].workers[8],raster_worker,minio.tile_stat,2,0.012965,3.620665
round_4,optical_isea4h,datasets[0].timings.units[3].workers[8],raster_worker,source.checksum,1,0.037154,3.620665
round_4,optical_isea4h,datasets[0].timings.units[3].workers[8],raster_worker,source.download,1,0.0,3.620665
round_4,optical_isea4h,datasets[0].timings.units[3].workers[8],raster_worker,entity.tile_mask,2,0.915173,3.620665
round_4,optical_isea4h,datasets[0].timings.units[3].workers[8],raster_worker,entity.tile_write,2,1.639872,3.620665
round_4,optical_isea4h,datasets[0].timings.units[3].workers[8],raster_worker,minio.tile_upload,2,0.965954,3.620665
round_4,optical_isea4h,datasets[0].timings.units[3].workers[8],raster_worker,source.raster_open,1,0.000894,3.620665
round_4,optical_isea4h,datasets[0].timings.units[3].workers[8],raster_worker,entity.tile_checksum,2,0.038653,3.620665
round_4,optical_isea4h,datasets[0].timings.units[3].workers[8],raster_worker,grid.window_calculation,2,0.000447,3.620665
round_4,optical_isea4h,datasets[0].timings.units[3].workers[9],raster_worker,grid.cover,1,0.009047,3.648481
round_4,optical_isea4h,datasets[0].timings.units[3].workers[9],raster_worker,source.cache,1,0.000375,3.648481
round_4,optical_isea4h,datasets[0].timings.units[3].workers[9],raster_worker,grid.geometry,1,0.000891,3.648481
round_4,optical_isea4h,datasets[0].timings.units[3].workers[9],raster_worker,minio.tile_stat,1,0.019519,3.648481
round_4,optical_isea4h,datasets[0].timings.units[3].workers[9],raster_worker,source.checksum,1,0.040794,3.648481
round_4,optical_isea4h,datasets[0].timings.units[3].workers[9],raster_worker,source.download,1,0.0,3.648481
round_4,optical_isea4h,datasets[0].timings.units[3].workers[9],raster_worker,entity.tile_mask,1,0.837752,3.648481
round_4,optical_isea4h,datasets[0].timings.units[3].workers[9],raster_worker,entity.tile_write,1,1.593969,3.648481
round_4,optical_isea4h,datasets[0].timings.units[3].workers[9],raster_worker,minio.tile_upload,1,1.130932,3.648481
round_4,optical_isea4h,datasets[0].timings.units[3].workers[9],raster_worker,source.raster_open,1,0.001212,3.648481
round_4,optical_isea4h,datasets[0].timings.units[3].workers[9],raster_worker,entity.tile_checksum,1,0.012195,3.648481
round_4,optical_isea4h,datasets[0].timings.units[3].workers[9],raster_worker,grid.window_calculation,1,0.000229,3.648481
round_4,optical_isea4h,datasets[0].timings.units[3].workers[10],raster_worker,grid.cover,1,0.017948,3.784145
round_4,optical_isea4h,datasets[0].timings.units[3].workers[10],raster_worker,source.cache,1,0.000421,3.784145
round_4,optical_isea4h,datasets[0].timings.units[3].workers[10],raster_worker,grid.geometry,2,0.001933,3.784145
round_4,optical_isea4h,datasets[0].timings.units[3].workers[10],raster_worker,minio.tile_stat,2,1.099834,3.784145
round_4,optical_isea4h,datasets[0].timings.units[3].workers[10],raster_worker,source.checksum,1,0.041949,3.784145
round_4,optical_isea4h,datasets[0].timings.units[3].workers[10],raster_worker,source.download,1,0.0,3.784145
round_4,optical_isea4h,datasets[0].timings.units[3].workers[10],raster_worker,entity.tile_mask,2,0.923765,3.784145
round_4,optical_isea4h,datasets[0].timings.units[3].workers[10],raster_worker,entity.tile_write,2,1.615116,3.784145
round_4,optical_isea4h,datasets[0].timings.units[3].workers[10],raster_worker,minio.tile_upload,1,0.068034,3.784145
round_4,optical_isea4h,datasets[0].timings.units[3].workers[10],raster_worker,source.raster_open,1,0.000975,3.784145
round_4,optical_isea4h,datasets[0].timings.units[3].workers[10],raster_worker,entity.tile_checksum,2,0.011468,3.784145
round_4,optical_isea4h,datasets[0].timings.units[3].workers[10],raster_worker,grid.window_calculation,2,0.000485,3.784145
round_4,optical_isea4h,datasets[0].timings.units[3].workers[11],raster_worker,grid.cover,1,0.007722,3.815995
round_4,optical_isea4h,datasets[0].timings.units[3].workers[11],raster_worker,source.cache,1,0.000301,3.815995
round_4,optical_isea4h,datasets[0].timings.units[3].workers[11],raster_worker,grid.geometry,3,0.002822,3.815995
round_4,optical_isea4h,datasets[0].timings.units[3].workers[11],raster_worker,minio.tile_stat,3,0.022274,3.815995
round_4,optical_isea4h,datasets[0].timings.units[3].workers[11],raster_worker,source.checksum,1,0.039255,3.815995
round_4,optical_isea4h,datasets[0].timings.units[3].workers[11],raster_worker,source.download,1,0.0,3.815995
round_4,optical_isea4h,datasets[0].timings.units[3].workers[11],raster_worker,entity.tile_mask,3,0.97906,3.815995
round_4,optical_isea4h,datasets[0].timings.units[3].workers[11],raster_worker,entity.tile_write,3,1.639593,3.815995
round_4,optical_isea4h,datasets[0].timings.units[3].workers[11],raster_worker,minio.tile_upload,1,1.10951,3.815995
round_4,optical_isea4h,datasets[0].timings.units[3].workers[11],raster_worker,source.raster_open,1,0.001108,3.815995
round_4,optical_isea4h,datasets[0].timings.units[3].workers[11],raster_worker,entity.tile_checksum,3,0.011293,3.815995
round_4,optical_isea4h,datasets[0].timings.units[3].workers[11],raster_worker,grid.window_calculation,3,0.000689,3.815995
round_4,optical_isea4h,datasets[0].timings.units[3].workers[12],raster_worker,grid.cover,1,0.008313,3.911445
round_4,optical_isea4h,datasets[0].timings.units[3].workers[12],raster_worker,source.cache,1,0.000302,3.911445
round_4,optical_isea4h,datasets[0].timings.units[3].workers[12],raster_worker,grid.geometry,1,0.000951,3.911445
round_4,optical_isea4h,datasets[0].timings.units[3].workers[12],raster_worker,minio.tile_stat,1,0.027813,3.911445
round_4,optical_isea4h,datasets[0].timings.units[3].workers[12],raster_worker,source.checksum,1,0.100774,3.911445
round_4,optical_isea4h,datasets[0].timings.units[3].workers[12],raster_worker,source.download,1,0.0,3.911445
round_4,optical_isea4h,datasets[0].timings.units[3].workers[12],raster_worker,entity.tile_mask,1,0.850385,3.911445
round_4,optical_isea4h,datasets[0].timings.units[3].workers[12],raster_worker,entity.tile_write,1,1.440768,3.911445
round_4,optical_isea4h,datasets[0].timings.units[3].workers[12],raster_worker,minio.tile_upload,1,1.466086,3.911445
round_4,optical_isea4h,datasets[0].timings.units[3].workers[12],raster_worker,source.raster_open,1,0.001209,3.911445
round_4,optical_isea4h,datasets[0].timings.units[3].workers[12],raster_worker,entity.tile_checksum,1,0.013097,3.911445
round_4,optical_isea4h,datasets[0].timings.units[3].workers[12],raster_worker,grid.window_calculation,1,0.000232,3.911445
round_4,optical_isea4h,datasets[0].timings.units[3].workers[13],raster_worker,grid.cover,1,0.008397,4.282105
round_4,optical_isea4h,datasets[0].timings.units[3].workers[13],raster_worker,source.cache,1,0.000379,4.282105
round_4,optical_isea4h,datasets[0].timings.units[3].workers[13],raster_worker,grid.geometry,2,0.001741,4.282105
round_4,optical_isea4h,datasets[0].timings.units[3].workers[13],raster_worker,minio.tile_stat,2,1.437186,4.282105
round_4,optical_isea4h,datasets[0].timings.units[3].workers[13],raster_worker,source.checksum,1,0.108104,4.282105
round_4,optical_isea4h,datasets[0].timings.units[3].workers[13],raster_worker,source.download,1,0.0,4.282105
round_4,optical_isea4h,datasets[0].timings.units[3].workers[13],raster_worker,entity.tile_mask,2,1.17403,4.282105
round_4,optical_isea4h,datasets[0].timings.units[3].workers[13],raster_worker,entity.tile_write,2,1.537396,4.282105
round_4,optical_isea4h,datasets[0].timings.units[3].workers[13],raster_worker,source.raster_open,1,0.001219,4.282105
round_4,optical_isea4h,datasets[0].timings.units[3].workers[13],raster_worker,entity.tile_checksum,2,0.0113,4.282105
round_4,optical_isea4h,datasets[0].timings.units[3].workers[13],raster_worker,grid.window_calculation,2,0.000431,4.282105
round_4,optical_isea4h,datasets[0].timings.units[3].workers[14],raster_worker,grid.cover,1,0.006105,4.512008
round_4,optical_isea4h,datasets[0].timings.units[3].workers[14],raster_worker,source.cache,1,0.000239,4.512008
round_4,optical_isea4h,datasets[0].timings.units[3].workers[14],raster_worker,grid.geometry,3,0.002702,4.512008
round_4,optical_isea4h,datasets[0].timings.units[3].workers[14],raster_worker,minio.tile_stat,3,0.035729,4.512008
round_4,optical_isea4h,datasets[0].timings.units[3].workers[14],raster_worker,source.checksum,1,0.113408,4.512008
round_4,optical_isea4h,datasets[0].timings.units[3].workers[14],raster_worker,source.download,1,0.0,4.512008
round_4,optical_isea4h,datasets[0].timings.units[3].workers[14],raster_worker,entity.tile_mask,3,0.927153,4.512008
round_4,optical_isea4h,datasets[0].timings.units[3].workers[14],raster_worker,entity.tile_write,3,1.622521,4.512008
round_4,optical_isea4h,datasets[0].timings.units[3].workers[14],raster_worker,minio.tile_upload,1,1.786775,4.512008
round_4,optical_isea4h,datasets[0].timings.units[3].workers[14],raster_worker,source.raster_open,1,0.001117,4.512008
round_4,optical_isea4h,datasets[0].timings.units[3].workers[14],raster_worker,entity.tile_checksum,3,0.013325,4.512008
round_4,optical_isea4h,datasets[0].timings.units[3].workers[14],raster_worker,grid.window_calculation,3,0.000637,4.512008
round_4,optical_isea4h,datasets[0].timings.units[3].workers[15],raster_worker,grid.cover,1,0.007189,4.7568
round_4,optical_isea4h,datasets[0].timings.units[3].workers[15],raster_worker,source.cache,1,0.000531,4.7568
round_4,optical_isea4h,datasets[0].timings.units[3].workers[15],raster_worker,grid.geometry,1,0.001445,4.7568
round_4,optical_isea4h,datasets[0].timings.units[3].workers[15],raster_worker,minio.tile_stat,1,0.012675,4.7568
round_4,optical_isea4h,datasets[0].timings.units[3].workers[15],raster_worker,source.checksum,1,0.063003,4.7568
round_4,optical_isea4h,datasets[0].timings.units[3].workers[15],raster_worker,source.download,1,0.0,4.7568
round_4,optical_isea4h,datasets[0].timings.units[3].workers[15],raster_worker,entity.tile_mask,1,0.901816,4.7568
round_4,optical_isea4h,datasets[0].timings.units[3].workers[15],raster_worker,entity.tile_write,1,1.450144,4.7568
round_4,optical_isea4h,datasets[0].timings.units[3].workers[15],raster_worker,minio.tile_upload,1,2.304466,4.7568
round_4,optical_isea4h,datasets[0].timings.units[3].workers[15],raster_worker,source.raster_open,1,0.001169,4.7568
round_4,optical_isea4h,datasets[0].timings.units[3].workers[15],raster_worker,entity.tile_checksum,1,0.012492,4.7568
round_4,optical_isea4h,datasets[0].timings.units[3].workers[15],raster_worker,grid.window_calculation,1,0.000224,4.7568
round_4,optical_isea4h,datasets[0].timings.units[3].source_preflight,source_preflight,minio.stat,1,0.006307,4.801313
round_4,optical_isea4h,datasets[0].timings.workflow,workflow_dataset,runner.execute,1,19.280927,19.381905
round_4,optical_isea4h,datasets[0].timings.workflow,workflow_dataset,opengauss.start_output,1,0.01417,19.381905
round_4,optical_isea4h,datasets[0].timings.workflow,workflow_dataset,opengauss.complete_output,1,0.08524,19.381905
round_4,radar_geohash,timings.job_driver,ray_job_driver,workflow.run,1,3.670992,3.827071
round_4,radar_geohash,timings.job_driver,ray_job_driver,driver.bootstrap,1,0.150699,3.827071
round_4,radar_geohash,timings.job_driver,ray_job_driver,task.start_attempt,1,0.004579,3.827071
round_4,radar_geohash,datasets[0].timings.units[0].driver,logical_batch_driver,ray.init,1,0.069316,1.857564
round_4,radar_geohash,datasets[0].timings.units[0].driver,logical_batch_driver,ray.wait,2,1.742648,1.857564
round_4,radar_geohash,datasets[0].timings.units[0].driver,logical_batch_driver,ray.result_get,1,0.00033,1.857564
round_4,radar_geohash,datasets[0].timings.units[0].driver,logical_batch_driver,ray.task_submit,1,0.040506,1.857564
round_4,radar_geohash,datasets[0].timings.units[0].driver,logical_batch_driver,ray.task_prepare,2,0.000256,1.857564
round_4,radar_geohash,datasets[0].timings.units[0].driver,logical_batch_driver,driver.result_merge,1,6e-06,1.857564
round_4,radar_geohash,datasets[0].timings.units[0].workers[0],logical_worker,grid.cover,1,0.00181,0.183248
round_4,radar_geohash,datasets[0].timings.units[0].workers[0],logical_worker,grid.geometry,3,3.7e-05,0.183248
round_4,radar_geohash,datasets[0].timings.units[0].workers[0],logical_worker,minio.chunk_stat,1,0.007286,0.183248
round_4,radar_geohash,datasets[0].timings.units[0].workers[0],logical_worker,minio.chunk_upload,1,0.0476,0.183248
round_4,radar_geohash,datasets[0].timings.units[0].workers[0],logical_worker,logical.row_generation,1,0.000316,0.183248
round_4,radar_geohash,datasets[0].timings.units[0].workers[0],logical_worker,logical.chunk_serialize,1,0.000277,0.183248
round_4,radar_geohash,datasets[0].timings.units[0].workers[0],logical_worker,opengauss.logical_stage,1,0.12552,0.183248
round_4,radar_geohash,datasets[0].timings.units[0].source_preflight,source_preflight,minio.stat,1,0.153386,2.201364
round_4,radar_geohash,datasets[0].timings.units[1].driver,logical_batch_driver,ray.wait,2,1.375539,1.390903
round_4,radar_geohash,datasets[0].timings.units[1].driver,logical_batch_driver,ray.result_get,1,0.000335,1.390903
round_4,radar_geohash,datasets[0].timings.units[1].driver,logical_batch_driver,ray.task_submit,1,0.007826,1.390903
round_4,radar_geohash,datasets[0].timings.units[1].driver,logical_batch_driver,ray.task_prepare,2,0.00024,1.390903
round_4,radar_geohash,datasets[0].timings.units[1].driver,logical_batch_driver,driver.result_merge,1,7e-06,1.390903
round_4,radar_geohash,datasets[0].timings.units[1].workers[0],logical_worker,grid.cover,1,0.001651,0.12857
round_4,radar_geohash,datasets[0].timings.units[1].workers[0],logical_worker,grid.geometry,3,4e-05,0.12857
round_4,radar_geohash,datasets[0].timings.units[1].workers[0],logical_worker,minio.chunk_stat,1,0.006907,0.12857
round_4,radar_geohash,datasets[0].timings.units[1].workers[0],logical_worker,minio.chunk_upload,1,0.027564,0.12857
round_4,radar_geohash,datasets[0].timings.units[1].workers[0],logical_worker,logical.row_generation,1,0.000324,0.12857
round_4,radar_geohash,datasets[0].timings.units[1].workers[0],logical_worker,logical.chunk_serialize,1,0.000275,0.12857
round_4,radar_geohash,datasets[0].timings.units[1].workers[0],logical_worker,opengauss.logical_stage,1,0.091431,0.12857
round_4,radar_geohash,datasets[0].timings.units[1].source_preflight,source_preflight,minio.stat,1,0.007292,1.398313
round_4,radar_geohash,datasets[0].timings.workflow,workflow_dataset,runner.execute,1,3.60104,3.67063
round_4,radar_geohash,datasets[0].timings.workflow,workflow_dataset,opengauss.start_output,1,0.013649,3.67063
round_4,radar_geohash,datasets[0].timings.workflow,workflow_dataset,opengauss.complete_output,1,0.014904,3.67063
round_4,radar_geohash,datasets[0].timings.workflow,workflow_dataset,opengauss.record_output_chunks,1,0.006519,3.67063
round_4,radar_geohash,datasets[0].timings.workflow,workflow_dataset,opengauss.verify_output_chunks,1,0.020336,3.67063
round_4,radar_geohash,datasets[0].timings.workflow,workflow_dataset,opengauss.promote_logical_staging,1,0.012586,3.67063
round_4,radar_mgrs,timings.job_driver,ray_job_driver,workflow.run,1,3.678277,3.824619
round_4,radar_mgrs,timings.job_driver,ray_job_driver,driver.bootstrap,1,0.141408,3.824619
round_4,radar_mgrs,timings.job_driver,ray_job_driver,task.start_attempt,1,0.004215,3.824619
round_4,radar_mgrs,datasets[0].timings.units[0].driver,logical_batch_driver,ray.init,1,0.072818,1.727251
round_4,radar_mgrs,datasets[0].timings.units[0].driver,logical_batch_driver,ray.wait,2,1.605459,1.727251
round_4,radar_mgrs,datasets[0].timings.units[0].driver,logical_batch_driver,ray.result_get,1,0.000343,1.727251
round_4,radar_mgrs,datasets[0].timings.units[0].driver,logical_batch_driver,ray.task_submit,1,0.0437,1.727251
round_4,radar_mgrs,datasets[0].timings.units[0].driver,logical_batch_driver,ray.task_prepare,2,0.000258,1.727251
round_4,radar_mgrs,datasets[0].timings.units[0].driver,logical_batch_driver,driver.result_merge,1,6e-06,1.727251
round_4,radar_mgrs,datasets[0].timings.units[0].workers[0],logical_worker,grid.cover,1,0.221872,0.3688
round_4,radar_mgrs,datasets[0].timings.units[0].workers[0],logical_worker,grid.geometry,15,0.002298,0.3688
round_4,radar_mgrs,datasets[0].timings.units[0].workers[0],logical_worker,minio.chunk_stat,1,0.007289,0.3688
round_4,radar_mgrs,datasets[0].timings.units[0].workers[0],logical_worker,minio.chunk_upload,1,0.037481,0.3688
round_4,radar_mgrs,datasets[0].timings.units[0].workers[0],logical_worker,logical.row_generation,1,0.003347,0.3688
round_4,radar_mgrs,datasets[0].timings.units[0].workers[0],logical_worker,logical.chunk_serialize,1,0.002557,0.3688
round_4,radar_mgrs,datasets[0].timings.units[0].workers[0],logical_worker,opengauss.logical_stage,1,0.095705,0.3688
round_4,radar_mgrs,datasets[0].timings.units[0].source_preflight,source_preflight,minio.stat,1,0.149392,2.06533
round_4,radar_mgrs,datasets[0].timings.units[1].driver,logical_batch_driver,ray.wait,2,1.502201,1.515993
round_4,radar_mgrs,datasets[0].timings.units[1].driver,logical_batch_driver,ray.result_get,1,0.000295,1.515993
round_4,radar_mgrs,datasets[0].timings.units[1].driver,logical_batch_driver,ray.task_submit,1,0.009298,1.515993
round_4,radar_mgrs,datasets[0].timings.units[1].driver,logical_batch_driver,ray.task_prepare,2,0.000242,1.515993
round_4,radar_mgrs,datasets[0].timings.units[1].driver,logical_batch_driver,driver.result_merge,1,6e-06,1.515993
round_4,radar_mgrs,datasets[0].timings.units[1].workers[0],logical_worker,grid.cover,1,0.10915,0.255755
round_4,radar_mgrs,datasets[0].timings.units[1].workers[0],logical_worker,grid.geometry,15,0.002379,0.255755
round_4,radar_mgrs,datasets[0].timings.units[1].workers[0],logical_worker,minio.chunk_stat,1,0.006878,0.255755
round_4,radar_mgrs,datasets[0].timings.units[1].workers[0],logical_worker,minio.chunk_upload,1,0.031562,0.255755
round_4,radar_mgrs,datasets[0].timings.units[1].workers[0],logical_worker,logical.row_generation,1,0.003495,0.255755
round_4,radar_mgrs,datasets[0].timings.units[1].workers[0],logical_worker,logical.chunk_serialize,1,0.002564,0.255755
round_4,radar_mgrs,datasets[0].timings.units[1].workers[0],logical_worker,opengauss.logical_stage,1,0.101502,0.255755
round_4,radar_mgrs,datasets[0].timings.units[1].source_preflight,source_preflight,minio.stat,1,0.006959,1.52307
round_4,radar_mgrs,datasets[0].timings.workflow,workflow_dataset,runner.execute,1,3.589731,3.677931
round_4,radar_mgrs,datasets[0].timings.workflow,workflow_dataset,opengauss.start_output,1,0.012438,3.677931
round_4,radar_mgrs,datasets[0].timings.workflow,workflow_dataset,opengauss.complete_output,1,0.018446,3.677931
round_4,radar_mgrs,datasets[0].timings.workflow,workflow_dataset,opengauss.record_output_chunks,1,0.006237,3.677931
round_4,radar_mgrs,datasets[0].timings.workflow,workflow_dataset,opengauss.verify_output_chunks,1,0.024083,3.677931
round_4,radar_mgrs,datasets[0].timings.workflow,workflow_dataset,opengauss.promote_logical_staging,1,0.025106,3.677931
round_4,radar_isea4h,timings.job_driver,ray_job_driver,workflow.run,1,11.572023,11.725118
round_4,radar_isea4h,timings.job_driver,ray_job_driver,driver.bootstrap,1,0.148294,11.725118
round_4,radar_isea4h,timings.job_driver,ray_job_driver,task.start_attempt,1,0.004095,11.725118
round_4,radar_isea4h,datasets[0].timings.units[0].driver,raster_driver,ray.init,1,0.072473,8.392948
round_4,radar_isea4h,datasets[0].timings.units[0].driver,raster_driver,ray.wait,23,8.217507,8.392948
round_4,radar_isea4h,datasets[0].timings.units[0].driver,raster_driver,ray.result_get,16,0.004932,8.392948
round_4,radar_isea4h,datasets[0].timings.units[0].driver,raster_driver,ray.task_submit,16,0.053503,8.392948
round_4,radar_isea4h,datasets[0].timings.units[0].driver,raster_driver,driver.result_merge,16,0.000115,8.392948
round_4,radar_isea4h,datasets[0].timings.units[0].workers[0],raster_worker,grid.cover,1,4.605138,5.627882
round_4,radar_isea4h,datasets[0].timings.units[0].workers[0],raster_worker,source.cache,1,0.000556,5.627882
round_4,radar_isea4h,datasets[0].timings.units[0].workers[0],raster_worker,grid.geometry,1,0.000817,5.627882
round_4,radar_isea4h,datasets[0].timings.units[0].workers[0],raster_worker,minio.tile_stat,1,0.008641,5.627882
round_4,radar_isea4h,datasets[0].timings.units[0].workers[0],raster_worker,source.checksum,1,0.032525,5.627882
round_4,radar_isea4h,datasets[0].timings.units[0].workers[0],raster_worker,source.download,1,0.0,5.627882
round_4,radar_isea4h,datasets[0].timings.units[0].workers[0],raster_worker,entity.tile_mask,1,0.235305,5.627882
round_4,radar_isea4h,datasets[0].timings.units[0].workers[0],raster_worker,entity.tile_write,1,0.355966,5.627882
round_4,radar_isea4h,datasets[0].timings.units[0].workers[0],raster_worker,minio.tile_upload,1,0.356339,5.627882
round_4,radar_isea4h,datasets[0].timings.units[0].workers[0],raster_worker,source.raster_open,1,0.019739,5.627882
round_4,radar_isea4h,datasets[0].timings.units[0].workers[0],raster_worker,entity.tile_checksum,1,0.008803,5.627882
round_4,radar_isea4h,datasets[0].timings.units[0].workers[0],raster_worker,grid.window_calculation,1,0.00037,5.627882
round_4,radar_isea4h,datasets[0].timings.units[0].workers[1],raster_worker,grid.cover,1,4.64689,5.512709
round_4,radar_isea4h,datasets[0].timings.units[0].workers[1],raster_worker,source.cache,1,0.000248,5.512709
round_4,radar_isea4h,datasets[0].timings.units[0].workers[1],raster_worker,grid.geometry,1,0.001015,5.512709
round_4,radar_isea4h,datasets[0].timings.units[0].workers[1],raster_worker,minio.tile_stat,1,0.008142,5.512709
round_4,radar_isea4h,datasets[0].timings.units[0].workers[1],raster_worker,source.checksum,1,0.029617,5.512709
round_4,radar_isea4h,datasets[0].timings.units[0].workers[1],raster_worker,source.download,1,0.0,5.512709
round_4,radar_isea4h,datasets[0].timings.units[0].workers[1],raster_worker,entity.tile_mask,1,0.231227,5.512709
round_4,radar_isea4h,datasets[0].timings.units[0].workers[1],raster_worker,entity.tile_write,1,0.37445,5.512709
round_4,radar_isea4h,datasets[0].timings.units[0].workers[1],raster_worker,source.raster_open,1,0.086001,5.512709
round_4,radar_isea4h,datasets[0].timings.units[0].workers[1],raster_worker,entity.tile_checksum,1,0.02685,5.512709
round_4,radar_isea4h,datasets[0].timings.units[0].workers[1],raster_worker,grid.window_calculation,1,0.000428,5.512709
round_4,radar_isea4h,datasets[0].timings.units[0].workers[2],raster_worker,grid.cover,1,4.807738,5.979405
round_4,radar_isea4h,datasets[0].timings.units[0].workers[2],raster_worker,source.cache,1,0.000224,5.979405
round_4,radar_isea4h,datasets[0].timings.units[0].workers[2],raster_worker,grid.geometry,1,0.000786,5.979405
round_4,radar_isea4h,datasets[0].timings.units[0].workers[2],raster_worker,minio.tile_stat,1,0.005394,5.979405
round_4,radar_isea4h,datasets[0].timings.units[0].workers[2],raster_worker,source.checksum,1,0.029414,5.979405
round_4,radar_isea4h,datasets[0].timings.units[0].workers[2],raster_worker,source.download,1,0.0,5.979405
round_4,radar_isea4h,datasets[0].timings.units[0].workers[2],raster_worker,entity.tile_mask,1,0.229794,5.979405
round_4,radar_isea4h,datasets[0].timings.units[0].workers[2],raster_worker,entity.tile_write,1,0.358589,5.979405
round_4,radar_isea4h,datasets[0].timings.units[0].workers[2],raster_worker,minio.tile_upload,1,0.499113,5.979405
round_4,radar_isea4h,datasets[0].timings.units[0].workers[2],raster_worker,source.raster_open,1,0.017903,5.979405
round_4,radar_isea4h,datasets[0].timings.units[0].workers[2],raster_worker,entity.tile_checksum,1,0.026701,5.979405
round_4,radar_isea4h,datasets[0].timings.units[0].workers[2],raster_worker,grid.window_calculation,1,0.000343,5.979405
round_4,radar_isea4h,datasets[0].timings.units[0].workers[3],raster_worker,grid.cover,1,4.557613,5.405105
round_4,radar_isea4h,datasets[0].timings.units[0].workers[3],raster_worker,source.cache,1,0.000288,5.405105
round_4,radar_isea4h,datasets[0].timings.units[0].workers[3],raster_worker,grid.geometry,1,0.000967,5.405105
round_4,radar_isea4h,datasets[0].timings.units[0].workers[3],raster_worker,minio.tile_stat,1,0.006932,5.405105
round_4,radar_isea4h,datasets[0].timings.units[0].workers[3],raster_worker,source.checksum,1,0.028327,5.405105
round_4,radar_isea4h,datasets[0].timings.units[0].workers[3],raster_worker,source.download,1,0.0,5.405105
round_4,radar_isea4h,datasets[0].timings.units[0].workers[3],raster_worker,entity.tile_mask,1,0.223488,5.405105
round_4,radar_isea4h,datasets[0].timings.units[0].workers[3],raster_worker,entity.tile_write,1,0.377408,5.405105
round_4,radar_isea4h,datasets[0].timings.units[0].workers[3],raster_worker,minio.tile_upload,1,0.176236,5.405105
round_4,radar_isea4h,datasets[0].timings.units[0].workers[3],raster_worker,source.raster_open,1,0.020151,5.405105
round_4,radar_isea4h,datasets[0].timings.units[0].workers[3],raster_worker,entity.tile_checksum,1,0.009199,5.405105
round_4,radar_isea4h,datasets[0].timings.units[0].workers[3],raster_worker,grid.window_calculation,1,0.000433,5.405105
round_4,radar_isea4h,datasets[0].timings.units[0].workers[4],raster_worker,grid.cover,1,4.598116,6.186539
round_4,radar_isea4h,datasets[0].timings.units[0].workers[4],raster_worker,source.cache,1,0.0003,6.186539
round_4,radar_isea4h,datasets[0].timings.units[0].workers[4],raster_worker,grid.geometry,3,0.002833,6.186539
round_4,radar_isea4h,datasets[0].timings.units[0].workers[4],raster_worker,minio.tile_stat,3,0.023156,6.186539
round_4,radar_isea4h,datasets[0].timings.units[0].workers[4],raster_worker,source.checksum,1,0.03242,6.186539
round_4,radar_isea4h,datasets[0].timings.units[0].workers[4],raster_worker,source.download,1,0.0,6.186539
round_4,radar_isea4h,datasets[0].timings.units[0].workers[4],raster_worker,entity.tile_mask,3,0.370871,6.186539
round_4,radar_isea4h,datasets[0].timings.units[0].workers[4],raster_worker,entity.tile_write,3,0.865939,6.186539
round_4,radar_isea4h,datasets[0].timings.units[0].workers[4],raster_worker,minio.tile_upload,2,0.225896,6.186539
round_4,radar_isea4h,datasets[0].timings.units[0].workers[4],raster_worker,source.raster_open,1,0.021983,6.186539
round_4,radar_isea4h,datasets[0].timings.units[0].workers[4],raster_worker,entity.tile_checksum,3,0.037631,6.186539
round_4,radar_isea4h,datasets[0].timings.units[0].workers[4],raster_worker,grid.window_calculation,3,0.000874,6.186539
round_4,radar_isea4h,datasets[0].timings.units[0].workers[5],raster_worker,grid.cover,1,4.67563,5.398913
round_4,radar_isea4h,datasets[0].timings.units[0].workers[5],raster_worker,source.cache,1,0.000223,5.398913
round_4,radar_isea4h,datasets[0].timings.units[0].workers[5],raster_worker,grid.geometry,1,0.000856,5.398913
round_4,radar_isea4h,datasets[0].timings.units[0].workers[5],raster_worker,minio.tile_stat,1,0.009703,5.398913
round_4,radar_isea4h,datasets[0].timings.units[0].workers[5],raster_worker,source.checksum,1,0.039859,5.398913
round_4,radar_isea4h,datasets[0].timings.units[0].workers[5],raster_worker,source.download,1,0.0,5.398913
round_4,radar_isea4h,datasets[0].timings.units[0].workers[5],raster_worker,entity.tile_mask,1,0.235712,5.398913
round_4,radar_isea4h,datasets[0].timings.units[0].workers[5],raster_worker,entity.tile_write,1,0.400663,5.398913
round_4,radar_isea4h,datasets[0].timings.units[0].workers[5],raster_worker,source.raster_open,1,0.023,5.398913
round_4,radar_isea4h,datasets[0].timings.units[0].workers[5],raster_worker,entity.tile_checksum,1,0.009238,5.398913
round_4,radar_isea4h,datasets[0].timings.units[0].workers[5],raster_worker,grid.window_calculation,1,0.000362,5.398913
round_4,radar_isea4h,datasets[0].timings.units[0].workers[6],raster_worker,grid.cover,1,4.746419,6.278891
round_4,radar_isea4h,datasets[0].timings.units[0].workers[6],raster_worker,source.cache,1,0.000321,6.278891
round_4,radar_isea4h,datasets[0].timings.units[0].workers[6],raster_worker,grid.geometry,2,0.002049,6.278891
round_4,radar_isea4h,datasets[0].timings.units[0].workers[6],raster_worker,minio.tile_stat,2,0.354701,6.278891
round_4,radar_isea4h,datasets[0].timings.units[0].workers[6],raster_worker,source.checksum,1,0.036861,6.278891
round_4,radar_isea4h,datasets[0].timings.units[0].workers[6],raster_worker,source.download,1,0.0,6.278891
round_4,radar_isea4h,datasets[0].timings.units[0].workers[6],raster_worker,entity.tile_mask,2,0.326029,6.278891
round_4,radar_isea4h,datasets[0].timings.units[0].workers[6],raster_worker,entity.tile_write,2,0.754592,6.278891
round_4,radar_isea4h,datasets[0].timings.units[0].workers[6],raster_worker,source.raster_open,1,0.018937,6.278891
round_4,radar_isea4h,datasets[0].timings.units[0].workers[6],raster_worker,entity.tile_checksum,2,0.032962,6.278891
round_4,radar_isea4h,datasets[0].timings.units[0].workers[6],raster_worker,grid.window_calculation,2,0.000661,6.278891
round_4,radar_isea4h,datasets[0].timings.units[0].workers[7],raster_worker,grid.cover,1,4.589244,6.175211
round_4,radar_isea4h,datasets[0].timings.units[0].workers[7],raster_worker,source.cache,1,0.000258,6.175211
round_4,radar_isea4h,datasets[0].timings.units[0].workers[7],raster_worker,grid.geometry,2,0.002111,6.175211
round_4,radar_isea4h,datasets[0].timings.units[0].workers[7],raster_worker,minio.tile_stat,2,0.211592,6.175211
round_4,radar_isea4h,datasets[0].timings.units[0].workers[7],raster_worker,source.checksum,1,0.028836,6.175211
round_4,radar_isea4h,datasets[0].timings.units[0].workers[7],raster_worker,source.download,1,0.0,6.175211
round_4,radar_isea4h,datasets[0].timings.units[0].workers[7],raster_worker,entity.tile_mask,2,0.31411,6.175211
round_4,radar_isea4h,datasets[0].timings.units[0].workers[7],raster_worker,entity.tile_write,2,0.739341,6.175211
round_4,radar_isea4h,datasets[0].timings.units[0].workers[7],raster_worker,source.raster_open,1,0.089754,6.175211
round_4,radar_isea4h,datasets[0].timings.units[0].workers[7],raster_worker,entity.tile_checksum,2,0.032388,6.175211
round_4,radar_isea4h,datasets[0].timings.units[0].workers[7],raster_worker,grid.window_calculation,2,0.000673,6.175211
round_4,radar_isea4h,datasets[0].timings.units[0].workers[8],raster_worker,grid.cover,1,4.596525,6.15237
round_4,radar_isea4h,datasets[0].timings.units[0].workers[8],raster_worker,source.cache,1,0.000247,6.15237
round_4,radar_isea4h,datasets[0].timings.units[0].workers[8],raster_worker,grid.geometry,2,0.002148,6.15237
round_4,radar_isea4h,datasets[0].timings.units[0].workers[8],raster_worker,minio.tile_stat,2,0.227273,6.15237
round_4,radar_isea4h,datasets[0].timings.units[0].workers[8],raster_worker,source.checksum,1,0.027911,6.15237
round_4,radar_isea4h,datasets[0].timings.units[0].workers[8],raster_worker,source.download,1,0.0,6.15237
round_4,radar_isea4h,datasets[0].timings.units[0].workers[8],raster_worker,entity.tile_mask,2,0.322535,6.15237
round_4,radar_isea4h,datasets[0].timings.units[0].workers[8],raster_worker,entity.tile_write,2,0.736131,6.15237
round_4,radar_isea4h,datasets[0].timings.units[0].workers[8],raster_worker,source.raster_open,1,0.061288,6.15237
round_4,radar_isea4h,datasets[0].timings.units[0].workers[8],raster_worker,entity.tile_checksum,2,0.017987,6.15237
round_4,radar_isea4h,datasets[0].timings.units[0].workers[8],raster_worker,grid.window_calculation,2,0.000682,6.15237
round_4,radar_isea4h,datasets[0].timings.units[0].workers[9],raster_worker,grid.cover,1,4.67854,6.173964
round_4,radar_isea4h,datasets[0].timings.units[0].workers[9],raster_worker,source.cache,1,0.000239,6.173964
round_4,radar_isea4h,datasets[0].timings.units[0].workers[9],raster_worker,grid.geometry,3,0.003092,6.173964
round_4,radar_isea4h,datasets[0].timings.units[0].workers[9],raster_worker,minio.tile_stat,3,0.017744,6.173964
round_4,radar_isea4h,datasets[0].timings.units[0].workers[9],raster_worker,source.checksum,1,0.028967,6.173964
round_4,radar_isea4h,datasets[0].timings.units[0].workers[9],raster_worker,source.download,1,0.0,6.173964
round_4,radar_isea4h,datasets[0].timings.units[0].workers[9],raster_worker,entity.tile_mask,3,0.371213,6.173964
round_4,radar_isea4h,datasets[0].timings.units[0].workers[9],raster_worker,entity.tile_write,3,0.914686,6.173964
round_4,radar_isea4h,datasets[0].timings.units[0].workers[9],raster_worker,source.raster_open,1,0.060209,6.173964
round_4,radar_isea4h,datasets[0].timings.units[0].workers[9],raster_worker,entity.tile_checksum,3,0.019507,6.173964
round_4,radar_isea4h,datasets[0].timings.units[0].workers[9],raster_worker,grid.window_calculation,3,0.000915,6.173964
round_4,radar_isea4h,datasets[0].timings.units[0].workers[10],raster_worker,grid.cover,1,4.698991,6.238833
round_4,radar_isea4h,datasets[0].timings.units[0].workers[10],raster_worker,source.cache,1,0.000245,6.238833
round_4,radar_isea4h,datasets[0].timings.units[0].workers[10],raster_worker,grid.geometry,3,0.003092,6.238833
round_4,radar_isea4h,datasets[0].timings.units[0].workers[10],raster_worker,minio.tile_stat,3,0.016967,6.238833
round_4,radar_isea4h,datasets[0].timings.units[0].workers[10],raster_worker,source.checksum,1,0.032605,6.238833
round_4,radar_isea4h,datasets[0].timings.units[0].workers[10],raster_worker,source.download,1,0.0,6.238833
round_4,radar_isea4h,datasets[0].timings.units[0].workers[10],raster_worker,entity.tile_mask,3,0.374071,6.238833
round_4,radar_isea4h,datasets[0].timings.units[0].workers[10],raster_worker,entity.tile_write,3,0.936195,6.238833
round_4,radar_isea4h,datasets[0].timings.units[0].workers[10],raster_worker,source.raster_open,1,0.097981,6.238833
round_4,radar_isea4h,datasets[0].timings.units[0].workers[10],raster_worker,entity.tile_checksum,3,0.01947,6.238833
round_4,radar_isea4h,datasets[0].timings.units[0].workers[10],raster_worker,grid.window_calculation,3,0.000918,6.238833
round_4,radar_isea4h,datasets[0].timings.units[0].workers[11],raster_worker,grid.cover,1,4.540219,5.694732
round_4,radar_isea4h,datasets[0].timings.units[0].workers[11],raster_worker,source.cache,1,0.000231,5.694732
round_4,radar_isea4h,datasets[0].timings.units[0].workers[11],raster_worker,grid.geometry,1,0.000804,5.694732
round_4,radar_isea4h,datasets[0].timings.units[0].workers[11],raster_worker,minio.tile_stat,1,0.016955,5.694732
round_4,radar_isea4h,datasets[0].timings.units[0].workers[11],raster_worker,source.checksum,1,0.028279,5.694732
round_4,radar_isea4h,datasets[0].timings.units[0].workers[11],raster_worker,source.download,1,0.0,5.694732
round_4,radar_isea4h,datasets[0].timings.units[0].workers[11],raster_worker,entity.tile_mask,1,0.222327,5.694732
round_4,radar_isea4h,datasets[0].timings.units[0].workers[11],raster_worker,entity.tile_write,1,0.375538,5.694732
round_4,radar_isea4h,datasets[0].timings.units[0].workers[11],raster_worker,minio.tile_upload,1,0.479777,5.694732
round_4,radar_isea4h,datasets[0].timings.units[0].workers[11],raster_worker,source.raster_open,1,0.017624,5.694732
round_4,radar_isea4h,datasets[0].timings.units[0].workers[11],raster_worker,entity.tile_checksum,1,0.009177,5.694732
round_4,radar_isea4h,datasets[0].timings.units[0].workers[11],raster_worker,grid.window_calculation,1,0.000333,5.694732
round_4,radar_isea4h,datasets[0].timings.units[0].workers[12],raster_worker,grid.cover,1,4.62043,5.793076
round_4,radar_isea4h,datasets[0].timings.units[0].workers[12],raster_worker,source.cache,1,0.000246,5.793076
round_4,radar_isea4h,datasets[0].timings.units[0].workers[12],raster_worker,grid.geometry,2,0.001819,5.793076
round_4,radar_isea4h,datasets[0].timings.units[0].workers[12],raster_worker,minio.tile_stat,2,0.02994,5.793076
round_4,radar_isea4h,datasets[0].timings.units[0].workers[12],raster_worker,source.checksum,1,0.028292,5.793076
round_4,radar_isea4h,datasets[0].timings.units[0].workers[12],raster_worker,source.download,1,0.0,5.793076
round_4,radar_isea4h,datasets[0].timings.units[0].workers[12],raster_worker,entity.tile_mask,2,0.316241,5.793076
round_4,radar_isea4h,datasets[0].timings.units[0].workers[12],raster_worker,entity.tile_write,2,0.75298,5.793076
round_4,radar_isea4h,datasets[0].timings.units[0].workers[12],raster_worker,source.raster_open,1,0.019556,5.793076
round_4,radar_isea4h,datasets[0].timings.units[0].workers[12],raster_worker,entity.tile_checksum,2,0.018078,5.793076
round_4,radar_isea4h,datasets[0].timings.units[0].workers[12],raster_worker,grid.window_calculation,2,0.000581,5.793076
round_4,radar_isea4h,datasets[0].timings.units[0].workers[13],raster_worker,grid.cover,1,4.654021,6.616289
round_4,radar_isea4h,datasets[0].timings.units[0].workers[13],raster_worker,source.cache,1,0.000245,6.616289
round_4,radar_isea4h,datasets[0].timings.units[0].workers[13],raster_worker,grid.geometry,3,0.003004,6.616289
round_4,radar_isea4h,datasets[0].timings.units[0].workers[13],raster_worker,minio.tile_stat,3,0.01607,6.616289
round_4,radar_isea4h,datasets[0].timings.units[0].workers[13],raster_worker,source.checksum,1,0.029511,6.616289
round_4,radar_isea4h,datasets[0].timings.units[0].workers[13],raster_worker,source.download,1,0.0,6.616289
round_4,radar_isea4h,datasets[0].timings.units[0].workers[13],raster_worker,entity.tile_mask,3,0.369359,6.616289
round_4,radar_isea4h,datasets[0].timings.units[0].workers[13],raster_worker,entity.tile_write,3,0.861336,6.616289
round_4,radar_isea4h,datasets[0].timings.units[0].workers[13],raster_worker,minio.tile_upload,1,0.637025,6.616289
round_4,radar_isea4h,datasets[0].timings.units[0].workers[13],raster_worker,source.raster_open,1,0.019365,6.616289
round_4,radar_isea4h,datasets[0].timings.units[0].workers[13],raster_worker,entity.tile_checksum,3,0.019294,6.616289
round_4,radar_isea4h,datasets[0].timings.units[0].workers[13],raster_worker,grid.window_calculation,3,0.000862,6.616289
round_4,radar_isea4h,datasets[0].timings.units[0].workers[14],raster_worker,grid.cover,1,4.68019,5.954513
round_4,radar_isea4h,datasets[0].timings.units[0].workers[14],raster_worker,source.cache,1,0.000232,5.954513
round_4,radar_isea4h,datasets[0].timings.units[0].workers[14],raster_worker,grid.geometry,2,0.001847,5.954513
round_4,radar_isea4h,datasets[0].timings.units[0].workers[14],raster_worker,minio.tile_stat,2,0.139089,5.954513
round_4,radar_isea4h,datasets[0].timings.units[0].workers[14],raster_worker,source.checksum,1,0.030388,5.954513
round_4,radar_isea4h,datasets[0].timings.units[0].workers[14],raster_worker,source.download,1,0.0,5.954513
round_4,radar_isea4h,datasets[0].timings.units[0].workers[14],raster_worker,entity.tile_mask,2,0.31296,5.954513
round_4,radar_isea4h,datasets[0].timings.units[0].workers[14],raster_worker,entity.tile_write,2,0.74209,5.954513
round_4,radar_isea4h,datasets[0].timings.units[0].workers[14],raster_worker,source.raster_open,1,0.018035,5.954513
round_4,radar_isea4h,datasets[0].timings.units[0].workers[14],raster_worker,entity.tile_checksum,2,0.024165,5.954513
round_4,radar_isea4h,datasets[0].timings.units[0].workers[14],raster_worker,grid.window_calculation,2,0.00059,5.954513
round_4,radar_isea4h,datasets[0].timings.units[0].workers[15],raster_worker,grid.cover,1,4.745378,5.940038
round_4,radar_isea4h,datasets[0].timings.units[0].workers[15],raster_worker,source.cache,1,0.000266,5.940038
round_4,radar_isea4h,datasets[0].timings.units[0].workers[15],raster_worker,grid.geometry,2,0.001899,5.940038
round_4,radar_isea4h,datasets[0].timings.units[0].workers[15],raster_worker,minio.tile_stat,2,0.012744,5.940038
round_4,radar_isea4h,datasets[0].timings.units[0].workers[15],raster_worker,source.checksum,1,0.030857,5.940038
round_4,radar_isea4h,datasets[0].timings.units[0].workers[15],raster_worker,source.download,1,0.0,5.940038
round_4,radar_isea4h,datasets[0].timings.units[0].workers[15],raster_worker,entity.tile_mask,2,0.347239,5.940038
round_4,radar_isea4h,datasets[0].timings.units[0].workers[15],raster_worker,entity.tile_write,2,0.743215,5.940038
round_4,radar_isea4h,datasets[0].timings.units[0].workers[15],raster_worker,source.raster_open,1,0.018645,5.940038
round_4,radar_isea4h,datasets[0].timings.units[0].workers[15],raster_worker,entity.tile_checksum,2,0.034206,5.940038
round_4,radar_isea4h,datasets[0].timings.units[0].workers[15],raster_worker,grid.window_calculation,2,0.000594,5.940038
round_4,radar_isea4h,datasets[0].timings.units[0].source_preflight,source_preflight,minio.stat,1,0.162421,8.741894
round_4,radar_isea4h,datasets[0].timings.units[1].driver,raster_driver,ray.wait,17,2.730346,2.783025
round_4,radar_isea4h,datasets[0].timings.units[1].driver,raster_driver,ray.result_get,16,0.004754,2.783025
round_4,radar_isea4h,datasets[0].timings.units[1].driver,raster_driver,ray.task_submit,16,0.016392,2.783025
round_4,radar_isea4h,datasets[0].timings.units[1].driver,raster_driver,driver.result_merge,16,0.000117,2.783025
round_4,radar_isea4h,datasets[0].timings.units[1].workers[0],raster_worker,grid.cover,1,0.00599,1.172314
round_4,radar_isea4h,datasets[0].timings.units[1].workers[0],raster_worker,source.cache,1,0.000374,1.172314
round_4,radar_isea4h,datasets[0].timings.units[1].workers[0],raster_worker,grid.geometry,1,0.00077,1.172314
round_4,radar_isea4h,datasets[0].timings.units[1].workers[0],raster_worker,minio.tile_stat,1,0.03639,1.172314
round_4,radar_isea4h,datasets[0].timings.units[1].workers[0],raster_worker,source.checksum,1,0.06493,1.172314
round_4,radar_isea4h,datasets[0].timings.units[1].workers[0],raster_worker,source.download,1,0.0,1.172314
round_4,radar_isea4h,datasets[0].timings.units[1].workers[0],raster_worker,entity.tile_mask,1,0.206313,1.172314
round_4,radar_isea4h,datasets[0].timings.units[1].workers[0],raster_worker,entity.tile_write,1,0.37622,1.172314
round_4,radar_isea4h,datasets[0].timings.units[1].workers[0],raster_worker,minio.tile_upload,1,0.467253,1.172314
round_4,radar_isea4h,datasets[0].timings.units[1].workers[0],raster_worker,source.raster_open,1,0.001832,1.172314
round_4,radar_isea4h,datasets[0].timings.units[1].workers[0],raster_worker,entity.tile_checksum,1,0.009592,1.172314
round_4,radar_isea4h,datasets[0].timings.units[1].workers[0],raster_worker,grid.window_calculation,1,0.000232,1.172314
round_4,radar_isea4h,datasets[0].timings.units[1].workers[1],raster_worker,grid.cover,1,0.005882,1.252396
round_4,radar_isea4h,datasets[0].timings.units[1].workers[1],raster_worker,source.cache,1,0.000233,1.252396
round_4,radar_isea4h,datasets[0].timings.units[1].workers[1],raster_worker,grid.geometry,1,0.000728,1.252396
round_4,radar_isea4h,datasets[0].timings.units[1].workers[1],raster_worker,minio.tile_stat,1,0.051959,1.252396
round_4,radar_isea4h,datasets[0].timings.units[1].workers[1],raster_worker,source.checksum,1,0.060143,1.252396
round_4,radar_isea4h,datasets[0].timings.units[1].workers[1],raster_worker,source.download,1,0.0,1.252396
round_4,radar_isea4h,datasets[0].timings.units[1].workers[1],raster_worker,entity.tile_mask,1,0.212031,1.252396
round_4,radar_isea4h,datasets[0].timings.units[1].workers[1],raster_worker,entity.tile_write,1,0.393525,1.252396
round_4,radar_isea4h,datasets[0].timings.units[1].workers[1],raster_worker,minio.tile_upload,1,0.51226,1.252396
round_4,radar_isea4h,datasets[0].timings.units[1].workers[1],raster_worker,source.raster_open,1,0.001546,1.252396
round_4,radar_isea4h,datasets[0].timings.units[1].workers[1],raster_worker,entity.tile_checksum,1,0.01182,1.252396
round_4,radar_isea4h,datasets[0].timings.units[1].workers[1],raster_worker,grid.window_calculation,1,0.000202,1.252396
round_4,radar_isea4h,datasets[0].timings.units[1].workers[2],raster_worker,grid.cover,1,0.006291,1.482319
round_4,radar_isea4h,datasets[0].timings.units[1].workers[2],raster_worker,source.cache,1,0.000406,1.482319
round_4,radar_isea4h,datasets[0].timings.units[1].workers[2],raster_worker,grid.geometry,1,0.000829,1.482319
round_4,radar_isea4h,datasets[0].timings.units[1].workers[2],raster_worker,minio.tile_stat,1,0.032642,1.482319
round_4,radar_isea4h,datasets[0].timings.units[1].workers[2],raster_worker,source.checksum,1,0.062361,1.482319
round_4,radar_isea4h,datasets[0].timings.units[1].workers[2],raster_worker,source.download,1,0.0,1.482319
round_4,radar_isea4h,datasets[0].timings.units[1].workers[2],raster_worker,entity.tile_mask,1,0.213404,1.482319
round_4,radar_isea4h,datasets[0].timings.units[1].workers[2],raster_worker,entity.tile_write,1,0.374994,1.482319
round_4,radar_isea4h,datasets[0].timings.units[1].workers[2],raster_worker,minio.tile_upload,1,0.77769,1.482319
round_4,radar_isea4h,datasets[0].timings.units[1].workers[2],raster_worker,source.raster_open,1,0.001598,1.482319
round_4,radar_isea4h,datasets[0].timings.units[1].workers[2],raster_worker,entity.tile_checksum,1,0.009517,1.482319
round_4,radar_isea4h,datasets[0].timings.units[1].workers[2],raster_worker,grid.window_calculation,1,0.000238,1.482319
round_4,radar_isea4h,datasets[0].timings.units[1].workers[3],raster_worker,grid.cover,1,0.007893,1.673207
round_4,radar_isea4h,datasets[0].timings.units[1].workers[3],raster_worker,source.cache,1,0.000366,1.673207
round_4,radar_isea4h,datasets[0].timings.units[1].workers[3],raster_worker,grid.geometry,1,0.000755,1.673207
round_4,radar_isea4h,datasets[0].timings.units[1].workers[3],raster_worker,minio.tile_stat,1,0.022362,1.673207
round_4,radar_isea4h,datasets[0].timings.units[1].workers[3],raster_worker,source.checksum,1,0.031811,1.673207
round_4,radar_isea4h,datasets[0].timings.units[1].workers[3],raster_worker,source.download,1,0.0,1.673207
round_4,radar_isea4h,datasets[0].timings.units[1].workers[3],raster_worker,entity.tile_mask,1,0.235802,1.673207
round_4,radar_isea4h,datasets[0].timings.units[1].workers[3],raster_worker,entity.tile_write,1,0.35154,1.673207
round_4,radar_isea4h,datasets[0].timings.units[1].workers[3],raster_worker,minio.tile_upload,1,1.009354,1.673207
round_4,radar_isea4h,datasets[0].timings.units[1].workers[3],raster_worker,source.raster_open,1,0.001631,1.673207
round_4,radar_isea4h,datasets[0].timings.units[1].workers[3],raster_worker,entity.tile_checksum,1,0.009307,1.673207
round_4,radar_isea4h,datasets[0].timings.units[1].workers[3],raster_worker,grid.window_calculation,1,0.000239,1.673207
round_4,radar_isea4h,datasets[0].timings.units[1].workers[4],raster_worker,grid.cover,1,0.006918,1.758276
round_4,radar_isea4h,datasets[0].timings.units[1].workers[4],raster_worker,source.cache,1,0.000354,1.758276
round_4,radar_isea4h,datasets[0].timings.units[1].workers[4],raster_worker,grid.geometry,2,0.002057,1.758276
round_4,radar_isea4h,datasets[0].timings.units[1].workers[4],raster_worker,minio.tile_stat,2,0.319877,1.758276
round_4,radar_isea4h,datasets[0].timings.units[1].workers[4],raster_worker,source.checksum,1,0.024081,1.758276
round_4,radar_isea4h,datasets[0].timings.units[1].workers[4],raster_worker,source.download,1,0.0,1.758276
round_4,radar_isea4h,datasets[0].timings.units[1].workers[4],raster_worker,entity.tile_mask,2,0.292553,1.758276
round_4,radar_isea4h,datasets[0].timings.units[1].workers[4],raster_worker,entity.tile_write,2,0.706096,1.758276
round_4,radar_isea4h,datasets[0].timings.units[1].workers[4],raster_worker,minio.tile_upload,1,0.370697,1.758276
round_4,radar_isea4h,datasets[0].timings.units[1].workers[4],raster_worker,source.raster_open,1,0.001715,1.758276
round_4,radar_isea4h,datasets[0].timings.units[1].workers[4],raster_worker,entity.tile_checksum,2,0.029291,1.758276
round_4,radar_isea4h,datasets[0].timings.units[1].workers[4],raster_worker,grid.window_calculation,2,0.00059,1.758276
round_4,radar_isea4h,datasets[0].timings.units[1].workers[5],raster_worker,grid.cover,1,0.005487,1.798825
round_4,radar_isea4h,datasets[0].timings.units[1].workers[5],raster_worker,source.cache,1,0.000276,1.798825
round_4,radar_isea4h,datasets[0].timings.units[1].workers[5],raster_worker,grid.geometry,2,0.001914,1.798825
round_4,radar_isea4h,datasets[0].timings.units[1].workers[5],raster_worker,minio.tile_stat,2,0.011034,1.798825
round_4,radar_isea4h,datasets[0].timings.units[1].workers[5],raster_worker,source.checksum,1,0.023355,1.798825
round_4,radar_isea4h,datasets[0].timings.units[1].workers[5],raster_worker,source.download,1,0.0,1.798825
round_4,radar_isea4h,datasets[0].timings.units[1].workers[5],raster_worker,entity.tile_mask,2,0.295515,1.798825
round_4,radar_isea4h,datasets[0].timings.units[1].workers[5],raster_worker,entity.tile_write,2,0.69961,1.798825
round_4,radar_isea4h,datasets[0].timings.units[1].workers[5],raster_worker,minio.tile_upload,1,0.724992,1.798825
round_4,radar_isea4h,datasets[0].timings.units[1].workers[5],raster_worker,source.raster_open,1,0.001622,1.798825
round_4,radar_isea4h,datasets[0].timings.units[1].workers[5],raster_worker,entity.tile_checksum,2,0.030906,1.798825
round_4,radar_isea4h,datasets[0].timings.units[1].workers[5],raster_worker,grid.window_calculation,2,0.000492,1.798825
round_4,radar_isea4h,datasets[0].timings.units[1].workers[6],raster_worker,grid.cover,1,0.007077,1.86314
round_4,radar_isea4h,datasets[0].timings.units[1].workers[6],raster_worker,source.cache,1,0.000331,1.86314
round_4,radar_isea4h,datasets[0].timings.units[1].workers[6],raster_worker,grid.geometry,3,0.003185,1.86314
round_4,radar_isea4h,datasets[0].timings.units[1].workers[6],raster_worker,minio.tile_stat,3,0.012812,1.86314
round_4,radar_isea4h,datasets[0].timings.units[1].workers[6],raster_worker,source.checksum,1,0.027441,1.86314
round_4,radar_isea4h,datasets[0].timings.units[1].workers[6],raster_worker,source.download,1,0.0,1.86314
round_4,radar_isea4h,datasets[0].timings.units[1].workers[6],raster_worker,entity.tile_mask,3,0.329081,1.86314
round_4,radar_isea4h,datasets[0].timings.units[1].workers[6],raster_worker,entity.tile_write,3,0.842892,1.86314
round_4,radar_isea4h,datasets[0].timings.units[1].workers[6],raster_worker,minio.tile_upload,2,0.611196,1.86314
round_4,radar_isea4h,datasets[0].timings.units[1].workers[6],raster_worker,source.raster_open,1,0.001878,1.86314
round_4,radar_isea4h,datasets[0].timings.units[1].workers[6],raster_worker,entity.tile_checksum,3,0.020855,1.86314
round_4,radar_isea4h,datasets[0].timings.units[1].workers[6],raster_worker,grid.window_calculation,3,0.00083,1.86314
round_4,radar_isea4h,datasets[0].timings.units[1].workers[7],raster_worker,grid.cover,1,0.005269,1.860759
round_4,radar_isea4h,datasets[0].timings.units[1].workers[7],raster_worker,source.cache,1,0.000252,1.860759
round_4,radar_isea4h,datasets[0].timings.units[1].workers[7],raster_worker,grid.geometry,2,0.001782,1.860759
round_4,radar_isea4h,datasets[0].timings.units[1].workers[7],raster_worker,minio.tile_stat,2,0.025611,1.860759
round_4,radar_isea4h,datasets[0].timings.units[1].workers[7],raster_worker,source.checksum,1,0.061181,1.860759
round_4,radar_isea4h,datasets[0].timings.units[1].workers[7],raster_worker,source.download,1,0.0,1.860759
round_4,radar_isea4h,datasets[0].timings.units[1].workers[7],raster_worker,entity.tile_mask,2,0.303059,1.860759
round_4,radar_isea4h,datasets[0].timings.units[1].workers[7],raster_worker,entity.tile_write,2,0.713064,1.860759
round_4,radar_isea4h,datasets[0].timings.units[1].workers[7],raster_worker,minio.tile_upload,1,0.726001,1.860759
round_4,radar_isea4h,datasets[0].timings.units[1].workers[7],raster_worker,source.raster_open,1,0.001642,1.860759
round_4,radar_isea4h,datasets[0].timings.units[1].workers[7],raster_worker,entity.tile_checksum,2,0.01881,1.860759
round_4,radar_isea4h,datasets[0].timings.units[1].workers[7],raster_worker,grid.window_calculation,2,0.000514,1.860759
round_4,radar_isea4h,datasets[0].timings.units[1].workers[8],raster_worker,grid.cover,1,0.006231,1.879862
round_4,radar_isea4h,datasets[0].timings.units[1].workers[8],raster_worker,source.cache,1,0.000311,1.879862
round_4,radar_isea4h,datasets[0].timings.units[1].workers[8],raster_worker,grid.geometry,3,0.00317,1.879862
round_4,radar_isea4h,datasets[0].timings.units[1].workers[8],raster_worker,minio.tile_stat,3,0.042711,1.879862
round_4,radar_isea4h,datasets[0].timings.units[1].workers[8],raster_worker,source.checksum,1,0.06741,1.879862
round_4,radar_isea4h,datasets[0].timings.units[1].workers[8],raster_worker,source.download,1,0.0,1.879862
round_4,radar_isea4h,datasets[0].timings.units[1].workers[8],raster_worker,entity.tile_mask,3,0.321663,1.879862
round_4,radar_isea4h,datasets[0].timings.units[1].workers[8],raster_worker,entity.tile_write,3,0.852453,1.879862
round_4,radar_isea4h,datasets[0].timings.units[1].workers[8],raster_worker,minio.tile_upload,1,0.552234,1.879862
round_4,radar_isea4h,datasets[0].timings.units[1].workers[8],raster_worker,source.raster_open,1,0.001465,1.879862
round_4,radar_isea4h,datasets[0].timings.units[1].workers[8],raster_worker,entity.tile_checksum,3,0.0266,1.879862
round_4,radar_isea4h,datasets[0].timings.units[1].workers[8],raster_worker,grid.window_calculation,3,0.000746,1.879862
round_4,radar_isea4h,datasets[0].timings.units[1].workers[9],raster_worker,grid.cover,1,0.007221,1.927731
round_4,radar_isea4h,datasets[0].timings.units[1].workers[9],raster_worker,source.cache,1,0.00025,1.927731
round_4,radar_isea4h,datasets[0].timings.units[1].workers[9],raster_worker,grid.geometry,1,0.000742,1.927731
round_4,radar_isea4h,datasets[0].timings.units[1].workers[9],raster_worker,minio.tile_stat,1,0.005379,1.927731
round_4,radar_isea4h,datasets[0].timings.units[1].workers[9],raster_worker,source.checksum,1,0.021803,1.927731
round_4,radar_isea4h,datasets[0].timings.units[1].workers[9],raster_worker,source.download,1,0.0,1.927731
round_4,radar_isea4h,datasets[0].timings.units[1].workers[9],raster_worker,entity.tile_mask,1,0.208843,1.927731
round_4,radar_isea4h,datasets[0].timings.units[1].workers[9],raster_worker,entity.tile_write,1,0.351005,1.927731
round_4,radar_isea4h,datasets[0].timings.units[1].workers[9],raster_worker,minio.tile_upload,1,1.317503,1.927731
round_4,radar_isea4h,datasets[0].timings.units[1].workers[9],raster_worker,source.raster_open,1,0.001647,1.927731
round_4,radar_isea4h,datasets[0].timings.units[1].workers[9],raster_worker,entity.tile_checksum,1,0.010983,1.927731
round_4,radar_isea4h,datasets[0].timings.units[1].workers[9],raster_worker,grid.window_calculation,1,0.000219,1.927731
round_4,radar_isea4h,datasets[0].timings.units[1].workers[10],raster_worker,grid.cover,1,0.005257,1.929474
round_4,radar_isea4h,datasets[0].timings.units[1].workers[10],raster_worker,source.cache,1,0.000396,1.929474
round_4,radar_isea4h,datasets[0].timings.units[1].workers[10],raster_worker,grid.geometry,2,0.001821,1.929474
round_4,radar_isea4h,datasets[0].timings.units[1].workers[10],raster_worker,minio.tile_stat,2,0.013112,1.929474
round_4,radar_isea4h,datasets[0].timings.units[1].workers[10],raster_worker,source.checksum,1,0.057936,1.929474
round_4,radar_isea4h,datasets[0].timings.units[1].workers[10],raster_worker,source.download,1,0.0,1.929474
round_4,radar_isea4h,datasets[0].timings.units[1].workers[10],raster_worker,entity.tile_mask,2,0.2939,1.929474
round_4,radar_isea4h,datasets[0].timings.units[1].workers[10],raster_worker,entity.tile_write,2,0.701431,1.929474
round_4,radar_isea4h,datasets[0].timings.units[1].workers[10],raster_worker,minio.tile_upload,1,0.831721,1.929474
round_4,radar_isea4h,datasets[0].timings.units[1].workers[10],raster_worker,source.raster_open,1,0.001352,1.929474
round_4,radar_isea4h,datasets[0].timings.units[1].workers[10],raster_worker,entity.tile_checksum,2,0.018717,1.929474
round_4,radar_isea4h,datasets[0].timings.units[1].workers[10],raster_worker,grid.window_calculation,2,0.00048,1.929474
round_4,radar_isea4h,datasets[0].timings.units[1].workers[11],raster_worker,grid.cover,1,0.005497,2.033778
round_4,radar_isea4h,datasets[0].timings.units[1].workers[11],raster_worker,source.cache,1,0.000394,2.033778
round_4,radar_isea4h,datasets[0].timings.units[1].workers[11],raster_worker,grid.geometry,2,0.001789,2.033778
round_4,radar_isea4h,datasets[0].timings.units[1].workers[11],raster_worker,minio.tile_stat,2,0.036213,2.033778
round_4,radar_isea4h,datasets[0].timings.units[1].workers[11],raster_worker,source.checksum,1,0.064632,2.033778
round_4,radar_isea4h,datasets[0].timings.units[1].workers[11],raster_worker,source.download,1,0.0,2.033778
round_4,radar_isea4h,datasets[0].timings.units[1].workers[11],raster_worker,entity.tile_mask,2,0.30012,2.033778
round_4,radar_isea4h,datasets[0].timings.units[1].workers[11],raster_worker,entity.tile_write,2,0.703367,2.033778
round_4,radar_isea4h,datasets[0].timings.units[1].workers[11],raster_worker,minio.tile_upload,1,0.886688,2.033778
round_4,radar_isea4h,datasets[0].timings.units[1].workers[11],raster_worker,source.raster_open,1,0.001635,2.033778
round_4,radar_isea4h,datasets[0].timings.units[1].workers[11],raster_worker,entity.tile_checksum,2,0.029307,2.033778
round_4,radar_isea4h,datasets[0].timings.units[1].workers[11],raster_worker,grid.window_calculation,2,0.000494,2.033778
round_4,radar_isea4h,datasets[0].timings.units[1].workers[12],raster_worker,grid.cover,1,0.007244,2.044586
round_4,radar_isea4h,datasets[0].timings.units[1].workers[12],raster_worker,source.cache,1,0.000339,2.044586
round_4,radar_isea4h,datasets[0].timings.units[1].workers[12],raster_worker,grid.geometry,1,0.000806,2.044586
round_4,radar_isea4h,datasets[0].timings.units[1].workers[12],raster_worker,minio.tile_stat,1,0.034648,2.044586
round_4,radar_isea4h,datasets[0].timings.units[1].workers[12],raster_worker,source.checksum,1,0.030473,2.044586
round_4,radar_isea4h,datasets[0].timings.units[1].workers[12],raster_worker,source.download,1,0.0,2.044586
round_4,radar_isea4h,datasets[0].timings.units[1].workers[12],raster_worker,entity.tile_mask,1,0.225873,2.044586
round_4,radar_isea4h,datasets[0].timings.units[1].workers[12],raster_worker,entity.tile_write,1,0.367295,2.044586
round_4,radar_isea4h,datasets[0].timings.units[1].workers[12],raster_worker,minio.tile_upload,1,1.364559,2.044586
round_4,radar_isea4h,datasets[0].timings.units[1].workers[12],raster_worker,source.raster_open,1,0.001679,2.044586
round_4,radar_isea4h,datasets[0].timings.units[1].workers[12],raster_worker,entity.tile_checksum,1,0.009205,2.044586
round_4,radar_isea4h,datasets[0].timings.units[1].workers[12],raster_worker,grid.window_calculation,1,0.000247,2.044586
round_4,radar_isea4h,datasets[0].timings.units[1].workers[13],raster_worker,grid.cover,1,0.006399,2.427459
round_4,radar_isea4h,datasets[0].timings.units[1].workers[13],raster_worker,source.cache,1,0.000287,2.427459
round_4,radar_isea4h,datasets[0].timings.units[1].workers[13],raster_worker,grid.geometry,3,0.002919,2.427459
round_4,radar_isea4h,datasets[0].timings.units[1].workers[13],raster_worker,minio.tile_stat,3,0.040507,2.427459
round_4,radar_isea4h,datasets[0].timings.units[1].workers[13],raster_worker,source.checksum,1,0.065973,2.427459
round_4,radar_isea4h,datasets[0].timings.units[1].workers[13],raster_worker,source.download,1,0.0,2.427459
round_4,radar_isea4h,datasets[0].timings.units[1].workers[13],raster_worker,entity.tile_mask,3,0.32774,2.427459
round_4,radar_isea4h,datasets[0].timings.units[1].workers[13],raster_worker,entity.tile_write,3,0.862018,2.427459
round_4,radar_isea4h,datasets[0].timings.units[1].workers[13],raster_worker,minio.tile_upload,1,1.080483,2.427459
round_4,radar_isea4h,datasets[0].timings.units[1].workers[13],raster_worker,source.raster_open,1,0.001566,2.427459
round_4,radar_isea4h,datasets[0].timings.units[1].workers[13],raster_worker,entity.tile_checksum,3,0.033955,2.427459
round_4,radar_isea4h,datasets[0].timings.units[1].workers[13],raster_worker,grid.window_calculation,3,0.000745,2.427459
round_4,radar_isea4h,datasets[0].timings.units[1].workers[14],raster_worker,grid.cover,1,0.006037,2.475451
round_4,radar_isea4h,datasets[0].timings.units[1].workers[14],raster_worker,source.cache,1,0.000251,2.475451
round_4,radar_isea4h,datasets[0].timings.units[1].workers[14],raster_worker,grid.geometry,3,0.002745,2.475451
round_4,radar_isea4h,datasets[0].timings.units[1].workers[14],raster_worker,minio.tile_stat,3,0.0171,2.475451
round_4,radar_isea4h,datasets[0].timings.units[1].workers[14],raster_worker,source.checksum,1,0.053367,2.475451
round_4,radar_isea4h,datasets[0].timings.units[1].workers[14],raster_worker,source.download,1,0.0,2.475451
round_4,radar_isea4h,datasets[0].timings.units[1].workers[14],raster_worker,entity.tile_mask,3,0.323582,2.475451
round_4,radar_isea4h,datasets[0].timings.units[1].workers[14],raster_worker,entity.tile_write,3,0.84941,2.475451
round_4,radar_isea4h,datasets[0].timings.units[1].workers[14],raster_worker,minio.tile_upload,1,1.19573,2.475451
round_4,radar_isea4h,datasets[0].timings.units[1].workers[14],raster_worker,source.raster_open,1,0.001563,2.475451
round_4,radar_isea4h,datasets[0].timings.units[1].workers[14],raster_worker,entity.tile_checksum,3,0.020243,2.475451
round_4,radar_isea4h,datasets[0].timings.units[1].workers[14],raster_worker,grid.window_calculation,3,0.000703,2.475451
round_4,radar_isea4h,datasets[0].timings.units[1].workers[15],raster_worker,grid.cover,1,0.005275,2.7481
round_4,radar_isea4h,datasets[0].timings.units[1].workers[15],raster_worker,source.cache,1,0.000314,2.7481
round_4,radar_isea4h,datasets[0].timings.units[1].workers[15],raster_worker,grid.geometry,2,0.00179,2.7481
round_4,radar_isea4h,datasets[0].timings.units[1].workers[15],raster_worker,minio.tile_stat,2,0.016743,2.7481
round_4,radar_isea4h,datasets[0].timings.units[1].workers[15],raster_worker,source.checksum,1,0.059768,2.7481
round_4,radar_isea4h,datasets[0].timings.units[1].workers[15],raster_worker,source.download,1,0.0,2.7481
round_4,radar_isea4h,datasets[0].timings.units[1].workers[15],raster_worker,entity.tile_mask,2,0.309636,2.7481
round_4,radar_isea4h,datasets[0].timings.units[1].workers[15],raster_worker,entity.tile_write,2,0.702549,2.7481
round_4,radar_isea4h,datasets[0].timings.units[1].workers[15],raster_worker,minio.tile_upload,1,1.627932,2.7481
round_4,radar_isea4h,datasets[0].timings.units[1].workers[15],raster_worker,source.raster_open,1,0.001633,2.7481
round_4,radar_isea4h,datasets[0].timings.units[1].workers[15],raster_worker,entity.tile_checksum,2,0.018676,2.7481
round_4,radar_isea4h,datasets[0].timings.units[1].workers[15],raster_worker,grid.window_calculation,2,0.000467,2.7481
round_4,radar_isea4h,datasets[0].timings.units[1].source_preflight,source_preflight,minio.stat,1,0.006251,2.789484
round_4,radar_isea4h,datasets[0].timings.workflow,workflow_dataset,runner.execute,1,11.533003,11.571702
round_4,radar_isea4h,datasets[0].timings.workflow,workflow_dataset,opengauss.start_output,1,0.013252,11.571702
round_4,radar_isea4h,datasets[0].timings.workflow,workflow_dataset,opengauss.complete_output,1,0.024034,11.571702
round_4,product_geohash,timings.job_driver,ray_job_driver,workflow.run,1,1.910596,2.064006
round_4,product_geohash,timings.job_driver,ray_job_driver,driver.bootstrap,1,0.148622,2.064006
round_4,product_geohash,timings.job_driver,ray_job_driver,task.start_attempt,1,0.00412,2.064006
round_4,product_geohash,datasets[0].timings.units[0].driver,logical_batch_driver,ray.init,1,0.072066,1.499156
round_4,product_geohash,datasets[0].timings.units[0].driver,logical_batch_driver,ray.wait,2,1.381676,1.499156
round_4,product_geohash,datasets[0].timings.units[0].driver,logical_batch_driver,ray.result_get,1,0.000358,1.499156
round_4,product_geohash,datasets[0].timings.units[0].driver,logical_batch_driver,ray.task_submit,1,0.039762,1.499156
round_4,product_geohash,datasets[0].timings.units[0].driver,logical_batch_driver,ray.task_prepare,2,0.000283,1.499156
round_4,product_geohash,datasets[0].timings.units[0].driver,logical_batch_driver,driver.result_merge,1,6e-06,1.499156
round_4,product_geohash,datasets[0].timings.units[0].workers[0],logical_worker,grid.cover,4,0.008977,0.164307
round_4,product_geohash,datasets[0].timings.units[0].workers[0],logical_worker,grid.geometry,40,0.000327,0.164307
round_4,product_geohash,datasets[0].timings.units[0].workers[0],logical_worker,minio.chunk_stat,1,0.006811,0.164307
round_4,product_geohash,datasets[0].timings.units[0].workers[0],logical_worker,minio.chunk_upload,1,0.04237,0.164307
round_4,product_geohash,datasets[0].timings.units[0].workers[0],logical_worker,logical.row_generation,4,0.002932,0.164307
round_4,product_geohash,datasets[0].timings.units[0].workers[0],logical_worker,logical.chunk_serialize,1,0.003039,0.164307
round_4,product_geohash,datasets[0].timings.units[0].workers[0],logical_worker,opengauss.logical_stage,1,0.099635,0.164307
round_4,product_geohash,datasets[0].timings.units[0].source_preflight,source_preflight,minio.stat,1,0.146323,1.834878
round_4,product_geohash,datasets[0].timings.workflow,workflow_dataset,runner.execute,1,1.835509,1.910281
round_4,product_geohash,datasets[0].timings.workflow,workflow_dataset,opengauss.start_output,1,0.011112,1.910281
round_4,product_geohash,datasets[0].timings.workflow,workflow_dataset,opengauss.complete_output,1,0.014991,1.910281
round_4,product_geohash,datasets[0].timings.workflow,workflow_dataset,opengauss.record_output_chunks,1,0.00499,1.910281
round_4,product_geohash,datasets[0].timings.workflow,workflow_dataset,opengauss.verify_output_chunks,1,0.018881,1.910281
round_4,product_geohash,datasets[0].timings.workflow,workflow_dataset,opengauss.promote_logical_staging,1,0.023064,1.910281
round_4,product_mgrs,timings.job_driver,ray_job_driver,workflow.run,1,2.492083,2.643013
round_4,product_mgrs,timings.job_driver,ray_job_driver,driver.bootstrap,1,0.145674,2.643013
round_4,product_mgrs,timings.job_driver,ray_job_driver,task.start_attempt,1,0.004495,2.643013
round_4,product_mgrs,datasets[0].timings.units[0].driver,logical_batch_driver,ray.init,1,0.072388,1.947222
round_4,product_mgrs,datasets[0].timings.units[0].driver,logical_batch_driver,ray.wait,2,1.822672,1.947222
round_4,product_mgrs,datasets[0].timings.units[0].driver,logical_batch_driver,ray.result_get,1,0.000436,1.947222
round_4,product_mgrs,datasets[0].timings.units[0].driver,logical_batch_driver,ray.task_submit,1,0.046064,1.947222
round_4,product_mgrs,datasets[0].timings.units[0].driver,logical_batch_driver,ray.task_prepare,2,0.000478,1.947222
round_4,product_mgrs,datasets[0].timings.units[0].driver,logical_batch_driver,driver.result_merge,1,7e-06,1.947222
round_4,product_mgrs,datasets[0].timings.units[0].workers[0],logical_worker,grid.cover,4,0.263665,0.597652
round_4,product_mgrs,datasets[0].timings.units[0].workers[0],logical_worker,grid.geometry,238,0.032168,0.597652
round_4,product_mgrs,datasets[0].timings.units[0].workers[0],logical_worker,minio.chunk_stat,1,0.007334,0.597652
round_4,product_mgrs,datasets[0].timings.units[0].workers[0],logical_worker,minio.chunk_upload,1,0.039584,0.597652
round_4,product_mgrs,datasets[0].timings.units[0].workers[0],logical_worker,logical.row_generation,4,0.051097,0.597652
round_4,product_mgrs,datasets[0].timings.units[0].workers[0],logical_worker,logical.chunk_serialize,1,0.069804,0.597652
round_4,product_mgrs,datasets[0].timings.units[0].workers[0],logical_worker,opengauss.logical_stage,1,0.164871,0.597652
round_4,product_mgrs,datasets[0].timings.units[0].source_preflight,source_preflight,minio.stat,1,0.178744,2.328648
round_4,product_mgrs,datasets[0].timings.workflow,workflow_dataset,runner.execute,1,2.329342,2.491716
round_4,product_mgrs,datasets[0].timings.workflow,workflow_dataset,opengauss.start_output,1,0.009638,2.491716
round_4,product_mgrs,datasets[0].timings.workflow,workflow_dataset,opengauss.complete_output,1,0.018863,2.491716
round_4,product_mgrs,datasets[0].timings.workflow,workflow_dataset,opengauss.record_output_chunks,1,0.004916,2.491716
round_4,product_mgrs,datasets[0].timings.workflow,workflow_dataset,opengauss.verify_output_chunks,1,0.035525,2.491716
round_4,product_mgrs,datasets[0].timings.workflow,workflow_dataset,opengauss.promote_logical_staging,1,0.091303,2.491716
round_4,product_isea4h,timings.job_driver,ray_job_driver,workflow.run,1,9.210258,9.365519
round_4,product_isea4h,timings.job_driver,ray_job_driver,driver.bootstrap,1,0.150162,9.365519
round_4,product_isea4h,timings.job_driver,ray_job_driver,task.start_attempt,1,0.00439,9.365519
round_4,product_isea4h,datasets[0].timings.units[0].driver,raster_driver,ray.init,1,0.081087,8.830362
round_4,product_isea4h,datasets[0].timings.units[0].driver,raster_driver,ray.wait,22,8.641341,8.830362
round_4,product_isea4h,datasets[0].timings.units[0].driver,raster_driver,ray.result_get,16,0.006277,8.830362
round_4,product_isea4h,datasets[0].timings.units[0].driver,raster_driver,ray.task_submit,16,0.05652,8.830362
round_4,product_isea4h,datasets[0].timings.units[0].driver,raster_driver,driver.result_merge,16,0.000167,8.830362
round_4,product_isea4h,datasets[0].timings.units[0].workers[0],raster_worker,grid.cover,1,4.694136,5.278948
round_4,product_isea4h,datasets[0].timings.units[0].workers[0],raster_worker,source.cache,1,0.000246,5.278948
round_4,product_isea4h,datasets[0].timings.units[0].workers[0],raster_worker,grid.geometry,1,0.000851,5.278948
round_4,product_isea4h,datasets[0].timings.units[0].workers[0],raster_worker,minio.tile_stat,1,0.011629,5.278948
round_4,product_isea4h,datasets[0].timings.units[0].workers[0],raster_worker,source.checksum,1,0.00481,5.278948
round_4,product_isea4h,datasets[0].timings.units[0].workers[0],raster_worker,source.download,1,0.0,5.278948
round_4,product_isea4h,datasets[0].timings.units[0].workers[0],raster_worker,entity.tile_mask,1,0.119427,5.278948
round_4,product_isea4h,datasets[0].timings.units[0].workers[0],raster_worker,entity.tile_write,1,0.288811,5.278948
round_4,product_isea4h,datasets[0].timings.units[0].workers[0],raster_worker,minio.tile_upload,1,0.126414,5.278948
round_4,product_isea4h,datasets[0].timings.units[0].workers[0],raster_worker,source.raster_open,1,0.020691,5.278948
round_4,product_isea4h,datasets[0].timings.units[0].workers[0],raster_worker,entity.tile_checksum,1,0.007915,5.278948
round_4,product_isea4h,datasets[0].timings.units[0].workers[0],raster_worker,grid.window_calculation,1,0.000335,5.278948
round_4,product_isea4h,datasets[0].timings.units[0].workers[1],raster_worker,grid.cover,1,4.519298,5.580578
round_4,product_isea4h,datasets[0].timings.units[0].workers[1],raster_worker,source.cache,1,0.00023,5.580578
round_4,product_isea4h,datasets[0].timings.units[0].workers[1],raster_worker,grid.geometry,2,0.001703,5.580578
round_4,product_isea4h,datasets[0].timings.units[0].workers[1],raster_worker,minio.tile_stat,2,0.011345,5.580578
round_4,product_isea4h,datasets[0].timings.units[0].workers[1],raster_worker,source.checksum,1,0.004486,5.580578
round_4,product_isea4h,datasets[0].timings.units[0].workers[1],raster_worker,source.download,1,0.0,5.580578
round_4,product_isea4h,datasets[0].timings.units[0].workers[1],raster_worker,entity.tile_mask,2,0.187483,5.580578
round_4,product_isea4h,datasets[0].timings.units[0].workers[1],raster_worker,entity.tile_write,2,0.481835,5.580578
round_4,product_isea4h,datasets[0].timings.units[0].workers[1],raster_worker,minio.tile_upload,2,0.338249,5.580578
round_4,product_isea4h,datasets[0].timings.units[0].workers[1],raster_worker,source.raster_open,1,0.017982,5.580578
round_4,product_isea4h,datasets[0].timings.units[0].workers[1],raster_worker,entity.tile_checksum,2,0.01291,5.580578
round_4,product_isea4h,datasets[0].timings.units[0].workers[1],raster_worker,grid.window_calculation,2,0.000521,5.580578
round_4,product_isea4h,datasets[0].timings.units[0].workers[2],raster_worker,grid.cover,1,4.703462,5.945384
round_4,product_isea4h,datasets[0].timings.units[0].workers[2],raster_worker,source.cache,1,0.000258,5.945384
round_4,product_isea4h,datasets[0].timings.units[0].workers[2],raster_worker,grid.geometry,2,0.00192,5.945384
round_4,product_isea4h,datasets[0].timings.units[0].workers[2],raster_worker,minio.tile_stat,2,0.014205,5.945384
round_4,product_isea4h,datasets[0].timings.units[0].workers[2],raster_worker,source.checksum,1,0.004801,5.945384
round_4,product_isea4h,datasets[0].timings.units[0].workers[2],raster_worker,source.download,1,0.0,5.945384
round_4,product_isea4h,datasets[0].timings.units[0].workers[2],raster_worker,entity.tile_mask,2,0.267029,5.945384
round_4,product_isea4h,datasets[0].timings.units[0].workers[2],raster_worker,entity.tile_write,2,0.726461,5.945384
round_4,product_isea4h,datasets[0].timings.units[0].workers[2],raster_worker,minio.tile_upload,1,0.182729,5.945384
round_4,product_isea4h,datasets[0].timings.units[0].workers[2],raster_worker,source.raster_open,1,0.018822,5.945384
round_4,product_isea4h,datasets[0].timings.units[0].workers[2],raster_worker,entity.tile_checksum,2,0.019762,5.945384
round_4,product_isea4h,datasets[0].timings.units[0].workers[2],raster_worker,grid.window_calculation,2,0.000625,5.945384
round_4,product_isea4h,datasets[0].timings.units[0].workers[3],raster_worker,grid.cover,1,4.764592,5.974552
round_4,product_isea4h,datasets[0].timings.units[0].workers[3],raster_worker,source.cache,1,0.000257,5.974552
round_4,product_isea4h,datasets[0].timings.units[0].workers[3],raster_worker,grid.geometry,1,0.000886,5.974552
round_4,product_isea4h,datasets[0].timings.units[0].workers[3],raster_worker,minio.tile_stat,1,0.479176,5.974552
round_4,product_isea4h,datasets[0].timings.units[0].workers[3],raster_worker,source.checksum,1,0.005205,5.974552
round_4,product_isea4h,datasets[0].timings.units[0].workers[3],raster_worker,source.download,1,0.0,5.974552
round_4,product_isea4h,datasets[0].timings.units[0].workers[3],raster_worker,entity.tile_mask,1,0.208099,5.974552
round_4,product_isea4h,datasets[0].timings.units[0].workers[3],raster_worker,entity.tile_write,1,0.472268,5.974552
round_4,product_isea4h,datasets[0].timings.units[0].workers[3],raster_worker,source.raster_open,1,0.019256,5.974552
round_4,product_isea4h,datasets[0].timings.units[0].workers[3],raster_worker,entity.tile_checksum,1,0.017007,5.974552
round_4,product_isea4h,datasets[0].timings.units[0].workers[3],raster_worker,grid.window_calculation,1,0.004089,5.974552
round_4,product_isea4h,datasets[0].timings.units[0].workers[4],raster_worker,grid.cover,1,4.733599,5.980633
round_4,product_isea4h,datasets[0].timings.units[0].workers[4],raster_worker,source.cache,1,0.000272,5.980633
round_4,product_isea4h,datasets[0].timings.units[0].workers[4],raster_worker,grid.geometry,2,0.00203,5.980633
round_4,product_isea4h,datasets[0].timings.units[0].workers[4],raster_worker,minio.tile_stat,2,0.09794,5.980633
round_4,product_isea4h,datasets[0].timings.units[0].workers[4],raster_worker,source.checksum,1,0.004779,5.980633
round_4,product_isea4h,datasets[0].timings.units[0].workers[4],raster_worker,source.download,1,0.0,5.980633
round_4,product_isea4h,datasets[0].timings.units[0].workers[4],raster_worker,entity.tile_mask,2,0.292385,5.980633
round_4,product_isea4h,datasets[0].timings.units[0].workers[4],raster_worker,entity.tile_write,2,0.801141,5.980633
round_4,product_isea4h,datasets[0].timings.units[0].workers[4],raster_worker,source.raster_open,1,0.022147,5.980633
round_4,product_isea4h,datasets[0].timings.units[0].workers[4],raster_worker,entity.tile_checksum,2,0.020642,5.980633
round_4,product_isea4h,datasets[0].timings.units[0].workers[4],raster_worker,grid.window_calculation,2,0.000624,5.980633
round_4,product_isea4h,datasets[0].timings.units[0].workers[5],raster_worker,grid.cover,1,4.676026,5.302139
round_4,product_isea4h,datasets[0].timings.units[0].workers[5],raster_worker,source.cache,1,0.000265,5.302139
round_4,product_isea4h,datasets[0].timings.units[0].workers[5],raster_worker,grid.geometry,1,0.000948,5.302139
round_4,product_isea4h,datasets[0].timings.units[0].workers[5],raster_worker,minio.tile_stat,1,0.010812,5.302139
round_4,product_isea4h,datasets[0].timings.units[0].workers[5],raster_worker,source.checksum,1,0.004679,5.302139
round_4,product_isea4h,datasets[0].timings.units[0].workers[5],raster_worker,source.download,1,0.0,5.302139
round_4,product_isea4h,datasets[0].timings.units[0].workers[5],raster_worker,entity.tile_mask,1,0.163586,5.302139
round_4,product_isea4h,datasets[0].timings.units[0].workers[5],raster_worker,entity.tile_write,1,0.409184,5.302139
round_4,product_isea4h,datasets[0].timings.units[0].workers[5],raster_worker,source.raster_open,1,0.018582,5.302139
round_4,product_isea4h,datasets[0].timings.units[0].workers[5],raster_worker,entity.tile_checksum,1,0.013751,5.302139
round_4,product_isea4h,datasets[0].timings.units[0].workers[5],raster_worker,grid.window_calculation,1,0.000392,5.302139
round_4,product_isea4h,datasets[0].timings.units[0].workers[6],raster_worker,grid.cover,1,4.761718,6.213801
round_4,product_isea4h,datasets[0].timings.units[0].workers[6],raster_worker,source.cache,1,0.000249,6.213801
round_4,product_isea4h,datasets[0].timings.units[0].workers[6],raster_worker,grid.geometry,1,0.000862,6.213801
round_4,product_isea4h,datasets[0].timings.units[0].workers[6],raster_worker,minio.tile_stat,1,0.005958,6.213801
round_4,product_isea4h,datasets[0].timings.units[0].workers[6],raster_worker,source.checksum,1,0.004438,6.213801
round_4,product_isea4h,datasets[0].timings.units[0].workers[6],raster_worker,source.download,1,0.0,6.213801
round_4,product_isea4h,datasets[0].timings.units[0].workers[6],raster_worker,entity.tile_mask,1,0.213194,6.213801
round_4,product_isea4h,datasets[0].timings.units[0].workers[6],raster_worker,entity.tile_write,1,0.471599,6.213801
round_4,product_isea4h,datasets[0].timings.units[0].workers[6],raster_worker,minio.tile_upload,1,0.720956,6.213801
round_4,product_isea4h,datasets[0].timings.units[0].workers[6],raster_worker,source.raster_open,1,0.018023,6.213801
round_4,product_isea4h,datasets[0].timings.units[0].workers[6],raster_worker,entity.tile_checksum,1,0.012806,6.213801
round_4,product_isea4h,datasets[0].timings.units[0].workers[6],raster_worker,grid.window_calculation,1,0.000374,6.213801
round_4,product_isea4h,datasets[0].timings.units[0].workers[7],raster_worker,grid.cover,1,4.553371,6.243941
round_4,product_isea4h,datasets[0].timings.units[0].workers[7],raster_worker,source.cache,1,0.00029,6.243941
round_4,product_isea4h,datasets[0].timings.units[0].workers[7],raster_worker,grid.geometry,2,0.001949,6.243941
round_4,product_isea4h,datasets[0].timings.units[0].workers[7],raster_worker,minio.tile_stat,2,0.012405,6.243941
round_4,product_isea4h,datasets[0].timings.units[0].workers[7],raster_worker,source.checksum,1,0.004688,6.243941
round_4,product_isea4h,datasets[0].timings.units[0].workers[7],raster_worker,source.download,1,0.0,6.243941
round_4,product_isea4h,datasets[0].timings.units[0].workers[7],raster_worker,entity.tile_mask,2,0.297559,6.243941
round_4,product_isea4h,datasets[0].timings.units[0].workers[7],raster_worker,entity.tile_write,2,0.778999,6.243941
round_4,product_isea4h,datasets[0].timings.units[0].workers[7],raster_worker,minio.tile_upload,1,0.549431,6.243941
round_4,product_isea4h,datasets[0].timings.units[0].workers[7],raster_worker,source.raster_open,1,0.01895,6.243941
round_4,product_isea4h,datasets[0].timings.units[0].workers[7],raster_worker,entity.tile_checksum,2,0.020575,6.243941
round_4,product_isea4h,datasets[0].timings.units[0].workers[7],raster_worker,grid.window_calculation,2,0.000615,6.243941
round_4,product_isea4h,datasets[0].timings.units[0].workers[8],raster_worker,grid.cover,1,4.573264,5.560084
round_4,product_isea4h,datasets[0].timings.units[0].workers[8],raster_worker,source.cache,1,0.000251,5.560084
round_4,product_isea4h,datasets[0].timings.units[0].workers[8],raster_worker,grid.geometry,2,0.001982,5.560084
round_4,product_isea4h,datasets[0].timings.units[0].workers[8],raster_worker,minio.tile_stat,2,0.013095,5.560084
round_4,product_isea4h,datasets[0].timings.units[0].workers[8],raster_worker,source.checksum,1,0.004773,5.560084
round_4,product_isea4h,datasets[0].timings.units[0].workers[8],raster_worker,source.download,1,0.0,5.560084
round_4,product_isea4h,datasets[0].timings.units[0].workers[8],raster_worker,entity.tile_mask,2,0.248064,5.560084
round_4,product_isea4h,datasets[0].timings.units[0].workers[8],raster_worker,entity.tile_write,2,0.62395,5.560084
round_4,product_isea4h,datasets[0].timings.units[0].workers[8],raster_worker,minio.tile_upload,1,0.052108,5.560084
round_4,product_isea4h,datasets[0].timings.units[0].workers[8],raster_worker,source.raster_open,1,0.020177,5.560084
round_4,product_isea4h,datasets[0].timings.units[0].workers[8],raster_worker,entity.tile_checksum,2,0.016486,5.560084
round_4,product_isea4h,datasets[0].timings.units[0].workers[8],raster_worker,grid.window_calculation,2,0.000683,5.560084
round_4,product_isea4h,datasets[0].timings.units[0].workers[9],raster_worker,grid.cover,1,4.981429,5.656418
round_4,product_isea4h,datasets[0].timings.units[0].workers[9],raster_worker,source.cache,1,0.000244,5.656418
round_4,product_isea4h,datasets[0].timings.units[0].workers[9],raster_worker,grid.geometry,1,0.000962,5.656418
round_4,product_isea4h,datasets[0].timings.units[0].workers[9],raster_worker,minio.tile_stat,1,0.008785,5.656418
round_4,product_isea4h,datasets[0].timings.units[0].workers[9],raster_worker,source.checksum,1,0.004585,5.656418
round_4,product_isea4h,datasets[0].timings.units[0].workers[9],raster_worker,source.download,1,0.0,5.656418
round_4,product_isea4h,datasets[0].timings.units[0].workers[9],raster_worker,entity.tile_mask,1,0.16746,5.656418
round_4,product_isea4h,datasets[0].timings.units[0].workers[9],raster_worker,entity.tile_write,1,0.457404,5.656418
round_4,product_isea4h,datasets[0].timings.units[0].workers[9],raster_worker,source.raster_open,1,0.019435,5.656418
round_4,product_isea4h,datasets[0].timings.units[0].workers[9],raster_worker,entity.tile_checksum,1,0.011838,5.656418
round_4,product_isea4h,datasets[0].timings.units[0].workers[9],raster_worker,grid.window_calculation,1,0.000361,5.656418
round_4,product_isea4h,datasets[0].timings.units[0].workers[10],raster_worker,grid.cover,1,4.5609,6.281913
round_4,product_isea4h,datasets[0].timings.units[0].workers[10],raster_worker,source.cache,1,0.00024,6.281913
round_4,product_isea4h,datasets[0].timings.units[0].workers[10],raster_worker,grid.geometry,2,0.001927,6.281913
round_4,product_isea4h,datasets[0].timings.units[0].workers[10],raster_worker,minio.tile_stat,2,0.01327,6.281913
round_4,product_isea4h,datasets[0].timings.units[0].workers[10],raster_worker,source.checksum,1,0.004477,6.281913
round_4,product_isea4h,datasets[0].timings.units[0].workers[10],raster_worker,source.download,1,0.0,6.281913
round_4,product_isea4h,datasets[0].timings.units[0].workers[10],raster_worker,entity.tile_mask,2,0.34789,6.281913
round_4,product_isea4h,datasets[0].timings.units[0].workers[10],raster_worker,entity.tile_write,2,0.914591,6.281913
round_4,product_isea4h,datasets[0].timings.units[0].workers[10],raster_worker,minio.tile_upload,1,0.37337,6.281913
round_4,product_isea4h,datasets[0].timings.units[0].workers[10],raster_worker,source.raster_open,1,0.020599,6.281913
round_4,product_isea4h,datasets[0].timings.units[0].workers[10],raster_worker,entity.tile_checksum,2,0.038787,6.281913
round_4,product_isea4h,datasets[0].timings.units[0].workers[10],raster_worker,grid.window_calculation,2,0.000646,6.281913
round_4,product_isea4h,datasets[0].timings.units[0].workers[11],raster_worker,grid.cover,1,4.946657,5.622354
round_4,product_isea4h,datasets[0].timings.units[0].workers[11],raster_worker,source.cache,1,0.000251,5.622354
round_4,product_isea4h,datasets[0].timings.units[0].workers[11],raster_worker,grid.geometry,1,0.000865,5.622354
round_4,product_isea4h,datasets[0].timings.units[0].workers[11],raster_worker,minio.tile_stat,1,0.009205,5.622354
round_4,product_isea4h,datasets[0].timings.units[0].workers[11],raster_worker,source.checksum,1,0.004781,5.622354
round_4,product_isea4h,datasets[0].timings.units[0].workers[11],raster_worker,source.download,1,0.0,5.622354
round_4,product_isea4h,datasets[0].timings.units[0].workers[11],raster_worker,entity.tile_mask,1,0.172279,5.622354
round_4,product_isea4h,datasets[0].timings.units[0].workers[11],raster_worker,entity.tile_write,1,0.452572,5.622354
round_4,product_isea4h,datasets[0].timings.units[0].workers[11],raster_worker,source.raster_open,1,0.019947,5.622354
round_4,product_isea4h,datasets[0].timings.units[0].workers[11],raster_worker,entity.tile_checksum,1,0.011832,5.622354
round_4,product_isea4h,datasets[0].timings.units[0].workers[11],raster_worker,grid.window_calculation,1,0.000397,5.622354
round_4,product_isea4h,datasets[0].timings.units[0].workers[12],raster_worker,grid.cover,1,4.556016,5.852335
round_4,product_isea4h,datasets[0].timings.units[0].workers[12],raster_worker,source.cache,1,0.000257,5.852335
round_4,product_isea4h,datasets[0].timings.units[0].workers[12],raster_worker,grid.geometry,2,0.001889,5.852335
round_4,product_isea4h,datasets[0].timings.units[0].workers[12],raster_worker,minio.tile_stat,2,0.016518,5.852335
round_4,product_isea4h,datasets[0].timings.units[0].workers[12],raster_worker,source.checksum,1,0.004563,5.852335
round_4,product_isea4h,datasets[0].timings.units[0].workers[12],raster_worker,source.download,1,0.0,5.852335
round_4,product_isea4h,datasets[0].timings.units[0].workers[12],raster_worker,entity.tile_mask,2,0.32335,5.852335
round_4,product_isea4h,datasets[0].timings.units[0].workers[12],raster_worker,entity.tile_write,2,0.889177,5.852335
round_4,product_isea4h,datasets[0].timings.units[0].workers[12],raster_worker,source.raster_open,1,0.018206,5.852335
round_4,product_isea4h,datasets[0].timings.units[0].workers[12],raster_worker,entity.tile_checksum,2,0.036881,5.852335
round_4,product_isea4h,datasets[0].timings.units[0].workers[12],raster_worker,grid.window_calculation,2,0.000598,5.852335
round_4,product_isea4h,datasets[0].timings.units[0].workers[13],raster_worker,grid.cover,1,4.619738,6.864347
round_4,product_isea4h,datasets[0].timings.units[0].workers[13],raster_worker,source.cache,1,0.000252,6.864347
round_4,product_isea4h,datasets[0].timings.units[0].workers[13],raster_worker,grid.geometry,3,0.002788,6.864347
round_4,product_isea4h,datasets[0].timings.units[0].workers[13],raster_worker,minio.tile_stat,3,0.017368,6.864347
round_4,product_isea4h,datasets[0].timings.units[0].workers[13],raster_worker,source.checksum,1,0.004689,6.864347
round_4,product_isea4h,datasets[0].timings.units[0].workers[13],raster_worker,source.download,1,0.0,6.864347
round_4,product_isea4h,datasets[0].timings.units[0].workers[13],raster_worker,entity.tile_mask,3,0.27761,6.864347
round_4,product_isea4h,datasets[0].timings.units[0].workers[13],raster_worker,entity.tile_write,3,0.78225,6.864347
round_4,product_isea4h,datasets[0].timings.units[0].workers[13],raster_worker,minio.tile_upload,1,1.113332,6.864347
round_4,product_isea4h,datasets[0].timings.units[0].workers[13],raster_worker,source.raster_open,1,0.018413,6.864347
round_4,product_isea4h,datasets[0].timings.units[0].workers[13],raster_worker,entity.tile_checksum,3,0.020829,6.864347
round_4,product_isea4h,datasets[0].timings.units[0].workers[13],raster_worker,grid.window_calculation,3,0.000799,6.864347
round_4,product_isea4h,datasets[0].timings.units[0].workers[14],raster_worker,grid.cover,1,4.767121,6.242778
round_4,product_isea4h,datasets[0].timings.units[0].workers[14],raster_worker,source.cache,1,0.000227,6.242778
round_4,product_isea4h,datasets[0].timings.units[0].workers[14],raster_worker,grid.geometry,3,0.003254,6.242778
round_4,product_isea4h,datasets[0].timings.units[0].workers[14],raster_worker,minio.tile_stat,3,0.019755,6.242778
round_4,product_isea4h,datasets[0].timings.units[0].workers[14],raster_worker,source.checksum,1,0.00521,6.242778
round_4,product_isea4h,datasets[0].timings.units[0].workers[14],raster_worker,source.download,1,0.0,6.242778
round_4,product_isea4h,datasets[0].timings.units[0].workers[14],raster_worker,entity.tile_mask,3,0.36371,6.242778
round_4,product_isea4h,datasets[0].timings.units[0].workers[14],raster_worker,entity.tile_write,3,1.01618,6.242778
round_4,product_isea4h,datasets[0].timings.units[0].workers[14],raster_worker,source.raster_open,1,0.019833,6.242778
round_4,product_isea4h,datasets[0].timings.units[0].workers[14],raster_worker,entity.tile_checksum,3,0.03973,6.242778
round_4,product_isea4h,datasets[0].timings.units[0].workers[14],raster_worker,grid.window_calculation,3,0.000975,6.242778
round_4,product_isea4h,datasets[0].timings.units[0].workers[15],raster_worker,grid.cover,1,4.820482,7.113574
round_4,product_isea4h,datasets[0].timings.units[0].workers[15],raster_worker,source.cache,1,0.000242,7.113574
round_4,product_isea4h,datasets[0].timings.units[0].workers[15],raster_worker,grid.geometry,3,0.003298,7.113574
round_4,product_isea4h,datasets[0].timings.units[0].workers[15],raster_worker,minio.tile_stat,3,0.633556,7.113574
round_4,product_isea4h,datasets[0].timings.units[0].workers[15],raster_worker,source.checksum,1,0.004598,7.113574
round_4,product_isea4h,datasets[0].timings.units[0].workers[15],raster_worker,source.download,1,0.0,7.113574
round_4,product_isea4h,datasets[0].timings.units[0].workers[15],raster_worker,entity.tile_mask,3,0.412175,7.113574
round_4,product_isea4h,datasets[0].timings.units[0].workers[15],raster_worker,entity.tile_write,3,1.180421,7.113574
round_4,product_isea4h,datasets[0].timings.units[0].workers[15],raster_worker,source.raster_open,1,0.018725,7.113574
round_4,product_isea4h,datasets[0].timings.units[0].workers[15],raster_worker,entity.tile_checksum,3,0.03256,7.113574
round_4,product_isea4h,datasets[0].timings.units[0].workers[15],raster_worker,grid.window_calculation,3,0.000927,7.113574
round_4,product_isea4h,datasets[0].timings.units[0].source_preflight,source_preflight,minio.stat,1,0.15266,9.174415
round_4,product_isea4h,datasets[0].timings.workflow,workflow_dataset,runner.execute,1,9.175151,9.209862
round_4,product_isea4h,datasets[0].timings.workflow,workflow_dataset,opengauss.start_output,1,0.009896,9.209862
round_4,product_isea4h,datasets[0].timings.workflow,workflow_dataset,opengauss.complete_output,1,0.023299,9.209862
round_4,carbon_isea4h,timings.job_driver,ray_job_driver,workflow.run,1,2.253022,2.397029
round_4,carbon_isea4h,timings.job_driver,ray_job_driver,driver.bootstrap,1,0.139162,2.397029
round_4,carbon_isea4h,timings.job_driver,ray_job_driver,task.start_attempt,1,0.00411,2.397029
round_4,carbon_isea4h,datasets[0].timings.units[0].driver,carbon_driver,ray.init,1,0.073297,1.828452
round_4,carbon_isea4h,datasets[0].timings.units[0].driver,carbon_driver,ray.wait_get,1,1.708621,1.828452
round_4,carbon_isea4h,datasets[0].timings.units[0].driver,carbon_driver,ray.task_submit,1,0.046414,1.828452
round_4,carbon_isea4h,datasets[0].timings.units[0].driver,carbon_driver,driver.result_merge,1,3e-06,1.828452
round_4,carbon_isea4h,datasets[0].timings.units[0].workers[0],carbon_worker,grid.locate,1,0.001357,0.255575
round_4,carbon_isea4h,datasets[0].timings.units[0].workers[0],carbon_worker,source.cache,1,0.115693,0.255575
round_4,carbon_isea4h,datasets[0].timings.units[0].workers[0],carbon_worker,grid.geometry,1,0.000692,0.255575
round_4,carbon_isea4h,datasets[0].timings.units[0].workers[0],carbon_worker,source.checksum,1,0.055455,0.255575
round_4,carbon_isea4h,datasets[0].timings.units[0].workers[0],carbon_worker,source.download,1,0.115137,0.255575
round_4,carbon_isea4h,datasets[0].timings.units[0].workers[0],carbon_worker,carbon.observation_load,1,0.078001,0.255575
round_4,carbon_isea4h,datasets[0].timings.units[0].workers[0],carbon_worker,carbon.measurement_partition,1,0.000117,0.255575
round_4,carbon_isea4h,datasets[0].timings.units[0].workers[0],carbon_worker,carbon.partition_observation,1,0.003784,0.255575
round_4,carbon_isea4h,datasets[0].timings.units[0].source_preflight,source_preflight,minio.stat,1,0.189023,2.221281
round_4,carbon_isea4h,datasets[0].timings.workflow,workflow_dataset,runner.execute,1,2.22197,2.252691
round_4,carbon_isea4h,datasets[0].timings.workflow,workflow_dataset,opengauss.start_output,1,0.011335,2.252691
round_4,carbon_isea4h,datasets[0].timings.workflow,workflow_dataset,opengauss.complete_output,1,0.017643,2.252691
round_5,optical_geohash,timings.job_driver,ray_job_driver,workflow.run,1,7.486478,7.639051
round_5,optical_geohash,timings.job_driver,ray_job_driver,driver.bootstrap,1,0.148278,7.639051
round_5,optical_geohash,timings.job_driver,ray_job_driver,task.start_attempt,1,0.003566,7.639051
round_5,optical_geohash,datasets[0].timings.units[0].driver,logical_batch_driver,ray.init,1,0.075582,1.56675
round_5,optical_geohash,datasets[0].timings.units[0].driver,logical_batch_driver,ray.wait,2,1.438598,1.56675
round_5,optical_geohash,datasets[0].timings.units[0].driver,logical_batch_driver,ray.result_get,1,0.00039,1.56675
round_5,optical_geohash,datasets[0].timings.units[0].driver,logical_batch_driver,ray.task_submit,1,0.045903,1.56675
round_5,optical_geohash,datasets[0].timings.units[0].driver,logical_batch_driver,ray.task_prepare,2,0.000274,1.56675
round_5,optical_geohash,datasets[0].timings.units[0].driver,logical_batch_driver,driver.result_merge,1,9e-06,1.56675
round_5,optical_geohash,datasets[0].timings.units[0].workers[0],logical_worker,grid.cover,4,0.008663,0.177819
round_5,optical_geohash,datasets[0].timings.units[0].workers[0],logical_worker,grid.geometry,35,0.000311,0.177819
round_5,optical_geohash,datasets[0].timings.units[0].workers[0],logical_worker,minio.chunk_stat,1,0.007251,0.177819
round_5,optical_geohash,datasets[0].timings.units[0].workers[0],logical_worker,minio.chunk_upload,1,0.049899,0.177819
round_5,optical_geohash,datasets[0].timings.units[0].workers[0],logical_worker,logical.row_generation,4,0.003803,0.177819
round_5,optical_geohash,datasets[0].timings.units[0].workers[0],logical_worker,logical.chunk_serialize,1,0.002834,0.177819
round_5,optical_geohash,datasets[0].timings.units[0].workers[0],logical_worker,opengauss.logical_stage,1,0.104805,0.177819
round_5,optical_geohash,datasets[0].timings.units[0].source_preflight,source_preflight,minio.stat,1,0.159526,1.921877
round_5,optical_geohash,datasets[0].timings.units[1].driver,logical_batch_driver,ray.wait,2,1.367137,1.380968
round_5,optical_geohash,datasets[0].timings.units[1].driver,logical_batch_driver,ray.result_get,1,0.000283,1.380968
round_5,optical_geohash,datasets[0].timings.units[1].driver,logical_batch_driver,ray.task_submit,1,0.009012,1.380968
round_5,optical_geohash,datasets[0].timings.units[1].driver,logical_batch_driver,ray.task_prepare,2,0.000272,1.380968
round_5,optical_geohash,datasets[0].timings.units[1].driver,logical_batch_driver,driver.result_merge,1,7e-06,1.380968
round_5,optical_geohash,datasets[0].timings.units[1].workers[0],logical_worker,grid.cover,4,0.008194,0.159489
round_5,optical_geohash,datasets[0].timings.units[1].workers[0],logical_worker,grid.geometry,35,0.000275,0.159489
round_5,optical_geohash,datasets[0].timings.units[1].workers[0],logical_worker,minio.chunk_stat,1,0.006468,0.159489
round_5,optical_geohash,datasets[0].timings.units[1].workers[0],logical_worker,minio.chunk_upload,1,0.030014,0.159489
round_5,optical_geohash,datasets[0].timings.units[1].workers[0],logical_worker,logical.row_generation,4,0.002609,0.159489
round_5,optical_geohash,datasets[0].timings.units[1].workers[0],logical_worker,logical.chunk_serialize,1,0.002667,0.159489
round_5,optical_geohash,datasets[0].timings.units[1].workers[0],logical_worker,opengauss.logical_stage,1,0.108956,0.159489
round_5,optical_geohash,datasets[0].timings.units[1].source_preflight,source_preflight,minio.stat,1,0.007239,1.388332
round_5,optical_geohash,datasets[0].timings.units[2].driver,logical_batch_driver,ray.wait,1,0.083136,0.096109
round_5,optical_geohash,datasets[0].timings.units[2].driver,logical_batch_driver,ray.result_get,1,0.00032,0.096109
round_5,optical_geohash,datasets[0].timings.units[2].driver,logical_batch_driver,ray.task_submit,1,0.00947,0.096109
round_5,optical_geohash,datasets[0].timings.units[2].driver,logical_batch_driver,ray.task_prepare,2,0.000264,0.096109
round_5,optical_geohash,datasets[0].timings.units[2].driver,logical_batch_driver,driver.result_merge,1,6e-06,0.096109
round_5,optical_geohash,datasets[0].timings.units[2].workers[0],logical_worker,grid.cover,4,0.008131,0.077409
round_5,optical_geohash,datasets[0].timings.units[2].workers[0],logical_worker,grid.geometry,35,0.000264,0.077409
round_5,optical_geohash,datasets[0].timings.units[2].workers[0],logical_worker,minio.chunk_stat,1,0.00629,0.077409
round_5,optical_geohash,datasets[0].timings.units[2].workers[0],logical_worker,minio.chunk_upload,1,0.022906,0.077409
round_5,optical_geohash,datasets[0].timings.units[2].workers[0],logical_worker,logical.row_generation,4,0.002357,0.077409
round_5,optical_geohash,datasets[0].timings.units[2].workers[0],logical_worker,logical.chunk_serialize,1,0.002811,0.077409
round_5,optical_geohash,datasets[0].timings.units[2].workers[0],logical_worker,opengauss.logical_stage,1,0.034163,0.077409
round_5,optical_geohash,datasets[0].timings.units[2].source_preflight,source_preflight,minio.stat,1,0.006485,0.102729
round_5,optical_geohash,datasets[0].timings.units[3].driver,logical_batch_driver,ray.wait,4,3.892895,3.91121
round_5,optical_geohash,datasets[0].timings.units[3].driver,logical_batch_driver,ray.result_get,1,0.000295,3.91121
round_5,optical_geohash,datasets[0].timings.units[3].driver,logical_batch_driver,ray.task_submit,1,0.008985,3.91121
round_5,optical_geohash,datasets[0].timings.units[3].driver,logical_batch_driver,ray.task_prepare,2,0.000234,3.91121
round_5,optical_geohash,datasets[0].timings.units[3].driver,logical_batch_driver,driver.result_merge,1,5e-06,3.91121
round_5,optical_geohash,datasets[0].timings.units[3].workers[0],logical_worker,grid.cover,4,0.008511,2.616728
round_5,optical_geohash,datasets[0].timings.units[3].workers[0],logical_worker,grid.geometry,35,0.000302,2.616728
round_5,optical_geohash,datasets[0].timings.units[3].workers[0],logical_worker,minio.chunk_stat,1,0.006917,2.616728
round_5,optical_geohash,datasets[0].timings.units[3].workers[0],logical_worker,minio.chunk_upload,1,2.4945,2.616728
round_5,optical_geohash,datasets[0].timings.units[3].workers[0],logical_worker,logical.row_generation,4,0.002656,2.616728
round_5,optical_geohash,datasets[0].timings.units[3].workers[0],logical_worker,logical.chunk_serialize,1,0.00277,2.616728
round_5,optical_geohash,datasets[0].timings.units[3].workers[0],logical_worker,opengauss.logical_stage,1,0.100791,2.616728
round_5,optical_geohash,datasets[0].timings.units[3].source_preflight,source_preflight,minio.stat,1,0.006218,3.917562
round_5,optical_geohash,datasets[0].timings.workflow,workflow_dataset,runner.execute,1,7.333507,7.486075
round_5,optical_geohash,datasets[0].timings.workflow,workflow_dataset,opengauss.start_output,1,0.016872,7.486075
round_5,optical_geohash,datasets[0].timings.workflow,workflow_dataset,opengauss.complete_output,1,0.018157,7.486075
round_5,optical_geohash,datasets[0].timings.workflow,workflow_dataset,opengauss.record_output_chunks,1,0.009181,7.486075
round_5,optical_geohash,datasets[0].timings.workflow,workflow_dataset,opengauss.verify_output_chunks,1,0.062952,7.486075
round_5,optical_geohash,datasets[0].timings.workflow,workflow_dataset,opengauss.promote_logical_staging,1,0.043813,7.486075
round_5,optical_mgrs,timings.job_driver,ray_job_driver,workflow.run,1,7.517249,7.665153
round_5,optical_mgrs,timings.job_driver,ray_job_driver,driver.bootstrap,1,0.142531,7.665153
round_5,optical_mgrs,timings.job_driver,ray_job_driver,task.start_attempt,1,0.004561,7.665153
round_5,optical_mgrs,datasets[0].timings.units[0].driver,logical_batch_driver,ray.init,1,0.088364,1.806287
round_5,optical_mgrs,datasets[0].timings.units[0].driver,logical_batch_driver,ray.wait,2,1.669177,1.806287
round_5,optical_mgrs,datasets[0].timings.units[0].driver,logical_batch_driver,ray.result_get,1,0.000365,1.806287
round_5,optical_mgrs,datasets[0].timings.units[0].driver,logical_batch_driver,ray.task_submit,1,0.043039,1.806287
round_5,optical_mgrs,datasets[0].timings.units[0].driver,logical_batch_driver,ray.task_prepare,2,0.000269,1.806287
round_5,optical_mgrs,datasets[0].timings.units[0].driver,logical_batch_driver,driver.result_merge,1,8e-06,1.806287
round_5,optical_mgrs,datasets[0].timings.units[0].workers[0],logical_worker,grid.cover,4,0.198069,0.471736
round_5,optical_mgrs,datasets[0].timings.units[0].workers[0],logical_worker,grid.geometry,165,0.02992,0.471736
round_5,optical_mgrs,datasets[0].timings.units[0].workers[0],logical_worker,minio.chunk_stat,1,0.006677,0.471736
round_5,optical_mgrs,datasets[0].timings.units[0].workers[0],logical_worker,minio.chunk_upload,1,0.040168,0.471736
round_5,optical_mgrs,datasets[0].timings.units[0].workers[0],logical_worker,logical.row_generation,4,0.039603,0.471736
round_5,optical_mgrs,datasets[0].timings.units[0].workers[0],logical_worker,logical.chunk_serialize,1,0.045665,0.471736
round_5,optical_mgrs,datasets[0].timings.units[0].workers[0],logical_worker,opengauss.logical_stage,1,0.140628,0.471736
round_5,optical_mgrs,datasets[0].timings.units[0].source_preflight,source_preflight,minio.stat,1,0.152512,2.149012
round_5,optical_mgrs,datasets[0].timings.units[1].driver,logical_batch_driver,ray.wait,2,1.70173,1.717048
round_5,optical_mgrs,datasets[0].timings.units[1].driver,logical_batch_driver,ray.result_get,1,0.000303,1.717048
round_5,optical_mgrs,datasets[0].timings.units[1].driver,logical_batch_driver,ray.task_submit,1,0.009678,1.717048
round_5,optical_mgrs,datasets[0].timings.units[1].driver,logical_batch_driver,ray.task_prepare,2,0.00026,1.717048
round_5,optical_mgrs,datasets[0].timings.units[1].driver,logical_batch_driver,driver.result_merge,1,7e-06,1.717048
round_5,optical_mgrs,datasets[0].timings.units[1].workers[0],logical_worker,grid.cover,4,0.19347,0.450361
round_5,optical_mgrs,datasets[0].timings.units[1].workers[0],logical_worker,grid.geometry,165,0.022639,0.450361
round_5,optical_mgrs,datasets[0].timings.units[1].workers[0],logical_worker,minio.chunk_stat,1,0.007084,0.450361
round_5,optical_mgrs,datasets[0].timings.units[1].workers[0],logical_worker,minio.chunk_upload,1,0.029358,0.450361
round_5,optical_mgrs,datasets[0].timings.units[1].workers[0],logical_worker,logical.row_generation,4,0.032969,0.450361
round_5,optical_mgrs,datasets[0].timings.units[1].workers[0],logical_worker,logical.chunk_serialize,1,0.045799,0.450361
round_5,optical_mgrs,datasets[0].timings.units[1].workers[0],logical_worker,opengauss.logical_stage,1,0.140649,0.450361
round_5,optical_mgrs,datasets[0].timings.units[1].source_preflight,source_preflight,minio.stat,1,0.00925,1.726436
round_5,optical_mgrs,datasets[0].timings.units[2].driver,logical_batch_driver,ray.wait,2,1.668465,1.682605
round_5,optical_mgrs,datasets[0].timings.units[2].driver,logical_batch_driver,ray.result_get,1,0.000254,1.682605
round_5,optical_mgrs,datasets[0].timings.units[2].driver,logical_batch_driver,ray.task_submit,1,0.008644,1.682605
round_5,optical_mgrs,datasets[0].timings.units[2].driver,logical_batch_driver,ray.task_prepare,2,0.000246,1.682605
round_5,optical_mgrs,datasets[0].timings.units[2].driver,logical_batch_driver,driver.result_merge,1,6e-06,1.682605
round_5,optical_mgrs,datasets[0].timings.units[2].workers[0],logical_worker,grid.cover,4,0.193745,0.454006
round_5,optical_mgrs,datasets[0].timings.units[2].workers[0],logical_worker,grid.geometry,165,0.020166,0.454006
round_5,optical_mgrs,datasets[0].timings.units[2].workers[0],logical_worker,minio.chunk_stat,1,0.008163,0.454006
round_5,optical_mgrs,datasets[0].timings.units[2].workers[0],logical_worker,minio.chunk_upload,1,0.029237,0.454006
round_5,optical_mgrs,datasets[0].timings.units[2].workers[0],logical_worker,logical.row_generation,4,0.030017,0.454006
round_5,optical_mgrs,datasets[0].timings.units[2].workers[0],logical_worker,logical.chunk_serialize,1,0.047333,0.454006
round_5,optical_mgrs,datasets[0].timings.units[2].workers[0],logical_worker,opengauss.logical_stage,1,0.144465,0.454006
round_5,optical_mgrs,datasets[0].timings.units[2].source_preflight,source_preflight,minio.stat,1,0.007236,1.689952
round_5,optical_mgrs,datasets[0].timings.units[3].driver,logical_batch_driver,ray.wait,2,1.644636,1.657748
round_5,optical_mgrs,datasets[0].timings.units[3].driver,logical_batch_driver,ray.result_get,1,0.000339,1.657748
round_5,optical_mgrs,datasets[0].timings.units[3].driver,logical_batch_driver,ray.task_submit,1,0.008662,1.657748
round_5,optical_mgrs,datasets[0].timings.units[3].driver,logical_batch_driver,ray.task_prepare,2,0.000235,1.657748
round_5,optical_mgrs,datasets[0].timings.units[3].driver,logical_batch_driver,driver.result_merge,1,9e-06,1.657748
round_5,optical_mgrs,datasets[0].timings.units[3].workers[0],logical_worker,grid.cover,4,0.187361,0.450836
round_5,optical_mgrs,datasets[0].timings.units[3].workers[0],logical_worker,grid.geometry,165,0.019587,0.450836
round_5,optical_mgrs,datasets[0].timings.units[3].workers[0],logical_worker,minio.chunk_stat,1,0.007151,0.450836
round_5,optical_mgrs,datasets[0].timings.units[3].workers[0],logical_worker,minio.chunk_upload,1,0.033369,0.450836
round_5,optical_mgrs,datasets[0].timings.units[3].workers[0],logical_worker,logical.row_generation,4,0.02905,0.450836
round_5,optical_mgrs,datasets[0].timings.units[3].workers[0],logical_worker,logical.chunk_serialize,1,0.045478,0.450836
round_5,optical_mgrs,datasets[0].timings.units[3].workers[0],logical_worker,opengauss.logical_stage,1,0.147381,0.450836
round_5,optical_mgrs,datasets[0].timings.units[3].source_preflight,source_preflight,minio.stat,1,0.006605,1.664461
round_5,optical_mgrs,datasets[0].timings.workflow,workflow_dataset,runner.execute,1,7.232806,7.516894
round_5,optical_mgrs,datasets[0].timings.workflow,workflow_dataset,opengauss.start_output,1,0.013226,7.516894
round_5,optical_mgrs,datasets[0].timings.workflow,workflow_dataset,opengauss.complete_output,1,0.023681,7.516894
round_5,optical_mgrs,datasets[0].timings.workflow,workflow_dataset,opengauss.record_output_chunks,1,0.008525,7.516894
round_5,optical_mgrs,datasets[0].timings.workflow,workflow_dataset,opengauss.verify_output_chunks,1,0.064371,7.516894
round_5,optical_mgrs,datasets[0].timings.workflow,workflow_dataset,opengauss.promote_logical_staging,1,0.17255,7.516894
round_5,optical_isea4h,timings.job_driver,ray_job_driver,workflow.run,1,21.69834,21.854389
round_5,optical_isea4h,timings.job_driver,ray_job_driver,driver.bootstrap,1,0.151752,21.854389
round_5,optical_isea4h,timings.job_driver,ray_job_driver,task.start_attempt,1,0.003531,21.854389
round_5,optical_isea4h,datasets[0].timings.units[0].driver,raster_driver,ray.init,1,0.075436,9.488624
round_5,optical_isea4h,datasets[0].timings.units[0].driver,raster_driver,ray.wait,23,9.314541,9.488624
round_5,optical_isea4h,datasets[0].timings.units[0].driver,raster_driver,ray.result_get,16,0.004693,9.488624
round_5,optical_isea4h,datasets[0].timings.units[0].driver,raster_driver,ray.task_submit,16,0.053317,9.488624
round_5,optical_isea4h,datasets[0].timings.units[0].driver,raster_driver,driver.result_merge,16,0.000113,9.488624
round_5,optical_isea4h,datasets[0].timings.units[0].workers[0],raster_worker,grid.cover,1,4.550296,6.412564
round_5,optical_isea4h,datasets[0].timings.units[0].workers[0],raster_worker,source.cache,1,0.000245,6.412564
round_5,optical_isea4h,datasets[0].timings.units[0].workers[0],raster_worker,grid.geometry,1,0.000751,6.412564
round_5,optical_isea4h,datasets[0].timings.units[0].workers[0],raster_worker,minio.tile_stat,1,0.009303,6.412564
round_5,optical_isea4h,datasets[0].timings.units[0].workers[0],raster_worker,source.checksum,1,0.048779,6.412564
round_5,optical_isea4h,datasets[0].timings.units[0].workers[0],raster_worker,source.download,1,0.0,6.412564
round_5,optical_isea4h,datasets[0].timings.units[0].workers[0],raster_worker,entity.tile_mask,1,0.900606,6.412564
round_5,optical_isea4h,datasets[0].timings.units[0].workers[0],raster_worker,entity.tile_write,1,0.756419,6.412564
round_5,optical_isea4h,datasets[0].timings.units[0].workers[0],raster_worker,minio.tile_upload,1,0.130161,6.412564
round_5,optical_isea4h,datasets[0].timings.units[0].workers[0],raster_worker,source.raster_open,1,0.010604,6.412564
round_5,optical_isea4h,datasets[0].timings.units[0].workers[0],raster_worker,entity.tile_checksum,1,0.003437,6.412564
round_5,optical_isea4h,datasets[0].timings.units[0].workers[0],raster_worker,grid.window_calculation,1,0.000284,6.412564
round_5,optical_isea4h,datasets[0].timings.units[0].workers[1],raster_worker,grid.cover,1,4.60749,6.342976
round_5,optical_isea4h,datasets[0].timings.units[0].workers[1],raster_worker,source.cache,1,0.000286,6.342976
round_5,optical_isea4h,datasets[0].timings.units[0].workers[1],raster_worker,grid.geometry,1,0.000828,6.342976
round_5,optical_isea4h,datasets[0].timings.units[0].workers[1],raster_worker,minio.tile_stat,1,0.010152,6.342976
round_5,optical_isea4h,datasets[0].timings.units[0].workers[1],raster_worker,source.checksum,1,0.052067,6.342976
round_5,optical_isea4h,datasets[0].timings.units[0].workers[1],raster_worker,source.download,1,0.0,6.342976
round_5,optical_isea4h,datasets[0].timings.units[0].workers[1],raster_worker,entity.tile_mask,1,0.89846,6.342976
round_5,optical_isea4h,datasets[0].timings.units[0].workers[1],raster_worker,entity.tile_write,1,0.757741,6.342976
round_5,optical_isea4h,datasets[0].timings.units[0].workers[1],raster_worker,source.raster_open,1,0.010517,6.342976
round_5,optical_isea4h,datasets[0].timings.units[0].workers[1],raster_worker,entity.tile_checksum,1,0.003433,6.342976
round_5,optical_isea4h,datasets[0].timings.units[0].workers[1],raster_worker,grid.window_calculation,1,0.000358,6.342976
round_5,optical_isea4h,datasets[0].timings.units[0].workers[2],raster_worker,grid.cover,1,4.651429,6.435476
round_5,optical_isea4h,datasets[0].timings.units[0].workers[2],raster_worker,source.cache,1,0.00026,6.435476
round_5,optical_isea4h,datasets[0].timings.units[0].workers[2],raster_worker,grid.geometry,1,0.000839,6.435476
round_5,optical_isea4h,datasets[0].timings.units[0].workers[2],raster_worker,minio.tile_stat,1,0.007538,6.435476
round_5,optical_isea4h,datasets[0].timings.units[0].workers[2],raster_worker,source.checksum,1,0.047926,6.435476
round_5,optical_isea4h,datasets[0].timings.units[0].workers[2],raster_worker,source.download,1,0.0,6.435476
round_5,optical_isea4h,datasets[0].timings.units[0].workers[2],raster_worker,entity.tile_mask,1,0.940741,6.435476
round_5,optical_isea4h,datasets[0].timings.units[0].workers[2],raster_worker,entity.tile_write,1,0.766789,6.435476
round_5,optical_isea4h,datasets[0].timings.units[0].workers[2],raster_worker,source.raster_open,1,0.01439,6.435476
round_5,optical_isea4h,datasets[0].timings.units[0].workers[2],raster_worker,entity.tile_checksum,1,0.003433,6.435476
round_5,optical_isea4h,datasets[0].timings.units[0].workers[2],raster_worker,grid.window_calculation,1,0.000372,6.435476
round_5,optical_isea4h,datasets[0].timings.units[0].workers[3],raster_worker,grid.cover,1,4.651596,6.414162
round_5,optical_isea4h,datasets[0].timings.units[0].workers[3],raster_worker,source.cache,1,0.000264,6.414162
round_5,optical_isea4h,datasets[0].timings.units[0].workers[3],raster_worker,grid.geometry,1,0.000834,6.414162
round_5,optical_isea4h,datasets[0].timings.units[0].workers[3],raster_worker,minio.tile_stat,1,0.008536,6.414162
round_5,optical_isea4h,datasets[0].timings.units[0].workers[3],raster_worker,source.checksum,1,0.048562,6.414162
round_5,optical_isea4h,datasets[0].timings.units[0].workers[3],raster_worker,source.download,1,0.0,6.414162
round_5,optical_isea4h,datasets[0].timings.units[0].workers[3],raster_worker,entity.tile_mask,1,0.902122,6.414162
round_5,optical_isea4h,datasets[0].timings.units[0].workers[3],raster_worker,entity.tile_write,1,0.786102,6.414162
round_5,optical_isea4h,datasets[0].timings.units[0].workers[3],raster_worker,source.raster_open,1,0.010684,6.414162
round_5,optical_isea4h,datasets[0].timings.units[0].workers[3],raster_worker,entity.tile_checksum,1,0.003514,6.414162
round_5,optical_isea4h,datasets[0].timings.units[0].workers[3],raster_worker,grid.window_calculation,1,0.000315,6.414162
round_5,optical_isea4h,datasets[0].timings.units[0].workers[4],raster_worker,grid.cover,1,4.710273,6.5091
round_5,optical_isea4h,datasets[0].timings.units[0].workers[4],raster_worker,source.cache,1,0.000258,6.5091
round_5,optical_isea4h,datasets[0].timings.units[0].workers[4],raster_worker,grid.geometry,1,0.000798,6.5091
round_5,optical_isea4h,datasets[0].timings.units[0].workers[4],raster_worker,minio.tile_stat,1,0.00879,6.5091
round_5,optical_isea4h,datasets[0].timings.units[0].workers[4],raster_worker,source.checksum,1,0.054421,6.5091
round_5,optical_isea4h,datasets[0].timings.units[0].workers[4],raster_worker,source.download,1,0.0,6.5091
round_5,optical_isea4h,datasets[0].timings.units[0].workers[4],raster_worker,entity.tile_mask,1,0.946117,6.5091
round_5,optical_isea4h,datasets[0].timings.units[0].workers[4],raster_worker,entity.tile_write,1,0.771785,6.5091
round_5,optical_isea4h,datasets[0].timings.units[0].workers[4],raster_worker,source.raster_open,1,0.011021,6.5091
round_5,optical_isea4h,datasets[0].timings.units[0].workers[4],raster_worker,entity.tile_checksum,1,0.003532,6.5091
round_5,optical_isea4h,datasets[0].timings.units[0].workers[4],raster_worker,grid.window_calculation,1,0.000346,6.5091
round_5,optical_isea4h,datasets[0].timings.units[0].workers[5],raster_worker,grid.cover,1,4.640921,6.672655
round_5,optical_isea4h,datasets[0].timings.units[0].workers[5],raster_worker,source.cache,1,0.00025,6.672655
round_5,optical_isea4h,datasets[0].timings.units[0].workers[5],raster_worker,grid.geometry,2,0.001963,6.672655
round_5,optical_isea4h,datasets[0].timings.units[0].workers[5],raster_worker,minio.tile_stat,2,0.013888,6.672655
round_5,optical_isea4h,datasets[0].timings.units[0].workers[5],raster_worker,source.checksum,1,0.050836,6.672655
round_5,optical_isea4h,datasets[0].timings.units[0].workers[5],raster_worker,source.download,1,0.0,6.672655
round_5,optical_isea4h,datasets[0].timings.units[0].workers[5],raster_worker,entity.tile_mask,2,1.002368,6.672655
round_5,optical_isea4h,datasets[0].timings.units[0].workers[5],raster_worker,entity.tile_write,2,0.879406,6.672655
round_5,optical_isea4h,datasets[0].timings.units[0].workers[5],raster_worker,minio.tile_upload,1,0.060938,6.672655
round_5,optical_isea4h,datasets[0].timings.units[0].workers[5],raster_worker,source.raster_open,1,0.01429,6.672655
round_5,optical_isea4h,datasets[0].timings.units[0].workers[5],raster_worker,entity.tile_checksum,2,0.00512,6.672655
round_5,optical_isea4h,datasets[0].timings.units[0].workers[5],raster_worker,grid.window_calculation,2,0.000606,6.672655
round_5,optical_isea4h,datasets[0].timings.units[0].workers[6],raster_worker,grid.cover,1,4.61934,6.7256
round_5,optical_isea4h,datasets[0].timings.units[0].workers[6],raster_worker,source.cache,1,0.000278,6.7256
round_5,optical_isea4h,datasets[0].timings.units[0].workers[6],raster_worker,grid.geometry,2,0.004394,6.7256
round_5,optical_isea4h,datasets[0].timings.units[0].workers[6],raster_worker,minio.tile_stat,2,0.106681,6.7256
round_5,optical_isea4h,datasets[0].timings.units[0].workers[6],raster_worker,source.checksum,1,0.04753,6.7256
round_5,optical_isea4h,datasets[0].timings.units[0].workers[6],raster_worker,source.download,1,0.0,6.7256
round_5,optical_isea4h,datasets[0].timings.units[0].workers[6],raster_worker,entity.tile_mask,2,1.009382,6.7256
round_5,optical_isea4h,datasets[0].timings.units[0].workers[6],raster_worker,entity.tile_write,2,0.893797,6.7256
round_5,optical_isea4h,datasets[0].timings.units[0].workers[6],raster_worker,minio.tile_upload,1,0.025975,6.7256
round_5,optical_isea4h,datasets[0].timings.units[0].workers[6],raster_worker,source.raster_open,1,0.011525,6.7256
round_5,optical_isea4h,datasets[0].timings.units[0].workers[6],raster_worker,entity.tile_checksum,2,0.003586,6.7256
round_5,optical_isea4h,datasets[0].timings.units[0].workers[6],raster_worker,grid.window_calculation,2,0.000602,6.7256
round_5,optical_isea4h,datasets[0].timings.units[0].workers[7],raster_worker,grid.cover,1,4.946336,6.710409
round_5,optical_isea4h,datasets[0].timings.units[0].workers[7],raster_worker,source.cache,1,0.000261,6.710409
round_5,optical_isea4h,datasets[0].timings.units[0].workers[7],raster_worker,grid.geometry,1,0.000809,6.710409
round_5,optical_isea4h,datasets[0].timings.units[0].workers[7],raster_worker,minio.tile_stat,1,0.008069,6.710409
round_5,optical_isea4h,datasets[0].timings.units[0].workers[7],raster_worker,source.checksum,1,0.052647,6.710409
round_5,optical_isea4h,datasets[0].timings.units[0].workers[7],raster_worker,source.download,1,0.0,6.710409
round_5,optical_isea4h,datasets[0].timings.units[0].workers[7],raster_worker,entity.tile_mask,1,0.926074,6.710409
round_5,optical_isea4h,datasets[0].timings.units[0].workers[7],raster_worker,entity.tile_write,1,0.760091,6.710409
round_5,optical_isea4h,datasets[0].timings.units[0].workers[7],raster_worker,source.raster_open,1,0.010656,6.710409
round_5,optical_isea4h,datasets[0].timings.units[0].workers[7],raster_worker,entity.tile_checksum,1,0.003552,6.710409
round_5,optical_isea4h,datasets[0].timings.units[0].workers[7],raster_worker,grid.window_calculation,1,0.000337,6.710409
round_5,optical_isea4h,datasets[0].timings.units[0].workers[8],raster_worker,grid.cover,1,4.594717,6.812806
round_5,optical_isea4h,datasets[0].timings.units[0].workers[8],raster_worker,source.cache,1,0.000246,6.812806
round_5,optical_isea4h,datasets[0].timings.units[0].workers[8],raster_worker,grid.geometry,1,0.000759,6.812806
round_5,optical_isea4h,datasets[0].timings.units[0].workers[8],raster_worker,minio.tile_stat,1,0.005973,6.812806
round_5,optical_isea4h,datasets[0].timings.units[0].workers[8],raster_worker,source.checksum,1,0.051265,6.812806
round_5,optical_isea4h,datasets[0].timings.units[0].workers[8],raster_worker,source.download,1,0.0,6.812806
round_5,optical_isea4h,datasets[0].timings.units[0].workers[8],raster_worker,entity.tile_mask,1,0.885656,6.812806
round_5,optical_isea4h,datasets[0].timings.units[0].workers[8],raster_worker,entity.tile_write,1,0.759847,6.812806
round_5,optical_isea4h,datasets[0].timings.units[0].workers[8],raster_worker,minio.tile_upload,1,0.498298,6.812806
round_5,optical_isea4h,datasets[0].timings.units[0].workers[8],raster_worker,source.raster_open,1,0.010617,6.812806
round_5,optical_isea4h,datasets[0].timings.units[0].workers[8],raster_worker,entity.tile_checksum,1,0.003487,6.812806
round_5,optical_isea4h,datasets[0].timings.units[0].workers[8],raster_worker,grid.window_calculation,1,0.000293,6.812806
round_5,optical_isea4h,datasets[0].timings.units[0].workers[9],raster_worker,grid.cover,1,4.663232,6.833859
round_5,optical_isea4h,datasets[0].timings.units[0].workers[9],raster_worker,source.cache,1,0.000263,6.833859
round_5,optical_isea4h,datasets[0].timings.units[0].workers[9],raster_worker,grid.geometry,3,0.00295,6.833859
round_5,optical_isea4h,datasets[0].timings.units[0].workers[9],raster_worker,minio.tile_stat,3,0.017246,6.833859
round_5,optical_isea4h,datasets[0].timings.units[0].workers[9],raster_worker,source.checksum,1,0.047443,6.833859
round_5,optical_isea4h,datasets[0].timings.units[0].workers[9],raster_worker,source.download,1,0.0,6.833859
round_5,optical_isea4h,datasets[0].timings.units[0].workers[9],raster_worker,entity.tile_mask,3,1.078118,6.833859
round_5,optical_isea4h,datasets[0].timings.units[0].workers[9],raster_worker,entity.tile_write,3,0.981112,6.833859
round_5,optical_isea4h,datasets[0].timings.units[0].workers[9],raster_worker,minio.tile_upload,1,0.026366,6.833859
round_5,optical_isea4h,datasets[0].timings.units[0].workers[9],raster_worker,source.raster_open,1,0.009942,6.833859
round_5,optical_isea4h,datasets[0].timings.units[0].workers[9],raster_worker,entity.tile_checksum,3,0.003626,6.833859
round_5,optical_isea4h,datasets[0].timings.units[0].workers[9],raster_worker,grid.window_calculation,3,0.000789,6.833859
round_5,optical_isea4h,datasets[0].timings.units[0].workers[10],raster_worker,grid.cover,1,4.556124,6.237819
round_5,optical_isea4h,datasets[0].timings.units[0].workers[10],raster_worker,source.cache,1,0.000254,6.237819
round_5,optical_isea4h,datasets[0].timings.units[0].workers[10],raster_worker,grid.geometry,1,0.000799,6.237819
round_5,optical_isea4h,datasets[0].timings.units[0].workers[10],raster_worker,minio.tile_stat,1,0.012618,6.237819
round_5,optical_isea4h,datasets[0].timings.units[0].workers[10],raster_worker,source.checksum,1,0.048296,6.237819
round_5,optical_isea4h,datasets[0].timings.units[0].workers[10],raster_worker,source.download,1,0.0,6.237819
round_5,optical_isea4h,datasets[0].timings.units[0].workers[10],raster_worker,entity.tile_mask,1,0.864726,6.237819
round_5,optical_isea4h,datasets[0].timings.units[0].workers[10],raster_worker,entity.tile_write,1,0.739535,6.237819
round_5,optical_isea4h,datasets[0].timings.units[0].workers[10],raster_worker,source.raster_open,1,0.010243,6.237819
round_5,optical_isea4h,datasets[0].timings.units[0].workers[10],raster_worker,entity.tile_checksum,1,0.003437,6.237819
round_5,optical_isea4h,datasets[0].timings.units[0].workers[10],raster_worker,grid.window_calculation,1,0.000331,6.237819
round_5,optical_isea4h,datasets[0].timings.units[0].workers[11],raster_worker,grid.cover,1,4.640667,6.559927
round_5,optical_isea4h,datasets[0].timings.units[0].workers[11],raster_worker,source.cache,1,0.000229,6.559927
round_5,optical_isea4h,datasets[0].timings.units[0].workers[11],raster_worker,grid.geometry,2,0.001856,6.559927
round_5,optical_isea4h,datasets[0].timings.units[0].workers[11],raster_worker,minio.tile_stat,2,0.01428,6.559927
round_5,optical_isea4h,datasets[0].timings.units[0].workers[11],raster_worker,source.checksum,1,0.049902,6.559927
round_5,optical_isea4h,datasets[0].timings.units[0].workers[11],raster_worker,source.download,1,0.0,6.559927
round_5,optical_isea4h,datasets[0].timings.units[0].workers[11],raster_worker,entity.tile_mask,2,0.985855,6.559927
round_5,optical_isea4h,datasets[0].timings.units[0].workers[11],raster_worker,entity.tile_write,2,0.850569,6.559927
round_5,optical_isea4h,datasets[0].timings.units[0].workers[11],raster_worker,source.raster_open,1,0.010013,6.559927
round_5,optical_isea4h,datasets[0].timings.units[0].workers[11],raster_worker,entity.tile_checksum,2,0.003556,6.559927
round_5,optical_isea4h,datasets[0].timings.units[0].workers[11],raster_worker,grid.window_calculation,2,0.00058,6.559927
round_5,optical_isea4h,datasets[0].timings.units[0].workers[12],raster_worker,grid.cover,1,4.661899,6.729142
round_5,optical_isea4h,datasets[0].timings.units[0].workers[12],raster_worker,source.cache,1,0.000244,6.729142
round_5,optical_isea4h,datasets[0].timings.units[0].workers[12],raster_worker,grid.geometry,3,0.002981,6.729142
round_5,optical_isea4h,datasets[0].timings.units[0].workers[12],raster_worker,minio.tile_stat,3,0.020032,6.729142
round_5,optical_isea4h,datasets[0].timings.units[0].workers[12],raster_worker,source.checksum,1,0.049663,6.729142
round_5,optical_isea4h,datasets[0].timings.units[0].workers[12],raster_worker,source.download,1,0.0,6.729142
round_5,optical_isea4h,datasets[0].timings.units[0].workers[12],raster_worker,entity.tile_mask,3,0.997934,6.729142
round_5,optical_isea4h,datasets[0].timings.units[0].workers[12],raster_worker,entity.tile_write,3,0.978207,6.729142
round_5,optical_isea4h,datasets[0].timings.units[0].workers[12],raster_worker,source.raster_open,1,0.010123,6.729142
round_5,optical_isea4h,datasets[0].timings.units[0].workers[12],raster_worker,entity.tile_checksum,3,0.004796,6.729142
round_5,optical_isea4h,datasets[0].timings.units[0].workers[12],raster_worker,grid.window_calculation,3,0.000843,6.729142
round_5,optical_isea4h,datasets[0].timings.units[0].workers[13],raster_worker,grid.cover,1,4.694441,6.769039
round_5,optical_isea4h,datasets[0].timings.units[0].workers[13],raster_worker,source.cache,1,0.00024,6.769039
round_5,optical_isea4h,datasets[0].timings.units[0].workers[13],raster_worker,grid.geometry,3,0.002906,6.769039
round_5,optical_isea4h,datasets[0].timings.units[0].workers[13],raster_worker,minio.tile_stat,3,0.017401,6.769039
round_5,optical_isea4h,datasets[0].timings.units[0].workers[13],raster_worker,source.checksum,1,0.046678,6.769039
round_5,optical_isea4h,datasets[0].timings.units[0].workers[13],raster_worker,source.download,1,0.0,6.769039
round_5,optical_isea4h,datasets[0].timings.units[0].workers[13],raster_worker,entity.tile_mask,3,0.986439,6.769039
round_5,optical_isea4h,datasets[0].timings.units[0].workers[13],raster_worker,entity.tile_write,3,0.947663,6.769039
round_5,optical_isea4h,datasets[0].timings.units[0].workers[13],raster_worker,minio.tile_upload,1,0.055399,6.769039
round_5,optical_isea4h,datasets[0].timings.units[0].workers[13],raster_worker,source.raster_open,1,0.009676,6.769039
round_5,optical_isea4h,datasets[0].timings.units[0].workers[13],raster_worker,entity.tile_checksum,3,0.004825,6.769039
round_5,optical_isea4h,datasets[0].timings.units[0].workers[13],raster_worker,grid.window_calculation,3,0.000762,6.769039
round_5,optical_isea4h,datasets[0].timings.units[0].workers[14],raster_worker,grid.cover,1,4.748922,6.896776
round_5,optical_isea4h,datasets[0].timings.units[0].workers[14],raster_worker,source.cache,1,0.000252,6.896776
round_5,optical_isea4h,datasets[0].timings.units[0].workers[14],raster_worker,grid.geometry,3,0.002974,6.896776
round_5,optical_isea4h,datasets[0].timings.units[0].workers[14],raster_worker,minio.tile_stat,3,0.015681,6.896776
round_5,optical_isea4h,datasets[0].timings.units[0].workers[14],raster_worker,source.checksum,1,0.04649,6.896776
round_5,optical_isea4h,datasets[0].timings.units[0].workers[14],raster_worker,source.download,1,0.0,6.896776
round_5,optical_isea4h,datasets[0].timings.units[0].workers[14],raster_worker,entity.tile_mask,3,0.965945,6.896776
round_5,optical_isea4h,datasets[0].timings.units[0].workers[14],raster_worker,entity.tile_write,3,0.937726,6.896776
round_5,optical_isea4h,datasets[0].timings.units[0].workers[14],raster_worker,minio.tile_upload,1,0.160778,6.896776
round_5,optical_isea4h,datasets[0].timings.units[0].workers[14],raster_worker,source.raster_open,1,0.009794,6.896776
round_5,optical_isea4h,datasets[0].timings.units[0].workers[14],raster_worker,entity.tile_checksum,3,0.004848,6.896776
round_5,optical_isea4h,datasets[0].timings.units[0].workers[14],raster_worker,grid.window_calculation,3,0.000801,6.896776
round_5,optical_isea4h,datasets[0].timings.units[0].workers[15],raster_worker,grid.cover,1,5.023392,6.894212
round_5,optical_isea4h,datasets[0].timings.units[0].workers[15],raster_worker,source.cache,1,0.000261,6.894212
round_5,optical_isea4h,datasets[0].timings.units[0].workers[15],raster_worker,grid.geometry,2,0.001751,6.894212
round_5,optical_isea4h,datasets[0].timings.units[0].workers[15],raster_worker,minio.tile_stat,2,0.013533,6.894212
round_5,optical_isea4h,datasets[0].timings.units[0].workers[15],raster_worker,source.checksum,1,0.045921,6.894212
round_5,optical_isea4h,datasets[0].timings.units[0].workers[15],raster_worker,source.download,1,0.0,6.894212
round_5,optical_isea4h,datasets[0].timings.units[0].workers[15],raster_worker,entity.tile_mask,2,0.929663,6.894212
round_5,optical_isea4h,datasets[0].timings.units[0].workers[15],raster_worker,entity.tile_write,2,0.860009,6.894212
round_5,optical_isea4h,datasets[0].timings.units[0].workers[15],raster_worker,source.raster_open,1,0.012479,6.894212
round_5,optical_isea4h,datasets[0].timings.units[0].workers[15],raster_worker,entity.tile_checksum,2,0.00475,6.894212
round_5,optical_isea4h,datasets[0].timings.units[0].workers[15],raster_worker,grid.window_calculation,2,0.000483,6.894212
round_5,optical_isea4h,datasets[0].timings.units[0].source_preflight,source_preflight,minio.stat,1,0.167335,9.851337
round_5,optical_isea4h,datasets[0].timings.units[1].driver,raster_driver,ray.wait,17,2.788588,2.834303
round_5,optical_isea4h,datasets[0].timings.units[1].driver,raster_driver,ray.result_get,16,0.004855,2.834303
round_5,optical_isea4h,datasets[0].timings.units[1].driver,raster_driver,ray.task_submit,16,0.015308,2.834303
round_5,optical_isea4h,datasets[0].timings.units[1].driver,raster_driver,driver.result_merge,16,0.000114,2.834303
round_5,optical_isea4h,datasets[0].timings.units[1].workers[0],raster_worker,grid.cover,1,0.00933,1.60945
round_5,optical_isea4h,datasets[0].timings.units[1].workers[0],raster_worker,source.cache,1,0.000277,1.60945
round_5,optical_isea4h,datasets[0].timings.units[1].workers[0],raster_worker,grid.geometry,1,0.000873,1.60945
round_5,optical_isea4h,datasets[0].timings.units[1].workers[0],raster_worker,minio.tile_stat,1,0.009775,1.60945
round_5,optical_isea4h,datasets[0].timings.units[1].workers[0],raster_worker,source.checksum,1,0.0911,1.60945
round_5,optical_isea4h,datasets[0].timings.units[1].workers[0],raster_worker,source.download,1,0.0,1.60945
round_5,optical_isea4h,datasets[0].timings.units[1].workers[0],raster_worker,entity.tile_mask,1,0.848681,1.60945
round_5,optical_isea4h,datasets[0].timings.units[1].workers[0],raster_worker,entity.tile_write,1,0.565012,1.60945
round_5,optical_isea4h,datasets[0].timings.units[1].workers[0],raster_worker,minio.tile_upload,1,0.079619,1.60945
round_5,optical_isea4h,datasets[0].timings.units[1].workers[0],raster_worker,source.raster_open,1,0.00096,1.60945
round_5,optical_isea4h,datasets[0].timings.units[1].workers[0],raster_worker,entity.tile_checksum,1,0.002141,1.60945
round_5,optical_isea4h,datasets[0].timings.units[1].workers[0],raster_worker,grid.window_calculation,1,0.000231,1.60945
round_5,optical_isea4h,datasets[0].timings.units[1].workers[1],raster_worker,grid.cover,1,0.013425,1.617375
round_5,optical_isea4h,datasets[0].timings.units[1].workers[1],raster_worker,source.cache,1,0.000574,1.617375
round_5,optical_isea4h,datasets[0].timings.units[1].workers[1],raster_worker,grid.geometry,1,0.000941,1.617375
round_5,optical_isea4h,datasets[0].timings.units[1].workers[1],raster_worker,minio.tile_stat,1,0.007277,1.617375
round_5,optical_isea4h,datasets[0].timings.units[1].workers[1],raster_worker,source.checksum,1,0.103332,1.617375
round_5,optical_isea4h,datasets[0].timings.units[1].workers[1],raster_worker,source.download,1,0.0,1.617375
round_5,optical_isea4h,datasets[0].timings.units[1].workers[1],raster_worker,entity.tile_mask,1,0.889853,1.617375
round_5,optical_isea4h,datasets[0].timings.units[1].workers[1],raster_worker,entity.tile_write,1,0.593498,1.617375
round_5,optical_isea4h,datasets[0].timings.units[1].workers[1],raster_worker,source.raster_open,1,0.001841,1.617375
round_5,optical_isea4h,datasets[0].timings.units[1].workers[1],raster_worker,entity.tile_checksum,1,0.002155,1.617375
round_5,optical_isea4h,datasets[0].timings.units[1].workers[1],raster_worker,grid.window_calculation,1,0.000278,1.617375
round_5,optical_isea4h,datasets[0].timings.units[1].workers[2],raster_worker,grid.cover,1,0.006536,1.661126
round_5,optical_isea4h,datasets[0].timings.units[1].workers[2],raster_worker,source.cache,1,0.000317,1.661126
round_5,optical_isea4h,datasets[0].timings.units[1].workers[2],raster_worker,grid.geometry,1,0.000945,1.661126
round_5,optical_isea4h,datasets[0].timings.units[1].workers[2],raster_worker,minio.tile_stat,1,0.009055,1.661126
round_5,optical_isea4h,datasets[0].timings.units[1].workers[2],raster_worker,source.checksum,1,0.097039,1.661126
round_5,optical_isea4h,datasets[0].timings.units[1].workers[2],raster_worker,source.download,1,0.0,1.661126
round_5,optical_isea4h,datasets[0].timings.units[1].workers[2],raster_worker,entity.tile_mask,1,0.860083,1.661126
round_5,optical_isea4h,datasets[0].timings.units[1].workers[2],raster_worker,entity.tile_write,1,0.563808,1.661126
round_5,optical_isea4h,datasets[0].timings.units[1].workers[2],raster_worker,minio.tile_upload,1,0.118507,1.661126
round_5,optical_isea4h,datasets[0].timings.units[1].workers[2],raster_worker,source.raster_open,1,0.001085,1.661126
round_5,optical_isea4h,datasets[0].timings.units[1].workers[2],raster_worker,entity.tile_checksum,1,0.002132,1.661126
round_5,optical_isea4h,datasets[0].timings.units[1].workers[2],raster_worker,grid.window_calculation,1,0.00027,1.661126
round_5,optical_isea4h,datasets[0].timings.units[1].workers[3],raster_worker,grid.cover,1,0.006139,1.787989
round_5,optical_isea4h,datasets[0].timings.units[1].workers[3],raster_worker,source.cache,1,0.000227,1.787989
round_5,optical_isea4h,datasets[0].timings.units[1].workers[3],raster_worker,grid.geometry,1,0.00075,1.787989
round_5,optical_isea4h,datasets[0].timings.units[1].workers[3],raster_worker,minio.tile_stat,1,0.011322,1.787989
round_5,optical_isea4h,datasets[0].timings.units[1].workers[3],raster_worker,source.checksum,1,0.091068,1.787989
round_5,optical_isea4h,datasets[0].timings.units[1].workers[3],raster_worker,source.download,1,0.0,1.787989
round_5,optical_isea4h,datasets[0].timings.units[1].workers[3],raster_worker,entity.tile_mask,1,0.846296,1.787989
round_5,optical_isea4h,datasets[0].timings.units[1].workers[3],raster_worker,entity.tile_write,1,0.585563,1.787989
round_5,optical_isea4h,datasets[0].timings.units[1].workers[3],raster_worker,minio.tile_upload,1,0.241852,1.787989
round_5,optical_isea4h,datasets[0].timings.units[1].workers[3],raster_worker,source.raster_open,1,0.001056,1.787989
round_5,optical_isea4h,datasets[0].timings.units[1].workers[3],raster_worker,entity.tile_checksum,1,0.002137,1.787989
round_5,optical_isea4h,datasets[0].timings.units[1].workers[3],raster_worker,grid.window_calculation,1,0.000215,1.787989
round_5,optical_isea4h,datasets[0].timings.units[1].workers[4],raster_worker,grid.cover,1,0.008978,1.835722
round_5,optical_isea4h,datasets[0].timings.units[1].workers[4],raster_worker,source.cache,1,0.000556,1.835722
round_5,optical_isea4h,datasets[0].timings.units[1].workers[4],raster_worker,grid.geometry,1,0.000781,1.835722
round_5,optical_isea4h,datasets[0].timings.units[1].workers[4],raster_worker,minio.tile_stat,1,0.009209,1.835722
round_5,optical_isea4h,datasets[0].timings.units[1].workers[4],raster_worker,source.checksum,1,0.045618,1.835722
round_5,optical_isea4h,datasets[0].timings.units[1].workers[4],raster_worker,source.download,1,0.0,1.835722
round_5,optical_isea4h,datasets[0].timings.units[1].workers[4],raster_worker,entity.tile_mask,1,0.902739,1.835722
round_5,optical_isea4h,datasets[0].timings.units[1].workers[4],raster_worker,entity.tile_write,1,0.577891,1.835722
round_5,optical_isea4h,datasets[0].timings.units[1].workers[4],raster_worker,minio.tile_upload,1,0.285157,1.835722
round_5,optical_isea4h,datasets[0].timings.units[1].workers[4],raster_worker,source.raster_open,1,0.001093,1.835722
round_5,optical_isea4h,datasets[0].timings.units[1].workers[4],raster_worker,entity.tile_checksum,1,0.002134,1.835722
round_5,optical_isea4h,datasets[0].timings.units[1].workers[4],raster_worker,grid.window_calculation,1,0.000207,1.835722
round_5,optical_isea4h,datasets[0].timings.units[1].workers[5],raster_worker,grid.cover,1,0.005395,1.931349
round_5,optical_isea4h,datasets[0].timings.units[1].workers[5],raster_worker,source.cache,1,0.000397,1.931349
round_5,optical_isea4h,datasets[0].timings.units[1].workers[5],raster_worker,grid.geometry,2,0.001865,1.931349
round_5,optical_isea4h,datasets[0].timings.units[1].workers[5],raster_worker,minio.tile_stat,2,0.009751,1.931349
round_5,optical_isea4h,datasets[0].timings.units[1].workers[5],raster_worker,source.checksum,1,0.087277,1.931349
round_5,optical_isea4h,datasets[0].timings.units[1].workers[5],raster_worker,source.download,1,0.0,1.931349
round_5,optical_isea4h,datasets[0].timings.units[1].workers[5],raster_worker,entity.tile_mask,2,0.9028,1.931349
round_5,optical_isea4h,datasets[0].timings.units[1].workers[5],raster_worker,entity.tile_write,2,0.665995,1.931349
round_5,optical_isea4h,datasets[0].timings.units[1].workers[5],raster_worker,minio.tile_upload,2,0.250333,1.931349
round_5,optical_isea4h,datasets[0].timings.units[1].workers[5],raster_worker,source.raster_open,1,0.000973,1.931349
round_5,optical_isea4h,datasets[0].timings.units[1].workers[5],raster_worker,entity.tile_checksum,2,0.004178,1.931349
round_5,optical_isea4h,datasets[0].timings.units[1].workers[5],raster_worker,grid.window_calculation,2,0.000465,1.931349
round_5,optical_isea4h,datasets[0].timings.units[1].workers[6],raster_worker,grid.cover,1,0.009135,1.967582
round_5,optical_isea4h,datasets[0].timings.units[1].workers[6],raster_worker,source.cache,1,0.000403,1.967582
round_5,optical_isea4h,datasets[0].timings.units[1].workers[6],raster_worker,grid.geometry,3,0.003212,1.967582
round_5,optical_isea4h,datasets[0].timings.units[1].workers[6],raster_worker,minio.tile_stat,3,0.017812,1.967582
round_5,optical_isea4h,datasets[0].timings.units[1].workers[6],raster_worker,source.checksum,1,0.077738,1.967582
round_5,optical_isea4h,datasets[0].timings.units[1].workers[6],raster_worker,source.download,1,0.0,1.967582
round_5,optical_isea4h,datasets[0].timings.units[1].workers[6],raster_worker,entity.tile_mask,3,1.002181,1.967582
round_5,optical_isea4h,datasets[0].timings.units[1].workers[6],raster_worker,entity.tile_write,3,0.807561,1.967582
round_5,optical_isea4h,datasets[0].timings.units[1].workers[6],raster_worker,minio.tile_upload,1,0.040511,1.967582
round_5,optical_isea4h,datasets[0].timings.units[1].workers[6],raster_worker,source.raster_open,1,0.001443,1.967582
round_5,optical_isea4h,datasets[0].timings.units[1].workers[6],raster_worker,entity.tile_checksum,3,0.004262,1.967582
round_5,optical_isea4h,datasets[0].timings.units[1].workers[6],raster_worker,grid.window_calculation,3,0.00077,1.967582
round_5,optical_isea4h,datasets[0].timings.units[1].workers[7],raster_worker,grid.cover,1,0.008822,2.009169
round_5,optical_isea4h,datasets[0].timings.units[1].workers[7],raster_worker,source.cache,1,0.000661,2.009169
round_5,optical_isea4h,datasets[0].timings.units[1].workers[7],raster_worker,grid.geometry,2,0.002983,2.009169
round_5,optical_isea4h,datasets[0].timings.units[1].workers[7],raster_worker,minio.tile_stat,2,0.183202,2.009169
round_5,optical_isea4h,datasets[0].timings.units[1].workers[7],raster_worker,source.checksum,1,0.078045,2.009169
round_5,optical_isea4h,datasets[0].timings.units[1].workers[7],raster_worker,source.download,1,0.0,2.009169
round_5,optical_isea4h,datasets[0].timings.units[1].workers[7],raster_worker,entity.tile_mask,2,1.005084,2.009169
round_5,optical_isea4h,datasets[0].timings.units[1].workers[7],raster_worker,entity.tile_write,2,0.696055,2.009169
round_5,optical_isea4h,datasets[0].timings.units[1].workers[7],raster_worker,minio.tile_upload,1,0.027107,2.009169
round_5,optical_isea4h,datasets[0].timings.units[1].workers[7],raster_worker,source.raster_open,1,0.00176,2.009169
round_5,optical_isea4h,datasets[0].timings.units[1].workers[7],raster_worker,entity.tile_checksum,2,0.002207,2.009169
round_5,optical_isea4h,datasets[0].timings.units[1].workers[7],raster_worker,grid.window_calculation,2,0.000656,2.009169
round_5,optical_isea4h,datasets[0].timings.units[1].workers[8],raster_worker,grid.cover,1,0.00758,2.072959
round_5,optical_isea4h,datasets[0].timings.units[1].workers[8],raster_worker,source.cache,1,0.0004,2.072959
round_5,optical_isea4h,datasets[0].timings.units[1].workers[8],raster_worker,grid.geometry,1,0.000756,2.072959
round_5,optical_isea4h,datasets[0].timings.units[1].workers[8],raster_worker,minio.tile_stat,1,0.007691,2.072959
round_5,optical_isea4h,datasets[0].timings.units[1].workers[8],raster_worker,source.checksum,1,0.033273,2.072959
round_5,optical_isea4h,datasets[0].timings.units[1].workers[8],raster_worker,source.download,1,0.0,2.072959
round_5,optical_isea4h,datasets[0].timings.units[1].workers[8],raster_worker,entity.tile_mask,1,0.879921,2.072959
round_5,optical_isea4h,datasets[0].timings.units[1].workers[8],raster_worker,entity.tile_write,1,0.563211,2.072959
round_5,optical_isea4h,datasets[0].timings.units[1].workers[8],raster_worker,minio.tile_upload,1,0.575502,2.072959
round_5,optical_isea4h,datasets[0].timings.units[1].workers[8],raster_worker,source.raster_open,1,0.001004,2.072959
round_5,optical_isea4h,datasets[0].timings.units[1].workers[8],raster_worker,entity.tile_checksum,1,0.002138,2.072959
round_5,optical_isea4h,datasets[0].timings.units[1].workers[8],raster_worker,grid.window_calculation,1,0.000216,2.072959
round_5,optical_isea4h,datasets[0].timings.units[1].workers[9],raster_worker,grid.cover,1,0.008901,2.187056
round_5,optical_isea4h,datasets[0].timings.units[1].workers[9],raster_worker,source.cache,1,0.000634,2.187056
round_5,optical_isea4h,datasets[0].timings.units[1].workers[9],raster_worker,grid.geometry,2,0.002185,2.187056
round_5,optical_isea4h,datasets[0].timings.units[1].workers[9],raster_worker,minio.tile_stat,2,0.174015,2.187056
round_5,optical_isea4h,datasets[0].timings.units[1].workers[9],raster_worker,source.checksum,1,0.110754,2.187056
round_5,optical_isea4h,datasets[0].timings.units[1].workers[9],raster_worker,source.download,1,0.0,2.187056
round_5,optical_isea4h,datasets[0].timings.units[1].workers[9],raster_worker,entity.tile_mask,2,0.948723,2.187056
round_5,optical_isea4h,datasets[0].timings.units[1].workers[9],raster_worker,entity.tile_write,2,0.713249,2.187056
round_5,optical_isea4h,datasets[0].timings.units[1].workers[9],raster_worker,minio.tile_upload,1,0.22195,2.187056
round_5,optical_isea4h,datasets[0].timings.units[1].workers[9],raster_worker,source.raster_open,1,0.001402,2.187056
round_5,optical_isea4h,datasets[0].timings.units[1].workers[9],raster_worker,entity.tile_checksum,2,0.002333,2.187056
round_5,optical_isea4h,datasets[0].timings.units[1].workers[9],raster_worker,grid.window_calculation,2,0.000523,2.187056
round_5,optical_isea4h,datasets[0].timings.units[1].workers[10],raster_worker,grid.cover,1,0.00816,2.243191
round_5,optical_isea4h,datasets[0].timings.units[1].workers[10],raster_worker,source.cache,1,0.000256,2.243191
round_5,optical_isea4h,datasets[0].timings.units[1].workers[10],raster_worker,grid.geometry,2,0.001706,2.243191
round_5,optical_isea4h,datasets[0].timings.units[1].workers[10],raster_worker,minio.tile_stat,2,0.008668,2.243191
round_5,optical_isea4h,datasets[0].timings.units[1].workers[10],raster_worker,source.checksum,1,0.039452,2.243191
round_5,optical_isea4h,datasets[0].timings.units[1].workers[10],raster_worker,source.download,1,0.0,2.243191
round_5,optical_isea4h,datasets[0].timings.units[1].workers[10],raster_worker,entity.tile_mask,2,0.94439,2.243191
round_5,optical_isea4h,datasets[0].timings.units[1].workers[10],raster_worker,entity.tile_write,2,0.663386,2.243191
round_5,optical_isea4h,datasets[0].timings.units[1].workers[10],raster_worker,minio.tile_upload,2,0.57132,2.243191
round_5,optical_isea4h,datasets[0].timings.units[1].workers[10],raster_worker,source.raster_open,1,0.001047,2.243191
round_5,optical_isea4h,datasets[0].timings.units[1].workers[10],raster_worker,entity.tile_checksum,2,0.002679,2.243191
round_5,optical_isea4h,datasets[0].timings.units[1].workers[10],raster_worker,grid.window_calculation,2,0.000436,2.243191
round_5,optical_isea4h,datasets[0].timings.units[1].workers[11],raster_worker,grid.cover,1,0.006444,2.246926
round_5,optical_isea4h,datasets[0].timings.units[1].workers[11],raster_worker,source.cache,1,0.0003,2.246926
round_5,optical_isea4h,datasets[0].timings.units[1].workers[11],raster_worker,grid.geometry,1,0.000793,2.246926
round_5,optical_isea4h,datasets[0].timings.units[1].workers[11],raster_worker,minio.tile_stat,1,0.008487,2.246926
round_5,optical_isea4h,datasets[0].timings.units[1].workers[11],raster_worker,source.checksum,1,0.089767,2.246926
round_5,optical_isea4h,datasets[0].timings.units[1].workers[11],raster_worker,source.download,1,0.0,2.246926
round_5,optical_isea4h,datasets[0].timings.units[1].workers[11],raster_worker,entity.tile_mask,1,0.896607,2.246926
round_5,optical_isea4h,datasets[0].timings.units[1].workers[11],raster_worker,entity.tile_write,1,0.566263,2.246926
round_5,optical_isea4h,datasets[0].timings.units[1].workers[11],raster_worker,minio.tile_upload,1,0.673093,2.246926
round_5,optical_isea4h,datasets[0].timings.units[1].workers[11],raster_worker,source.raster_open,1,0.001218,2.246926
round_5,optical_isea4h,datasets[0].timings.units[1].workers[11],raster_worker,entity.tile_checksum,1,0.002274,2.246926
round_5,optical_isea4h,datasets[0].timings.units[1].workers[11],raster_worker,grid.window_calculation,1,0.000222,2.246926
round_5,optical_isea4h,datasets[0].timings.units[1].workers[12],raster_worker,grid.cover,1,0.012312,2.318926
round_5,optical_isea4h,datasets[0].timings.units[1].workers[12],raster_worker,source.cache,1,0.00025,2.318926
round_5,optical_isea4h,datasets[0].timings.units[1].workers[12],raster_worker,grid.geometry,3,0.003151,2.318926
round_5,optical_isea4h,datasets[0].timings.units[1].workers[12],raster_worker,minio.tile_stat,3,0.019745,2.318926
round_5,optical_isea4h,datasets[0].timings.units[1].workers[12],raster_worker,source.checksum,1,0.091618,2.318926
round_5,optical_isea4h,datasets[0].timings.units[1].workers[12],raster_worker,source.download,1,0.0,2.318926
round_5,optical_isea4h,datasets[0].timings.units[1].workers[12],raster_worker,entity.tile_mask,3,0.97879,2.318926
round_5,optical_isea4h,datasets[0].timings.units[1].workers[12],raster_worker,entity.tile_write,3,0.800432,2.318926
round_5,optical_isea4h,datasets[0].timings.units[1].workers[12],raster_worker,minio.tile_upload,1,0.405415,2.318926
round_5,optical_isea4h,datasets[0].timings.units[1].workers[12],raster_worker,source.raster_open,1,0.001084,2.318926
round_5,optical_isea4h,datasets[0].timings.units[1].workers[12],raster_worker,entity.tile_checksum,3,0.002737,2.318926
round_5,optical_isea4h,datasets[0].timings.units[1].workers[12],raster_worker,grid.window_calculation,3,0.000729,2.318926
round_5,optical_isea4h,datasets[0].timings.units[1].workers[13],raster_worker,grid.cover,1,0.008063,2.40818
round_5,optical_isea4h,datasets[0].timings.units[1].workers[13],raster_worker,source.cache,1,0.00025,2.40818
round_5,optical_isea4h,datasets[0].timings.units[1].workers[13],raster_worker,grid.geometry,3,0.003219,2.40818
round_5,optical_isea4h,datasets[0].timings.units[1].workers[13],raster_worker,minio.tile_stat,3,0.020203,2.40818
round_5,optical_isea4h,datasets[0].timings.units[1].workers[13],raster_worker,source.checksum,1,0.064318,2.40818
round_5,optical_isea4h,datasets[0].timings.units[1].workers[13],raster_worker,source.download,1,0.0,2.40818
round_5,optical_isea4h,datasets[0].timings.units[1].workers[13],raster_worker,entity.tile_mask,3,0.933707,2.40818
round_5,optical_isea4h,datasets[0].timings.units[1].workers[13],raster_worker,entity.tile_write,3,0.772064,2.40818
round_5,optical_isea4h,datasets[0].timings.units[1].workers[13],raster_worker,minio.tile_upload,1,0.596961,2.40818
round_5,optical_isea4h,datasets[0].timings.units[1].workers[13],raster_worker,source.raster_open,1,0.001344,2.40818
round_5,optical_isea4h,datasets[0].timings.units[1].workers[13],raster_worker,entity.tile_checksum,3,0.004798,2.40818
round_5,optical_isea4h,datasets[0].timings.units[1].workers[13],raster_worker,grid.window_calculation,3,0.000756,2.40818
round_5,optical_isea4h,datasets[0].timings.units[1].workers[14],raster_worker,grid.cover,1,0.006442,2.651695
round_5,optical_isea4h,datasets[0].timings.units[1].workers[14],raster_worker,source.cache,1,0.000286,2.651695
round_5,optical_isea4h,datasets[0].timings.units[1].workers[14],raster_worker,grid.geometry,1,0.001295,2.651695
round_5,optical_isea4h,datasets[0].timings.units[1].workers[14],raster_worker,minio.tile_stat,1,0.01341,2.651695
round_5,optical_isea4h,datasets[0].timings.units[1].workers[14],raster_worker,source.checksum,1,0.103848,2.651695
round_5,optical_isea4h,datasets[0].timings.units[1].workers[14],raster_worker,source.download,1,0.0,2.651695
round_5,optical_isea4h,datasets[0].timings.units[1].workers[14],raster_worker,entity.tile_mask,1,0.857657,2.651695
round_5,optical_isea4h,datasets[0].timings.units[1].workers[14],raster_worker,entity.tile_write,1,0.579848,2.651695
round_5,optical_isea4h,datasets[0].timings.units[1].workers[14],raster_worker,minio.tile_upload,1,1.083334,2.651695
round_5,optical_isea4h,datasets[0].timings.units[1].workers[14],raster_worker,source.raster_open,1,0.00147,2.651695
round_5,optical_isea4h,datasets[0].timings.units[1].workers[14],raster_worker,entity.tile_checksum,1,0.002134,2.651695
round_5,optical_isea4h,datasets[0].timings.units[1].workers[14],raster_worker,grid.window_calculation,1,0.000354,2.651695
round_5,optical_isea4h,datasets[0].timings.units[1].workers[15],raster_worker,grid.cover,1,0.006391,2.803824
round_5,optical_isea4h,datasets[0].timings.units[1].workers[15],raster_worker,source.cache,1,0.000518,2.803824
round_5,optical_isea4h,datasets[0].timings.units[1].workers[15],raster_worker,grid.geometry,3,0.003377,2.803824
round_5,optical_isea4h,datasets[0].timings.units[1].workers[15],raster_worker,minio.tile_stat,3,0.913487,2.803824
round_5,optical_isea4h,datasets[0].timings.units[1].workers[15],raster_worker,source.checksum,1,0.088595,2.803824
round_5,optical_isea4h,datasets[0].timings.units[1].workers[15],raster_worker,source.download,1,0.0,2.803824
round_5,optical_isea4h,datasets[0].timings.units[1].workers[15],raster_worker,entity.tile_mask,3,1.003788,2.803824
round_5,optical_isea4h,datasets[0].timings.units[1].workers[15],raster_worker,entity.tile_write,3,0.778689,2.803824
round_5,optical_isea4h,datasets[0].timings.units[1].workers[15],raster_worker,source.raster_open,1,0.000987,2.803824
round_5,optical_isea4h,datasets[0].timings.units[1].workers[15],raster_worker,entity.tile_checksum,3,0.004768,2.803824
round_5,optical_isea4h,datasets[0].timings.units[1].workers[15],raster_worker,grid.window_calculation,3,0.000753,2.803824
round_5,optical_isea4h,datasets[0].timings.units[1].source_preflight,source_preflight,minio.stat,1,0.005626,2.840155
round_5,optical_isea4h,datasets[0].timings.units[2].driver,raster_driver,ray.wait,17,2.54681,2.598607
round_5,optical_isea4h,datasets[0].timings.units[2].driver,raster_driver,ray.result_get,16,0.004892,2.598607
round_5,optical_isea4h,datasets[0].timings.units[2].driver,raster_driver,ray.task_submit,16,0.015313,2.598607
round_5,optical_isea4h,datasets[0].timings.units[2].driver,raster_driver,driver.result_merge,16,0.000124,2.598607
round_5,optical_isea4h,datasets[0].timings.units[2].workers[0],raster_worker,grid.cover,1,0.008591,1.557652
round_5,optical_isea4h,datasets[0].timings.units[2].workers[0],raster_worker,source.cache,1,0.000247,1.557652
round_5,optical_isea4h,datasets[0].timings.units[2].workers[0],raster_worker,grid.geometry,1,0.001095,1.557652
round_5,optical_isea4h,datasets[0].timings.units[2].workers[0],raster_worker,minio.tile_stat,1,0.007974,1.557652
round_5,optical_isea4h,datasets[0].timings.units[2].workers[0],raster_worker,source.checksum,1,0.107826,1.557652
round_5,optical_isea4h,datasets[0].timings.units[2].workers[0],raster_worker,source.download,1,0.0,1.557652
round_5,optical_isea4h,datasets[0].timings.units[2].workers[0],raster_worker,entity.tile_mask,1,0.838387,1.557652
round_5,optical_isea4h,datasets[0].timings.units[2].workers[0],raster_worker,entity.tile_write,1,0.588837,1.557652
round_5,optical_isea4h,datasets[0].timings.units[2].workers[0],raster_worker,source.raster_open,1,0.001133,1.557652
round_5,optical_isea4h,datasets[0].timings.units[2].workers[0],raster_worker,entity.tile_checksum,1,0.001774,1.557652
round_5,optical_isea4h,datasets[0].timings.units[2].workers[0],raster_worker,grid.window_calculation,1,0.000291,1.557652
round_5,optical_isea4h,datasets[0].timings.units[2].workers[1],raster_worker,grid.cover,1,0.008914,1.567482
round_5,optical_isea4h,datasets[0].timings.units[2].workers[1],raster_worker,source.cache,1,0.000357,1.567482
round_5,optical_isea4h,datasets[0].timings.units[2].workers[1],raster_worker,grid.geometry,1,0.00095,1.567482
round_5,optical_isea4h,datasets[0].timings.units[2].workers[1],raster_worker,minio.tile_stat,1,0.006637,1.567482
round_5,optical_isea4h,datasets[0].timings.units[2].workers[1],raster_worker,source.checksum,1,0.113524,1.567482
round_5,optical_isea4h,datasets[0].timings.units[2].workers[1],raster_worker,source.download,1,0.0,1.567482
round_5,optical_isea4h,datasets[0].timings.units[2].workers[1],raster_worker,entity.tile_mask,1,0.855412,1.567482
round_5,optical_isea4h,datasets[0].timings.units[2].workers[1],raster_worker,entity.tile_write,1,0.576727,1.567482
round_5,optical_isea4h,datasets[0].timings.units[2].workers[1],raster_worker,source.raster_open,1,0.001281,1.567482
round_5,optical_isea4h,datasets[0].timings.units[2].workers[1],raster_worker,entity.tile_checksum,1,0.001801,1.567482
round_5,optical_isea4h,datasets[0].timings.units[2].workers[1],raster_worker,grid.window_calculation,1,0.000258,1.567482
round_5,optical_isea4h,datasets[0].timings.units[2].workers[2],raster_worker,grid.cover,1,0.006307,1.59968
round_5,optical_isea4h,datasets[0].timings.units[2].workers[2],raster_worker,source.cache,1,0.000656,1.59968
round_5,optical_isea4h,datasets[0].timings.units[2].workers[2],raster_worker,grid.geometry,1,0.000834,1.59968
round_5,optical_isea4h,datasets[0].timings.units[2].workers[2],raster_worker,minio.tile_stat,1,0.010529,1.59968
round_5,optical_isea4h,datasets[0].timings.units[2].workers[2],raster_worker,source.checksum,1,0.048765,1.59968
round_5,optical_isea4h,datasets[0].timings.units[2].workers[2],raster_worker,source.download,1,0.0,1.59968
round_5,optical_isea4h,datasets[0].timings.units[2].workers[2],raster_worker,entity.tile_mask,1,0.876762,1.59968
round_5,optical_isea4h,datasets[0].timings.units[2].workers[2],raster_worker,entity.tile_write,1,0.551387,1.59968
round_5,optical_isea4h,datasets[0].timings.units[2].workers[2],raster_worker,minio.tile_upload,1,0.099911,1.59968
round_5,optical_isea4h,datasets[0].timings.units[2].workers[2],raster_worker,source.raster_open,1,0.001219,1.59968
round_5,optical_isea4h,datasets[0].timings.units[2].workers[2],raster_worker,entity.tile_checksum,1,0.001758,1.59968
round_5,optical_isea4h,datasets[0].timings.units[2].workers[2],raster_worker,grid.window_calculation,1,0.000206,1.59968
round_5,optical_isea4h,datasets[0].timings.units[2].workers[3],raster_worker,grid.cover,1,0.004601,1.667192
round_5,optical_isea4h,datasets[0].timings.units[2].workers[3],raster_worker,source.cache,1,0.000291,1.667192
round_5,optical_isea4h,datasets[0].timings.units[2].workers[3],raster_worker,grid.geometry,1,0.000865,1.667192
round_5,optical_isea4h,datasets[0].timings.units[2].workers[3],raster_worker,minio.tile_stat,1,0.005588,1.667192
round_5,optical_isea4h,datasets[0].timings.units[2].workers[3],raster_worker,source.checksum,1,0.034996,1.667192
round_5,optical_isea4h,datasets[0].timings.units[2].workers[3],raster_worker,source.download,1,0.0,1.667192
round_5,optical_isea4h,datasets[0].timings.units[2].workers[3],raster_worker,entity.tile_mask,1,0.860135,1.667192
round_5,optical_isea4h,datasets[0].timings.units[2].workers[3],raster_worker,entity.tile_write,1,0.572243,1.667192
round_5,optical_isea4h,datasets[0].timings.units[2].workers[3],raster_worker,minio.tile_upload,1,0.184005,1.667192
round_5,optical_isea4h,datasets[0].timings.units[2].workers[3],raster_worker,source.raster_open,1,0.001137,1.667192
round_5,optical_isea4h,datasets[0].timings.units[2].workers[3],raster_worker,entity.tile_checksum,1,0.0018,1.667192
round_5,optical_isea4h,datasets[0].timings.units[2].workers[3],raster_worker,grid.window_calculation,1,0.000247,1.667192
round_5,optical_isea4h,datasets[0].timings.units[2].workers[4],raster_worker,grid.cover,1,0.010277,1.734916
round_5,optical_isea4h,datasets[0].timings.units[2].workers[4],raster_worker,source.cache,1,0.000597,1.734916
round_5,optical_isea4h,datasets[0].timings.units[2].workers[4],raster_worker,grid.geometry,2,0.001962,1.734916
round_5,optical_isea4h,datasets[0].timings.units[2].workers[4],raster_worker,minio.tile_stat,2,0.008956,1.734916
round_5,optical_isea4h,datasets[0].timings.units[2].workers[4],raster_worker,source.checksum,1,0.05628,1.734916
round_5,optical_isea4h,datasets[0].timings.units[2].workers[4],raster_worker,source.download,1,0.0,1.734916
round_5,optical_isea4h,datasets[0].timings.units[2].workers[4],raster_worker,entity.tile_mask,2,0.888221,1.734916
round_5,optical_isea4h,datasets[0].timings.units[2].workers[4],raster_worker,entity.tile_write,2,0.653001,1.734916
round_5,optical_isea4h,datasets[0].timings.units[2].workers[4],raster_worker,minio.tile_upload,2,0.10962,1.734916
round_5,optical_isea4h,datasets[0].timings.units[2].workers[4],raster_worker,source.raster_open,1,0.001265,1.734916
round_5,optical_isea4h,datasets[0].timings.units[2].workers[4],raster_worker,entity.tile_checksum,2,0.00232,1.734916
round_5,optical_isea4h,datasets[0].timings.units[2].workers[4],raster_worker,grid.window_calculation,2,0.000479,1.734916
round_5,optical_isea4h,datasets[0].timings.units[2].workers[5],raster_worker,grid.cover,1,0.009394,1.804035
round_5,optical_isea4h,datasets[0].timings.units[2].workers[5],raster_worker,source.cache,1,0.000497,1.804035
round_5,optical_isea4h,datasets[0].timings.units[2].workers[5],raster_worker,grid.geometry,1,0.000711,1.804035
round_5,optical_isea4h,datasets[0].timings.units[2].workers[5],raster_worker,minio.tile_stat,1,0.011847,1.804035
round_5,optical_isea4h,datasets[0].timings.units[2].workers[5],raster_worker,source.checksum,1,0.052513,1.804035
round_5,optical_isea4h,datasets[0].timings.units[2].workers[5],raster_worker,source.download,1,0.0,1.804035
round_5,optical_isea4h,datasets[0].timings.units[2].workers[5],raster_worker,entity.tile_mask,1,0.852675,1.804035
round_5,optical_isea4h,datasets[0].timings.units[2].workers[5],raster_worker,entity.tile_write,1,0.570372,1.804035
round_5,optical_isea4h,datasets[0].timings.units[2].workers[5],raster_worker,minio.tile_upload,1,0.30089,1.804035
round_5,optical_isea4h,datasets[0].timings.units[2].workers[5],raster_worker,source.raster_open,1,0.001171,1.804035
round_5,optical_isea4h,datasets[0].timings.units[2].workers[5],raster_worker,entity.tile_checksum,1,0.002279,1.804035
round_5,optical_isea4h,datasets[0].timings.units[2].workers[5],raster_worker,grid.window_calculation,1,0.000205,1.804035
round_5,optical_isea4h,datasets[0].timings.units[2].workers[6],raster_worker,grid.cover,1,0.01222,1.822624
round_5,optical_isea4h,datasets[0].timings.units[2].workers[6],raster_worker,source.cache,1,0.000352,1.822624
round_5,optical_isea4h,datasets[0].timings.units[2].workers[6],raster_worker,grid.geometry,1,0.000834,1.822624
round_5,optical_isea4h,datasets[0].timings.units[2].workers[6],raster_worker,minio.tile_stat,1,0.291891,1.822624
round_5,optical_isea4h,datasets[0].timings.units[2].workers[6],raster_worker,source.checksum,1,0.091989,1.822624
round_5,optical_isea4h,datasets[0].timings.units[2].workers[6],raster_worker,source.download,1,0.0,1.822624
round_5,optical_isea4h,datasets[0].timings.units[2].workers[6],raster_worker,entity.tile_mask,1,0.822952,1.822624
round_5,optical_isea4h,datasets[0].timings.units[2].workers[6],raster_worker,entity.tile_write,1,0.597721,1.822624
round_5,optical_isea4h,datasets[0].timings.units[2].workers[6],raster_worker,source.raster_open,1,0.001318,1.822624
round_5,optical_isea4h,datasets[0].timings.units[2].workers[6],raster_worker,entity.tile_checksum,1,0.001769,1.822624
round_5,optical_isea4h,datasets[0].timings.units[2].workers[6],raster_worker,grid.window_calculation,1,0.000229,1.822624
round_5,optical_isea4h,datasets[0].timings.units[2].workers[7],raster_worker,grid.cover,1,0.015397,1.835284
round_5,optical_isea4h,datasets[0].timings.units[2].workers[7],raster_worker,source.cache,1,0.000458,1.835284
round_5,optical_isea4h,datasets[0].timings.units[2].workers[7],raster_worker,grid.geometry,2,0.002744,1.835284
round_5,optical_isea4h,datasets[0].timings.units[2].workers[7],raster_worker,minio.tile_stat,2,0.011899,1.835284
round_5,optical_isea4h,datasets[0].timings.units[2].workers[7],raster_worker,source.checksum,1,0.059027,1.835284
round_5,optical_isea4h,datasets[0].timings.units[2].workers[7],raster_worker,source.download,1,0.0,1.835284
round_5,optical_isea4h,datasets[0].timings.units[2].workers[7],raster_worker,entity.tile_mask,2,1.019541,1.835284
round_5,optical_isea4h,datasets[0].timings.units[2].workers[7],raster_worker,entity.tile_write,2,0.68766,1.835284
round_5,optical_isea4h,datasets[0].timings.units[2].workers[7],raster_worker,minio.tile_upload,1,0.03278,1.835284
round_5,optical_isea4h,datasets[0].timings.units[2].workers[7],raster_worker,source.raster_open,1,0.001032,1.835284
round_5,optical_isea4h,datasets[0].timings.units[2].workers[7],raster_worker,entity.tile_checksum,2,0.00208,1.835284
round_5,optical_isea4h,datasets[0].timings.units[2].workers[7],raster_worker,grid.window_calculation,2,0.000561,1.835284
round_5,optical_isea4h,datasets[0].timings.units[2].workers[8],raster_worker,grid.cover,1,0.011909,1.918463
round_5,optical_isea4h,datasets[0].timings.units[2].workers[8],raster_worker,source.cache,1,0.000357,1.918463
round_5,optical_isea4h,datasets[0].timings.units[2].workers[8],raster_worker,grid.geometry,1,0.001247,1.918463
round_5,optical_isea4h,datasets[0].timings.units[2].workers[8],raster_worker,minio.tile_stat,1,0.356717,1.918463
round_5,optical_isea4h,datasets[0].timings.units[2].workers[8],raster_worker,source.checksum,1,0.053194,1.918463
round_5,optical_isea4h,datasets[0].timings.units[2].workers[8],raster_worker,source.download,1,0.0,1.918463
round_5,optical_isea4h,datasets[0].timings.units[2].workers[8],raster_worker,entity.tile_mask,1,0.917167,1.918463
round_5,optical_isea4h,datasets[0].timings.units[2].workers[8],raster_worker,entity.tile_write,1,0.573027,1.918463
round_5,optical_isea4h,datasets[0].timings.units[2].workers[8],raster_worker,source.raster_open,1,0.001099,1.918463
round_5,optical_isea4h,datasets[0].timings.units[2].workers[8],raster_worker,entity.tile_checksum,1,0.001994,1.918463
round_5,optical_isea4h,datasets[0].timings.units[2].workers[8],raster_worker,grid.window_calculation,1,0.000277,1.918463
round_5,optical_isea4h,datasets[0].timings.units[2].workers[9],raster_worker,grid.cover,1,0.00933,2.058366
round_5,optical_isea4h,datasets[0].timings.units[2].workers[9],raster_worker,source.cache,1,0.00039,2.058366
round_5,optical_isea4h,datasets[0].timings.units[2].workers[9],raster_worker,grid.geometry,3,0.00327,2.058366
round_5,optical_isea4h,datasets[0].timings.units[2].workers[9],raster_worker,minio.tile_stat,3,0.110821,2.058366
round_5,optical_isea4h,datasets[0].timings.units[2].workers[9],raster_worker,source.checksum,1,0.104427,2.058366
round_5,optical_isea4h,datasets[0].timings.units[2].workers[9],raster_worker,source.download,1,0.0,2.058366
round_5,optical_isea4h,datasets[0].timings.units[2].workers[9],raster_worker,entity.tile_mask,3,0.972168,2.058366
round_5,optical_isea4h,datasets[0].timings.units[2].workers[9],raster_worker,entity.tile_write,3,0.787679,2.058366
round_5,optical_isea4h,datasets[0].timings.units[2].workers[9],raster_worker,minio.tile_upload,1,0.061565,2.058366
round_5,optical_isea4h,datasets[0].timings.units[2].workers[9],raster_worker,source.raster_open,1,0.001086,2.058366
round_5,optical_isea4h,datasets[0].timings.units[2].workers[9],raster_worker,entity.tile_checksum,3,0.004012,2.058366
round_5,optical_isea4h,datasets[0].timings.units[2].workers[9],raster_worker,grid.window_calculation,3,0.000819,2.058366
round_5,optical_isea4h,datasets[0].timings.units[2].workers[10],raster_worker,grid.cover,1,0.005412,2.09087
round_5,optical_isea4h,datasets[0].timings.units[2].workers[10],raster_worker,source.cache,1,0.000275,2.09087
round_5,optical_isea4h,datasets[0].timings.units[2].workers[10],raster_worker,grid.geometry,2,0.001805,2.09087
round_5,optical_isea4h,datasets[0].timings.units[2].workers[10],raster_worker,minio.tile_stat,2,0.334597,2.09087
round_5,optical_isea4h,datasets[0].timings.units[2].workers[10],raster_worker,source.checksum,1,0.087917,2.09087
round_5,optical_isea4h,datasets[0].timings.units[2].workers[10],raster_worker,source.download,1,0.0,2.09087
round_5,optical_isea4h,datasets[0].timings.units[2].workers[10],raster_worker,entity.tile_mask,2,0.902158,2.09087
round_5,optical_isea4h,datasets[0].timings.units[2].workers[10],raster_worker,entity.tile_write,2,0.728206,2.09087
round_5,optical_isea4h,datasets[0].timings.units[2].workers[10],raster_worker,minio.tile_upload,1,0.025232,2.09087
round_5,optical_isea4h,datasets[0].timings.units[2].workers[10],raster_worker,source.raster_open,1,0.001056,2.09087
round_5,optical_isea4h,datasets[0].timings.units[2].workers[10],raster_worker,entity.tile_checksum,2,0.001838,2.09087
round_5,optical_isea4h,datasets[0].timings.units[2].workers[10],raster_worker,grid.window_calculation,2,0.000467,2.09087
round_5,optical_isea4h,datasets[0].timings.units[2].workers[11],raster_worker,grid.cover,1,0.007697,2.126515
round_5,optical_isea4h,datasets[0].timings.units[2].workers[11],raster_worker,source.cache,1,0.000383,2.126515
round_5,optical_isea4h,datasets[0].timings.units[2].workers[11],raster_worker,grid.geometry,1,0.000716,2.126515
round_5,optical_isea4h,datasets[0].timings.units[2].workers[11],raster_worker,minio.tile_stat,1,0.007255,2.126515
round_5,optical_isea4h,datasets[0].timings.units[2].workers[11],raster_worker,source.checksum,1,0.090232,2.126515
round_5,optical_isea4h,datasets[0].timings.units[2].workers[11],raster_worker,source.download,1,0.0,2.126515
round_5,optical_isea4h,datasets[0].timings.units[2].workers[11],raster_worker,entity.tile_mask,1,0.803713,2.126515
round_5,optical_isea4h,datasets[0].timings.units[2].workers[11],raster_worker,entity.tile_write,1,0.553451,2.126515
round_5,optical_isea4h,datasets[0].timings.units[2].workers[11],raster_worker,minio.tile_upload,1,0.658748,2.126515
round_5,optical_isea4h,datasets[0].timings.units[2].workers[11],raster_worker,source.raster_open,1,0.001086,2.126515
round_5,optical_isea4h,datasets[0].timings.units[2].workers[11],raster_worker,entity.tile_checksum,1,0.001777,2.126515
round_5,optical_isea4h,datasets[0].timings.units[2].workers[11],raster_worker,grid.window_calculation,1,0.000215,2.126515
round_5,optical_isea4h,datasets[0].timings.units[2].workers[12],raster_worker,grid.cover,1,0.00691,2.153626
round_5,optical_isea4h,datasets[0].timings.units[2].workers[12],raster_worker,source.cache,1,0.000789,2.153626
round_5,optical_isea4h,datasets[0].timings.units[2].workers[12],raster_worker,grid.geometry,2,0.002099,2.153626
round_5,optical_isea4h,datasets[0].timings.units[2].workers[12],raster_worker,minio.tile_stat,2,0.417852,2.153626
round_5,optical_isea4h,datasets[0].timings.units[2].workers[12],raster_worker,source.checksum,1,0.102823,2.153626
round_5,optical_isea4h,datasets[0].timings.units[2].workers[12],raster_worker,source.download,1,0.0,2.153626
round_5,optical_isea4h,datasets[0].timings.units[2].workers[12],raster_worker,entity.tile_mask,2,0.916425,2.153626
round_5,optical_isea4h,datasets[0].timings.units[2].workers[12],raster_worker,entity.tile_write,2,0.696631,2.153626
round_5,optical_isea4h,datasets[0].timings.units[2].workers[12],raster_worker,source.raster_open,1,0.001316,2.153626
round_5,optical_isea4h,datasets[0].timings.units[2].workers[12],raster_worker,entity.tile_checksum,2,0.005758,2.153626
round_5,optical_isea4h,datasets[0].timings.units[2].workers[12],raster_worker,grid.window_calculation,2,0.000505,2.153626
round_5,optical_isea4h,datasets[0].timings.units[2].workers[13],raster_worker,grid.cover,1,0.008352,2.307517
round_5,optical_isea4h,datasets[0].timings.units[2].workers[13],raster_worker,source.cache,1,0.00038,2.307517
round_5,optical_isea4h,datasets[0].timings.units[2].workers[13],raster_worker,grid.geometry,3,0.003094,2.307517
round_5,optical_isea4h,datasets[0].timings.units[2].workers[13],raster_worker,minio.tile_stat,3,0.021554,2.307517
round_5,optical_isea4h,datasets[0].timings.units[2].workers[13],raster_worker,source.checksum,1,0.034991,2.307517
round_5,optical_isea4h,datasets[0].timings.units[2].workers[13],raster_worker,source.download,1,0.0,2.307517
round_5,optical_isea4h,datasets[0].timings.units[2].workers[13],raster_worker,entity.tile_mask,3,0.948976,2.307517
round_5,optical_isea4h,datasets[0].timings.units[2].workers[13],raster_worker,entity.tile_write,3,0.797387,2.307517
round_5,optical_isea4h,datasets[0].timings.units[2].workers[13],raster_worker,minio.tile_upload,1,0.484742,2.307517
round_5,optical_isea4h,datasets[0].timings.units[2].workers[13],raster_worker,source.raster_open,1,0.000913,2.307517
round_5,optical_isea4h,datasets[0].timings.units[2].workers[13],raster_worker,entity.tile_checksum,3,0.003945,2.307517
round_5,optical_isea4h,datasets[0].timings.units[2].workers[13],raster_worker,grid.window_calculation,3,0.000726,2.307517
round_5,optical_isea4h,datasets[0].timings.units[2].workers[14],raster_worker,grid.cover,1,0.00724,2.365142
round_5,optical_isea4h,datasets[0].timings.units[2].workers[14],raster_worker,source.cache,1,0.000463,2.365142
round_5,optical_isea4h,datasets[0].timings.units[2].workers[14],raster_worker,grid.geometry,3,0.003231,2.365142
round_5,optical_isea4h,datasets[0].timings.units[2].workers[14],raster_worker,minio.tile_stat,3,0.531329,2.365142
round_5,optical_isea4h,datasets[0].timings.units[2].workers[14],raster_worker,source.checksum,1,0.096027,2.365142
round_5,optical_isea4h,datasets[0].timings.units[2].workers[14],raster_worker,source.download,1,0.0,2.365142
round_5,optical_isea4h,datasets[0].timings.units[2].workers[14],raster_worker,entity.tile_mask,3,0.953614,2.365142
round_5,optical_isea4h,datasets[0].timings.units[2].workers[14],raster_worker,entity.tile_write,3,0.763732,2.365142
round_5,optical_isea4h,datasets[0].timings.units[2].workers[14],raster_worker,source.raster_open,1,0.001501,2.365142
round_5,optical_isea4h,datasets[0].timings.units[2].workers[14],raster_worker,entity.tile_checksum,3,0.004362,2.365142
round_5,optical_isea4h,datasets[0].timings.units[2].workers[14],raster_worker,grid.window_calculation,3,0.000822,2.365142
round_5,optical_isea4h,datasets[0].timings.units[2].workers[15],raster_worker,grid.cover,1,0.008138,2.571749
round_5,optical_isea4h,datasets[0].timings.units[2].workers[15],raster_worker,source.cache,1,0.000723,2.571749
round_5,optical_isea4h,datasets[0].timings.units[2].workers[15],raster_worker,grid.geometry,3,0.002801,2.571749
round_5,optical_isea4h,datasets[0].timings.units[2].workers[15],raster_worker,minio.tile_stat,3,0.331408,2.571749
round_5,optical_isea4h,datasets[0].timings.units[2].workers[15],raster_worker,source.checksum,1,0.055684,2.571749
round_5,optical_isea4h,datasets[0].timings.units[2].workers[15],raster_worker,source.download,1,0.0,2.571749
round_5,optical_isea4h,datasets[0].timings.units[2].workers[15],raster_worker,entity.tile_mask,3,0.994262,2.571749
round_5,optical_isea4h,datasets[0].timings.units[2].workers[15],raster_worker,entity.tile_write,3,0.755371,2.571749
round_5,optical_isea4h,datasets[0].timings.units[2].workers[15],raster_worker,minio.tile_upload,1,0.414201,2.571749
round_5,optical_isea4h,datasets[0].timings.units[2].workers[15],raster_worker,source.raster_open,1,0.001342,2.571749
round_5,optical_isea4h,datasets[0].timings.units[2].workers[15],raster_worker,entity.tile_checksum,3,0.004821,2.571749
round_5,optical_isea4h,datasets[0].timings.units[2].workers[15],raster_worker,grid.window_calculation,3,0.000693,2.571749
round_5,optical_isea4h,datasets[0].timings.units[2].source_preflight,source_preflight,minio.stat,1,0.006025,2.604836
round_5,optical_isea4h,datasets[0].timings.units[3].driver,raster_driver,ray.wait,18,6.294052,6.343092
round_5,optical_isea4h,datasets[0].timings.units[3].driver,raster_driver,ray.result_get,16,0.004413,6.343092
round_5,optical_isea4h,datasets[0].timings.units[3].driver,raster_driver,ray.task_submit,16,0.016308,6.343092
round_5,optical_isea4h,datasets[0].timings.units[3].driver,raster_driver,driver.result_merge,16,0.000124,6.343092
round_5,optical_isea4h,datasets[0].timings.units[3].workers[0],raster_worker,grid.cover,1,0.005898,2.986548
round_5,optical_isea4h,datasets[0].timings.units[3].workers[0],raster_worker,source.cache,1,0.000309,2.986548
round_5,optical_isea4h,datasets[0].timings.units[3].workers[0],raster_worker,grid.geometry,1,0.000751,2.986548
round_5,optical_isea4h,datasets[0].timings.units[3].workers[0],raster_worker,minio.tile_stat,1,0.009549,2.986548
round_5,optical_isea4h,datasets[0].timings.units[3].workers[0],raster_worker,source.checksum,1,0.034918,2.986548
round_5,optical_isea4h,datasets[0].timings.units[3].workers[0],raster_worker,source.download,1,0.0,2.986548
round_5,optical_isea4h,datasets[0].timings.units[3].workers[0],raster_worker,entity.tile_mask,1,0.82847,2.986548
round_5,optical_isea4h,datasets[0].timings.units[3].workers[0],raster_worker,entity.tile_write,1,1.405408,2.986548
round_5,optical_isea4h,datasets[0].timings.units[3].workers[0],raster_worker,minio.tile_upload,1,0.683994,2.986548
round_5,optical_isea4h,datasets[0].timings.units[3].workers[0],raster_worker,source.raster_open,1,0.001131,2.986548
round_5,optical_isea4h,datasets[0].timings.units[3].workers[0],raster_worker,entity.tile_checksum,1,0.014679,2.986548
round_5,optical_isea4h,datasets[0].timings.units[3].workers[0],raster_worker,grid.window_calculation,1,0.000197,2.986548
round_5,optical_isea4h,datasets[0].timings.units[3].workers[1],raster_worker,grid.cover,1,0.010514,3.186735
round_5,optical_isea4h,datasets[0].timings.units[3].workers[1],raster_worker,source.cache,1,0.000279,3.186735
round_5,optical_isea4h,datasets[0].timings.units[3].workers[1],raster_worker,grid.geometry,1,0.001558,3.186735
round_5,optical_isea4h,datasets[0].timings.units[3].workers[1],raster_worker,minio.tile_stat,1,0.006331,3.186735
round_5,optical_isea4h,datasets[0].timings.units[3].workers[1],raster_worker,source.checksum,1,0.049392,3.186735
round_5,optical_isea4h,datasets[0].timings.units[3].workers[1],raster_worker,source.download,1,0.0,3.186735
round_5,optical_isea4h,datasets[0].timings.units[3].workers[1],raster_worker,entity.tile_mask,1,0.878049,3.186735
round_5,optical_isea4h,datasets[0].timings.units[3].workers[1],raster_worker,entity.tile_write,1,1.457674,3.186735
round_5,optical_isea4h,datasets[0].timings.units[3].workers[1],raster_worker,minio.tile_upload,1,0.769035,3.186735
round_5,optical_isea4h,datasets[0].timings.units[3].workers[1],raster_worker,source.raster_open,1,0.001126,3.186735
round_5,optical_isea4h,datasets[0].timings.units[3].workers[1],raster_worker,entity.tile_checksum,1,0.010931,3.186735
round_5,optical_isea4h,datasets[0].timings.units[3].workers[1],raster_worker,grid.window_calculation,1,0.000321,3.186735
round_5,optical_isea4h,datasets[0].timings.units[3].workers[2],raster_worker,grid.cover,1,0.007495,3.309606
round_5,optical_isea4h,datasets[0].timings.units[3].workers[2],raster_worker,source.cache,1,0.000549,3.309606
round_5,optical_isea4h,datasets[0].timings.units[3].workers[2],raster_worker,grid.geometry,1,0.0007,3.309606
round_5,optical_isea4h,datasets[0].timings.units[3].workers[2],raster_worker,minio.tile_stat,1,0.015181,3.309606
round_5,optical_isea4h,datasets[0].timings.units[3].workers[2],raster_worker,source.checksum,1,0.049511,3.309606
round_5,optical_isea4h,datasets[0].timings.units[3].workers[2],raster_worker,source.download,1,0.0,3.309606
round_5,optical_isea4h,datasets[0].timings.units[3].workers[2],raster_worker,entity.tile_mask,1,0.854686,3.309606
round_5,optical_isea4h,datasets[0].timings.units[3].workers[2],raster_worker,entity.tile_write,1,1.485605,3.309606
round_5,optical_isea4h,datasets[0].timings.units[3].workers[2],raster_worker,minio.tile_upload,1,0.880093,3.309606
round_5,optical_isea4h,datasets[0].timings.units[3].workers[2],raster_worker,source.raster_open,1,0.001136,3.309606
round_5,optical_isea4h,datasets[0].timings.units[3].workers[2],raster_worker,entity.tile_checksum,1,0.013188,3.309606
round_5,optical_isea4h,datasets[0].timings.units[3].workers[2],raster_worker,grid.window_calculation,1,0.000187,3.309606
round_5,optical_isea4h,datasets[0].timings.units[3].workers[3],raster_worker,grid.cover,1,0.00654,3.439543
round_5,optical_isea4h,datasets[0].timings.units[3].workers[3],raster_worker,source.cache,1,0.00062,3.439543
round_5,optical_isea4h,datasets[0].timings.units[3].workers[3],raster_worker,grid.geometry,3,0.003055,3.439543
round_5,optical_isea4h,datasets[0].timings.units[3].workers[3],raster_worker,minio.tile_stat,3,0.274873,3.439543
round_5,optical_isea4h,datasets[0].timings.units[3].workers[3],raster_worker,source.checksum,1,0.101723,3.439543
round_5,optical_isea4h,datasets[0].timings.units[3].workers[3],raster_worker,source.download,1,0.0,3.439543
round_5,optical_isea4h,datasets[0].timings.units[3].workers[3],raster_worker,entity.tile_mask,3,0.960294,3.439543
round_5,optical_isea4h,datasets[0].timings.units[3].workers[3],raster_worker,entity.tile_write,3,1.757427,3.439543
round_5,optical_isea4h,datasets[0].timings.units[3].workers[3],raster_worker,minio.tile_upload,2,0.31688,3.439543
round_5,optical_isea4h,datasets[0].timings.units[3].workers[3],raster_worker,source.raster_open,1,0.001174,3.439543
round_5,optical_isea4h,datasets[0].timings.units[3].workers[3],raster_worker,entity.tile_checksum,3,0.013417,3.439543
round_5,optical_isea4h,datasets[0].timings.units[3].workers[3],raster_worker,grid.window_calculation,3,0.000761,3.439543
round_5,optical_isea4h,datasets[0].timings.units[3].workers[4],raster_worker,grid.cover,1,0.005309,3.882281
round_5,optical_isea4h,datasets[0].timings.units[3].workers[4],raster_worker,source.cache,1,0.000293,3.882281
round_5,optical_isea4h,datasets[0].timings.units[3].workers[4],raster_worker,grid.geometry,2,0.001883,3.882281
round_5,optical_isea4h,datasets[0].timings.units[3].workers[4],raster_worker,minio.tile_stat,2,0.016512,3.882281
round_5,optical_isea4h,datasets[0].timings.units[3].workers[4],raster_worker,source.checksum,1,0.052012,3.882281
round_5,optical_isea4h,datasets[0].timings.units[3].workers[4],raster_worker,source.download,1,0.0,3.882281
round_5,optical_isea4h,datasets[0].timings.units[3].workers[4],raster_worker,entity.tile_mask,2,0.935519,3.882281
round_5,optical_isea4h,datasets[0].timings.units[3].workers[4],raster_worker,entity.tile_write,2,1.579047,3.882281
round_5,optical_isea4h,datasets[0].timings.units[3].workers[4],raster_worker,minio.tile_upload,2,1.277827,3.882281
round_5,optical_isea4h,datasets[0].timings.units[3].workers[4],raster_worker,source.raster_open,1,0.00087,3.882281
round_5,optical_isea4h,datasets[0].timings.units[3].workers[4],raster_worker,entity.tile_checksum,2,0.010742,3.882281
round_5,optical_isea4h,datasets[0].timings.units[3].workers[4],raster_worker,grid.window_calculation,2,0.00043,3.882281
round_5,optical_isea4h,datasets[0].timings.units[3].workers[5],raster_worker,grid.cover,1,0.006694,3.889372
round_5,optical_isea4h,datasets[0].timings.units[3].workers[5],raster_worker,source.cache,1,0.000291,3.889372
round_5,optical_isea4h,datasets[0].timings.units[3].workers[5],raster_worker,grid.geometry,3,0.002736,3.889372
round_5,optical_isea4h,datasets[0].timings.units[3].workers[5],raster_worker,minio.tile_stat,3,0.021306,3.889372
round_5,optical_isea4h,datasets[0].timings.units[3].workers[5],raster_worker,source.checksum,1,0.038286,3.889372
round_5,optical_isea4h,datasets[0].timings.units[3].workers[5],raster_worker,source.download,1,0.0,3.889372
round_5,optical_isea4h,datasets[0].timings.units[3].workers[5],raster_worker,entity.tile_mask,3,0.962377,3.889372
round_5,optical_isea4h,datasets[0].timings.units[3].workers[5],raster_worker,entity.tile_write,3,1.666505,3.889372
round_5,optical_isea4h,datasets[0].timings.units[3].workers[5],raster_worker,minio.tile_upload,2,1.173385,3.889372
round_5,optical_isea4h,datasets[0].timings.units[3].workers[5],raster_worker,source.raster_open,1,0.001274,3.889372
round_5,optical_isea4h,datasets[0].timings.units[3].workers[5],raster_worker,entity.tile_checksum,3,0.013447,3.889372
round_5,optical_isea4h,datasets[0].timings.units[3].workers[5],raster_worker,grid.window_calculation,3,0.000635,3.889372
round_5,optical_isea4h,datasets[0].timings.units[3].workers[6],raster_worker,grid.cover,1,0.005996,3.931916
round_5,optical_isea4h,datasets[0].timings.units[3].workers[6],raster_worker,source.cache,1,0.000352,3.931916
round_5,optical_isea4h,datasets[0].timings.units[3].workers[6],raster_worker,grid.geometry,1,0.000964,3.931916
round_5,optical_isea4h,datasets[0].timings.units[3].workers[6],raster_worker,minio.tile_stat,1,0.006164,3.931916
round_5,optical_isea4h,datasets[0].timings.units[3].workers[6],raster_worker,source.checksum,1,0.034759,3.931916
round_5,optical_isea4h,datasets[0].timings.units[3].workers[6],raster_worker,source.download,1,0.0,3.931916
round_5,optical_isea4h,datasets[0].timings.units[3].workers[6],raster_worker,entity.tile_mask,1,0.830766,3.931916
round_5,optical_isea4h,datasets[0].timings.units[3].workers[6],raster_worker,entity.tile_write,1,1.447529,3.931916
round_5,optical_isea4h,datasets[0].timings.units[3].workers[6],raster_worker,minio.tile_upload,1,1.591902,3.931916
round_5,optical_isea4h,datasets[0].timings.units[3].workers[6],raster_worker,source.raster_open,1,0.001102,3.931916
round_5,optical_isea4h,datasets[0].timings.units[3].workers[6],raster_worker,entity.tile_checksum,1,0.010644,3.931916
round_5,optical_isea4h,datasets[0].timings.units[3].workers[6],raster_worker,grid.window_calculation,1,0.000228,3.931916
round_5,optical_isea4h,datasets[0].timings.units[3].workers[7],raster_worker,grid.cover,1,0.005549,3.946047
round_5,optical_isea4h,datasets[0].timings.units[3].workers[7],raster_worker,source.cache,1,0.000287,3.946047
round_5,optical_isea4h,datasets[0].timings.units[3].workers[7],raster_worker,grid.geometry,2,0.001772,3.946047
round_5,optical_isea4h,datasets[0].timings.units[3].workers[7],raster_worker,minio.tile_stat,2,0.012078,3.946047
round_5,optical_isea4h,datasets[0].timings.units[3].workers[7],raster_worker,source.checksum,1,0.039737,3.946047
round_5,optical_isea4h,datasets[0].timings.units[3].workers[7],raster_worker,source.download,1,0.0,3.946047
round_5,optical_isea4h,datasets[0].timings.units[3].workers[7],raster_worker,entity.tile_mask,2,0.881648,3.946047
round_5,optical_isea4h,datasets[0].timings.units[3].workers[7],raster_worker,entity.tile_write,2,1.625416,3.946047
round_5,optical_isea4h,datasets[0].timings.units[3].workers[7],raster_worker,minio.tile_upload,1,1.36361,3.946047
round_5,optical_isea4h,datasets[0].timings.units[3].workers[7],raster_worker,source.raster_open,1,0.00105,3.946047
round_5,optical_isea4h,datasets[0].timings.units[3].workers[7],raster_worker,entity.tile_checksum,2,0.012641,3.946047
round_5,optical_isea4h,datasets[0].timings.units[3].workers[7],raster_worker,grid.window_calculation,2,0.000442,3.946047
round_5,optical_isea4h,datasets[0].timings.units[3].workers[8],raster_worker,grid.cover,1,0.004453,4.078599
round_5,optical_isea4h,datasets[0].timings.units[3].workers[8],raster_worker,source.cache,1,0.00028,4.078599
round_5,optical_isea4h,datasets[0].timings.units[3].workers[8],raster_worker,grid.geometry,1,0.000727,4.078599
round_5,optical_isea4h,datasets[0].timings.units[3].workers[8],raster_worker,minio.tile_stat,1,0.005895,4.078599
round_5,optical_isea4h,datasets[0].timings.units[3].workers[8],raster_worker,source.checksum,1,0.035423,4.078599
round_5,optical_isea4h,datasets[0].timings.units[3].workers[8],raster_worker,source.download,1,0.0,4.078599
round_5,optical_isea4h,datasets[0].timings.units[3].workers[8],raster_worker,entity.tile_mask,1,0.833798,4.078599
round_5,optical_isea4h,datasets[0].timings.units[3].workers[8],raster_worker,entity.tile_write,1,1.424125,4.078599
round_5,optical_isea4h,datasets[0].timings.units[3].workers[8],raster_worker,minio.tile_upload,1,1.760708,4.078599
round_5,optical_isea4h,datasets[0].timings.units[3].workers[8],raster_worker,source.raster_open,1,0.001147,4.078599
round_5,optical_isea4h,datasets[0].timings.units[3].workers[8],raster_worker,entity.tile_checksum,1,0.010643,4.078599
round_5,optical_isea4h,datasets[0].timings.units[3].workers[8],raster_worker,grid.window_calculation,1,0.000196,4.078599
round_5,optical_isea4h,datasets[0].timings.units[3].workers[9],raster_worker,grid.cover,1,0.006693,4.211405
round_5,optical_isea4h,datasets[0].timings.units[3].workers[9],raster_worker,source.cache,1,0.000294,4.211405
round_5,optical_isea4h,datasets[0].timings.units[3].workers[9],raster_worker,grid.geometry,2,0.001862,4.211405
round_5,optical_isea4h,datasets[0].timings.units[3].workers[9],raster_worker,minio.tile_stat,2,0.009872,4.211405
round_5,optical_isea4h,datasets[0].timings.units[3].workers[9],raster_worker,source.checksum,1,0.095691,4.211405
round_5,optical_isea4h,datasets[0].timings.units[3].workers[9],raster_worker,source.download,1,0.0,4.211405
round_5,optical_isea4h,datasets[0].timings.units[3].workers[9],raster_worker,entity.tile_mask,2,0.921858,4.211405
round_5,optical_isea4h,datasets[0].timings.units[3].workers[9],raster_worker,entity.tile_write,2,1.655966,4.211405
round_5,optical_isea4h,datasets[0].timings.units[3].workers[9],raster_worker,minio.tile_upload,2,1.503995,4.211405
round_5,optical_isea4h,datasets[0].timings.units[3].workers[9],raster_worker,source.raster_open,1,0.00092,4.211405
round_5,optical_isea4h,datasets[0].timings.units[3].workers[9],raster_worker,entity.tile_checksum,2,0.011921,4.211405
round_5,optical_isea4h,datasets[0].timings.units[3].workers[9],raster_worker,grid.window_calculation,2,0.000475,4.211405
round_5,optical_isea4h,datasets[0].timings.units[3].workers[10],raster_worker,grid.cover,1,0.017885,4.290796
round_5,optical_isea4h,datasets[0].timings.units[3].workers[10],raster_worker,source.cache,1,0.000294,4.290796
round_5,optical_isea4h,datasets[0].timings.units[3].workers[10],raster_worker,grid.geometry,1,0.000771,4.290796
round_5,optical_isea4h,datasets[0].timings.units[3].workers[10],raster_worker,minio.tile_stat,1,0.01982,4.290796
round_5,optical_isea4h,datasets[0].timings.units[3].workers[10],raster_worker,source.checksum,1,0.042406,4.290796
round_5,optical_isea4h,datasets[0].timings.units[3].workers[10],raster_worker,source.download,1,0.0,4.290796
round_5,optical_isea4h,datasets[0].timings.units[3].workers[10],raster_worker,entity.tile_mask,1,0.883376,4.290796
round_5,optical_isea4h,datasets[0].timings.units[3].workers[10],raster_worker,entity.tile_write,1,1.490247,4.290796
round_5,optical_isea4h,datasets[0].timings.units[3].workers[10],raster_worker,minio.tile_upload,1,1.818262,4.290796
round_5,optical_isea4h,datasets[0].timings.units[3].workers[10],raster_worker,source.raster_open,1,0.001077,4.290796
round_5,optical_isea4h,datasets[0].timings.units[3].workers[10],raster_worker,entity.tile_checksum,1,0.015078,4.290796
round_5,optical_isea4h,datasets[0].timings.units[3].workers[10],raster_worker,grid.window_calculation,1,0.0002,4.290796
round_5,optical_isea4h,datasets[0].timings.units[3].workers[11],raster_worker,grid.cover,1,0.006145,4.437577
round_5,optical_isea4h,datasets[0].timings.units[3].workers[11],raster_worker,source.cache,1,0.000234,4.437577
round_5,optical_isea4h,datasets[0].timings.units[3].workers[11],raster_worker,grid.geometry,3,0.002849,4.437577
round_5,optical_isea4h,datasets[0].timings.units[3].workers[11],raster_worker,minio.tile_stat,3,0.016429,4.437577
round_5,optical_isea4h,datasets[0].timings.units[3].workers[11],raster_worker,source.checksum,1,0.070828,4.437577
round_5,optical_isea4h,datasets[0].timings.units[3].workers[11],raster_worker,source.download,1,0.0,4.437577
round_5,optical_isea4h,datasets[0].timings.units[3].workers[11],raster_worker,entity.tile_mask,3,0.910871,4.437577
round_5,optical_isea4h,datasets[0].timings.units[3].workers[11],raster_worker,entity.tile_write,3,1.639803,4.437577
round_5,optical_isea4h,datasets[0].timings.units[3].workers[11],raster_worker,minio.tile_upload,1,1.772409,4.437577
round_5,optical_isea4h,datasets[0].timings.units[3].workers[11],raster_worker,source.raster_open,1,0.00136,4.437577
round_5,optical_isea4h,datasets[0].timings.units[3].workers[11],raster_worker,entity.tile_checksum,3,0.013654,4.437577
round_5,optical_isea4h,datasets[0].timings.units[3].workers[11],raster_worker,grid.window_calculation,3,0.000628,4.437577
round_5,optical_isea4h,datasets[0].timings.units[3].workers[12],raster_worker,grid.cover,1,0.01302,4.5802
round_5,optical_isea4h,datasets[0].timings.units[3].workers[12],raster_worker,source.cache,1,0.000592,4.5802
round_5,optical_isea4h,datasets[0].timings.units[3].workers[12],raster_worker,grid.geometry,2,0.002322,4.5802
round_5,optical_isea4h,datasets[0].timings.units[3].workers[12],raster_worker,minio.tile_stat,2,0.026947,4.5802
round_5,optical_isea4h,datasets[0].timings.units[3].workers[12],raster_worker,source.checksum,1,0.101921,4.5802
round_5,optical_isea4h,datasets[0].timings.units[3].workers[12],raster_worker,source.download,1,0.0,4.5802
round_5,optical_isea4h,datasets[0].timings.units[3].workers[12],raster_worker,entity.tile_mask,2,0.918628,4.5802
round_5,optical_isea4h,datasets[0].timings.units[3].workers[12],raster_worker,entity.tile_write,2,1.530225,4.5802
round_5,optical_isea4h,datasets[0].timings.units[3].workers[12],raster_worker,minio.tile_upload,1,1.971389,4.5802
round_5,optical_isea4h,datasets[0].timings.units[3].workers[12],raster_worker,source.raster_open,1,0.001001,4.5802
round_5,optical_isea4h,datasets[0].timings.units[3].workers[12],raster_worker,entity.tile_checksum,2,0.011377,4.5802
round_5,optical_isea4h,datasets[0].timings.units[3].workers[12],raster_worker,grid.window_calculation,2,0.000611,4.5802
round_5,optical_isea4h,datasets[0].timings.units[3].workers[13],raster_worker,grid.cover,1,0.009799,4.934167
round_5,optical_isea4h,datasets[0].timings.units[3].workers[13],raster_worker,source.cache,1,0.000661,4.934167
round_5,optical_isea4h,datasets[0].timings.units[3].workers[13],raster_worker,grid.geometry,3,0.00297,4.934167
round_5,optical_isea4h,datasets[0].timings.units[3].workers[13],raster_worker,minio.tile_stat,3,0.02637,4.934167
round_5,optical_isea4h,datasets[0].timings.units[3].workers[13],raster_worker,source.checksum,1,0.113704,4.934167
round_5,optical_isea4h,datasets[0].timings.units[3].workers[13],raster_worker,source.download,1,0.0,4.934167
round_5,optical_isea4h,datasets[0].timings.units[3].workers[13],raster_worker,entity.tile_mask,3,0.895187,4.934167
round_5,optical_isea4h,datasets[0].timings.units[3].workers[13],raster_worker,entity.tile_write,3,1.656734,4.934167
round_5,optical_isea4h,datasets[0].timings.units[3].workers[13],raster_worker,minio.tile_upload,1,2.213205,4.934167
round_5,optical_isea4h,datasets[0].timings.units[3].workers[13],raster_worker,source.raster_open,1,0.001069,4.934167
round_5,optical_isea4h,datasets[0].timings.units[3].workers[13],raster_worker,entity.tile_checksum,3,0.01128,4.934167
round_5,optical_isea4h,datasets[0].timings.units[3].workers[13],raster_worker,grid.window_calculation,3,0.000713,4.934167
round_5,optical_isea4h,datasets[0].timings.units[3].workers[14],raster_worker,grid.cover,1,0.00743,5.353249
round_5,optical_isea4h,datasets[0].timings.units[3].workers[14],raster_worker,source.cache,1,0.000294,5.353249
round_5,optical_isea4h,datasets[0].timings.units[3].workers[14],raster_worker,grid.geometry,1,0.000749,5.353249
round_5,optical_isea4h,datasets[0].timings.units[3].workers[14],raster_worker,minio.tile_stat,1,0.034204,5.353249
round_5,optical_isea4h,datasets[0].timings.units[3].workers[14],raster_worker,source.checksum,1,0.107452,5.353249
round_5,optical_isea4h,datasets[0].timings.units[3].workers[14],raster_worker,source.download,1,0.0,5.353249
round_5,optical_isea4h,datasets[0].timings.units[3].workers[14],raster_worker,entity.tile_mask,1,0.866227,5.353249
round_5,optical_isea4h,datasets[0].timings.units[3].workers[14],raster_worker,entity.tile_write,1,1.47531,5.353249
round_5,optical_isea4h,datasets[0].timings.units[3].workers[14],raster_worker,minio.tile_upload,1,2.847345,5.353249
round_5,optical_isea4h,datasets[0].timings.units[3].workers[14],raster_worker,source.raster_open,1,0.001062,5.353249
round_5,optical_isea4h,datasets[0].timings.units[3].workers[14],raster_worker,entity.tile_checksum,1,0.011639,5.353249
round_5,optical_isea4h,datasets[0].timings.units[3].workers[14],raster_worker,grid.window_calculation,1,0.000223,5.353249
round_5,optical_isea4h,datasets[0].timings.units[3].workers[15],raster_worker,grid.cover,1,0.032467,6.315765
round_5,optical_isea4h,datasets[0].timings.units[3].workers[15],raster_worker,source.cache,1,0.000429,6.315765
round_5,optical_isea4h,datasets[0].timings.units[3].workers[15],raster_worker,grid.geometry,1,0.000891,6.315765
round_5,optical_isea4h,datasets[0].timings.units[3].workers[15],raster_worker,minio.tile_stat,1,0.037844,6.315765
round_5,optical_isea4h,datasets[0].timings.units[3].workers[15],raster_worker,source.checksum,1,0.106092,6.315765
round_5,optical_isea4h,datasets[0].timings.units[3].workers[15],raster_worker,source.download,1,0.0,6.315765
round_5,optical_isea4h,datasets[0].timings.units[3].workers[15],raster_worker,entity.tile_mask,1,0.86633,6.315765
round_5,optical_isea4h,datasets[0].timings.units[3].workers[15],raster_worker,entity.tile_write,1,1.458657,6.315765
round_5,optical_isea4h,datasets[0].timings.units[3].workers[15],raster_worker,minio.tile_upload,1,3.798718,6.315765
round_5,optical_isea4h,datasets[0].timings.units[3].workers[15],raster_worker,source.raster_open,1,0.001062,6.315765
round_5,optical_isea4h,datasets[0].timings.units[3].workers[15],raster_worker,entity.tile_checksum,1,0.011624,6.315765
round_5,optical_isea4h,datasets[0].timings.units[3].workers[15],raster_worker,grid.window_calculation,1,0.000239,6.315765
round_5,optical_isea4h,datasets[0].timings.units[3].source_preflight,source_preflight,minio.stat,1,0.005792,6.34909
round_5,optical_isea4h,datasets[0].timings.workflow,workflow_dataset,runner.execute,1,21.648457,21.697978
round_5,optical_isea4h,datasets[0].timings.workflow,workflow_dataset,opengauss.start_output,1,0.012459,21.697978
round_5,optical_isea4h,datasets[0].timings.workflow,workflow_dataset,opengauss.complete_output,1,0.035417,21.697978
round_5,radar_geohash,timings.job_driver,ray_job_driver,workflow.run,1,3.42651,3.569086
round_5,radar_geohash,timings.job_driver,ray_job_driver,driver.bootstrap,1,0.13817,3.569086
round_5,radar_geohash,timings.job_driver,ray_job_driver,task.start_attempt,1,0.003678,3.569086
round_5,radar_geohash,datasets[0].timings.units[0].driver,logical_batch_driver,ray.init,1,0.075328,1.523498
round_5,radar_geohash,datasets[0].timings.units[0].driver,logical_batch_driver,ray.wait,2,1.402737,1.523498
round_5,radar_geohash,datasets[0].timings.units[0].driver,logical_batch_driver,ray.result_get,1,0.000387,1.523498
round_5,radar_geohash,datasets[0].timings.units[0].driver,logical_batch_driver,ray.task_submit,1,0.040149,1.523498
round_5,radar_geohash,datasets[0].timings.units[0].driver,logical_batch_driver,ray.task_prepare,2,0.000262,1.523498
round_5,radar_geohash,datasets[0].timings.units[0].driver,logical_batch_driver,driver.result_merge,1,6e-06,1.523498
round_5,radar_geohash,datasets[0].timings.units[0].workers[0],logical_worker,grid.cover,1,0.001782,0.157272
round_5,radar_geohash,datasets[0].timings.units[0].workers[0],logical_worker,grid.geometry,3,3.9e-05,0.157272
round_5,radar_geohash,datasets[0].timings.units[0].workers[0],logical_worker,minio.chunk_stat,1,0.007481,0.157272
round_5,radar_geohash,datasets[0].timings.units[0].workers[0],logical_worker,minio.chunk_upload,1,0.046172,0.157272
round_5,radar_geohash,datasets[0].timings.units[0].workers[0],logical_worker,logical.row_generation,1,0.00032,0.157272
round_5,radar_geohash,datasets[0].timings.units[0].workers[0],logical_worker,logical.chunk_serialize,1,0.0003,0.157272
round_5,radar_geohash,datasets[0].timings.units[0].workers[0],logical_worker,opengauss.logical_stage,1,0.100793,0.157272
round_5,radar_geohash,datasets[0].timings.units[0].source_preflight,source_preflight,minio.stat,1,0.150707,1.863171
round_5,radar_geohash,datasets[0].timings.units[1].driver,logical_batch_driver,ray.wait,2,1.444489,1.457135
round_5,radar_geohash,datasets[0].timings.units[1].driver,logical_batch_driver,ray.result_get,1,0.000323,1.457135
round_5,radar_geohash,datasets[0].timings.units[1].driver,logical_batch_driver,ray.task_submit,1,0.007851,1.457135
round_5,radar_geohash,datasets[0].timings.units[1].driver,logical_batch_driver,ray.task_prepare,2,0.000318,1.457135
round_5,radar_geohash,datasets[0].timings.units[1].driver,logical_batch_driver,driver.result_merge,1,6e-06,1.457135
round_5,radar_geohash,datasets[0].timings.units[1].workers[0],logical_worker,grid.cover,1,0.001712,0.239193
round_5,radar_geohash,datasets[0].timings.units[1].workers[0],logical_worker,grid.geometry,3,3.9e-05,0.239193
round_5,radar_geohash,datasets[0].timings.units[1].workers[0],logical_worker,minio.chunk_stat,1,0.012425,0.239193
round_5,radar_geohash,datasets[0].timings.units[1].workers[0],logical_worker,minio.chunk_upload,1,0.027874,0.239193
round_5,radar_geohash,datasets[0].timings.units[1].workers[0],logical_worker,logical.row_generation,1,0.000327,0.239193
round_5,radar_geohash,datasets[0].timings.units[1].workers[0],logical_worker,logical.chunk_serialize,1,0.000281,0.239193
round_5,radar_geohash,datasets[0].timings.units[1].workers[0],logical_worker,opengauss.logical_stage,1,0.196115,0.239193
round_5,radar_geohash,datasets[0].timings.units[1].source_preflight,source_preflight,minio.stat,1,0.007549,1.464797
round_5,radar_geohash,datasets[0].timings.workflow,workflow_dataset,runner.execute,1,3.329399,3.426162
round_5,radar_geohash,datasets[0].timings.workflow,workflow_dataset,opengauss.start_output,1,0.012814,3.426162
round_5,radar_geohash,datasets[0].timings.workflow,workflow_dataset,opengauss.complete_output,1,0.013829,3.426162
round_5,radar_geohash,datasets[0].timings.workflow,workflow_dataset,opengauss.record_output_chunks,1,0.005339,3.426162
round_5,radar_geohash,datasets[0].timings.workflow,workflow_dataset,opengauss.verify_output_chunks,1,0.050135,3.426162
round_5,radar_geohash,datasets[0].timings.workflow,workflow_dataset,opengauss.promote_logical_staging,1,0.012905,3.426162
round_5,radar_mgrs,timings.job_driver,ray_job_driver,workflow.run,1,3.440587,3.825143
round_5,radar_mgrs,timings.job_driver,ray_job_driver,driver.bootstrap,1,0.218102,3.825143
round_5,radar_mgrs,timings.job_driver,ray_job_driver,task.start_attempt,1,0.165624,3.825143
round_5,radar_mgrs,datasets[0].timings.units[0].driver,logical_batch_driver,ray.init,1,0.071259,1.529117
round_5,radar_mgrs,datasets[0].timings.units[0].driver,logical_batch_driver,ray.wait,2,1.409733,1.529117
round_5,radar_mgrs,datasets[0].timings.units[0].driver,logical_batch_driver,ray.result_get,1,0.000401,1.529117
round_5,radar_mgrs,datasets[0].timings.units[0].driver,logical_batch_driver,ray.task_submit,1,0.042436,1.529117
round_5,radar_mgrs,datasets[0].timings.units[0].driver,logical_batch_driver,ray.task_prepare,2,0.000255,1.529117
round_5,radar_mgrs,datasets[0].timings.units[0].driver,logical_batch_driver,driver.result_merge,1,7e-06,1.529117
round_5,radar_mgrs,datasets[0].timings.units[0].workers[0],logical_worker,grid.cover,1,0.067687,0.215844
round_5,radar_mgrs,datasets[0].timings.units[0].workers[0],logical_worker,grid.geometry,15,0.00224,0.215844
round_5,radar_mgrs,datasets[0].timings.units[0].workers[0],logical_worker,minio.chunk_stat,1,0.007109,0.215844
round_5,radar_mgrs,datasets[0].timings.units[0].workers[0],logical_worker,minio.chunk_upload,1,0.03862,0.215844
round_5,radar_mgrs,datasets[0].timings.units[0].workers[0],logical_worker,logical.row_generation,1,0.003284,0.215844
round_5,radar_mgrs,datasets[0].timings.units[0].workers[0],logical_worker,logical.chunk_serialize,1,0.002555,0.215844
round_5,radar_mgrs,datasets[0].timings.units[0].workers[0],logical_worker,opengauss.logical_stage,1,0.096098,0.215844
round_5,radar_mgrs,datasets[0].timings.units[0].source_preflight,source_preflight,minio.stat,1,0.151203,1.868777
round_5,radar_mgrs,datasets[0].timings.units[1].driver,logical_batch_driver,ray.wait,2,1.427524,1.440355
round_5,radar_mgrs,datasets[0].timings.units[1].driver,logical_batch_driver,ray.result_get,1,0.000324,1.440355
round_5,radar_mgrs,datasets[0].timings.units[1].driver,logical_batch_driver,ray.task_submit,1,0.008035,1.440355
round_5,radar_mgrs,datasets[0].timings.units[1].driver,logical_batch_driver,ray.task_prepare,2,0.000251,1.440355
round_5,radar_mgrs,datasets[0].timings.units[1].driver,logical_batch_driver,driver.result_merge,1,7e-06,1.440355
round_5,radar_mgrs,datasets[0].timings.units[1].workers[0],logical_worker,grid.cover,1,0.066553,0.206541
round_5,radar_mgrs,datasets[0].timings.units[1].workers[0],logical_worker,grid.geometry,15,0.002149,0.206541
round_5,radar_mgrs,datasets[0].timings.units[1].workers[0],logical_worker,minio.chunk_stat,1,0.007923,0.206541
round_5,radar_mgrs,datasets[0].timings.units[1].workers[0],logical_worker,minio.chunk_upload,1,0.029774,0.206541
round_5,radar_mgrs,datasets[0].timings.units[1].workers[0],logical_worker,logical.row_generation,1,0.003149,0.206541
round_5,radar_mgrs,datasets[0].timings.units[1].workers[0],logical_worker,logical.chunk_serialize,1,0.002598,0.206541
round_5,radar_mgrs,datasets[0].timings.units[1].workers[0],logical_worker,opengauss.logical_stage,1,0.09607,0.206541
round_5,radar_mgrs,datasets[0].timings.units[1].source_preflight,source_preflight,minio.stat,1,0.008899,1.449377
round_5,radar_mgrs,datasets[0].timings.workflow,workflow_dataset,runner.execute,1,3.319618,3.440217
round_5,radar_mgrs,datasets[0].timings.workflow,workflow_dataset,opengauss.start_output,1,0.05825,3.440217
round_5,radar_mgrs,datasets[0].timings.workflow,workflow_dataset,opengauss.complete_output,1,0.014361,3.440217
round_5,radar_mgrs,datasets[0].timings.workflow,workflow_dataset,opengauss.record_output_chunks,1,0.005592,3.440217
round_5,radar_mgrs,datasets[0].timings.workflow,workflow_dataset,opengauss.verify_output_chunks,1,0.021105,3.440217
round_5,radar_mgrs,datasets[0].timings.workflow,workflow_dataset,opengauss.promote_logical_staging,1,0.019422,3.440217
round_5,radar_isea4h,timings.job_driver,ray_job_driver,workflow.run,1,14.760562,14.91017
round_5,radar_isea4h,timings.job_driver,ray_job_driver,driver.bootstrap,1,0.145175,14.91017
round_5,radar_isea4h,timings.job_driver,ray_job_driver,task.start_attempt,1,0.003737,14.91017
round_5,radar_isea4h,datasets[0].timings.units[0].driver,raster_driver,ray.init,1,0.072765,11.214727
round_5,radar_isea4h,datasets[0].timings.units[0].driver,raster_driver,ray.wait,25,11.040901,11.214727
round_5,radar_isea4h,datasets[0].timings.units[0].driver,raster_driver,ray.result_get,16,0.004725,11.214727
round_5,radar_isea4h,datasets[0].timings.units[0].driver,raster_driver,ray.task_submit,16,0.054168,11.214727
round_5,radar_isea4h,datasets[0].timings.units[0].driver,raster_driver,driver.result_merge,16,0.000125,11.214727
round_5,radar_isea4h,datasets[0].timings.units[0].workers[0],raster_worker,grid.cover,1,4.749989,5.441262
round_5,radar_isea4h,datasets[0].timings.units[0].workers[0],raster_worker,source.cache,1,0.000265,5.441262
round_5,radar_isea4h,datasets[0].timings.units[0].workers[0],raster_worker,grid.geometry,1,0.000868,5.441262
round_5,radar_isea4h,datasets[0].timings.units[0].workers[0],raster_worker,minio.tile_stat,1,0.01006,5.441262
round_5,radar_isea4h,datasets[0].timings.units[0].workers[0],raster_worker,source.checksum,1,0.031402,5.441262
round_5,radar_isea4h,datasets[0].timings.units[0].workers[0],raster_worker,source.download,1,0.0,5.441262
round_5,radar_isea4h,datasets[0].timings.units[0].workers[0],raster_worker,entity.tile_mask,1,0.245649,5.441262
round_5,radar_isea4h,datasets[0].timings.units[0].workers[0],raster_worker,entity.tile_write,1,0.371486,5.441262
round_5,radar_isea4h,datasets[0].timings.units[0].workers[0],raster_worker,source.raster_open,1,0.018806,5.441262
round_5,radar_isea4h,datasets[0].timings.units[0].workers[0],raster_worker,entity.tile_checksum,1,0.008748,5.441262
round_5,radar_isea4h,datasets[0].timings.units[0].workers[0],raster_worker,grid.window_calculation,1,0.000363,5.441262
round_5,radar_isea4h,datasets[0].timings.units[0].workers[1],raster_worker,grid.cover,1,4.765236,7.557771
round_5,radar_isea4h,datasets[0].timings.units[0].workers[1],raster_worker,source.cache,1,0.000258,7.557771
round_5,radar_isea4h,datasets[0].timings.units[0].workers[1],raster_worker,grid.geometry,1,0.000824,7.557771
round_5,radar_isea4h,datasets[0].timings.units[0].workers[1],raster_worker,minio.tile_stat,1,0.006463,7.557771
round_5,radar_isea4h,datasets[0].timings.units[0].workers[1],raster_worker,source.checksum,1,0.028545,7.557771
round_5,radar_isea4h,datasets[0].timings.units[0].workers[1],raster_worker,source.download,1,0.0,7.557771
round_5,radar_isea4h,datasets[0].timings.units[0].workers[1],raster_worker,entity.tile_mask,1,0.235798,7.557771
round_5,radar_isea4h,datasets[0].timings.units[0].workers[1],raster_worker,entity.tile_write,1,0.365569,7.557771
round_5,radar_isea4h,datasets[0].timings.units[0].workers[1],raster_worker,minio.tile_upload,1,2.113066,7.557771
round_5,radar_isea4h,datasets[0].timings.units[0].workers[1],raster_worker,source.raster_open,1,0.017982,7.557771
round_5,radar_isea4h,datasets[0].timings.units[0].workers[1],raster_worker,entity.tile_checksum,1,0.00877,7.557771
round_5,radar_isea4h,datasets[0].timings.units[0].workers[1],raster_worker,grid.window_calculation,1,0.00032,7.557771
round_5,radar_isea4h,datasets[0].timings.units[0].workers[2],raster_worker,grid.cover,1,4.800524,8.451597
round_5,radar_isea4h,datasets[0].timings.units[0].workers[2],raster_worker,source.cache,1,0.000245,8.451597
round_5,radar_isea4h,datasets[0].timings.units[0].workers[2],raster_worker,grid.geometry,2,0.001981,8.451597
round_5,radar_isea4h,datasets[0].timings.units[0].workers[2],raster_worker,minio.tile_stat,2,0.017139,8.451597
round_5,radar_isea4h,datasets[0].timings.units[0].workers[2],raster_worker,source.checksum,1,0.033804,8.451597
round_5,radar_isea4h,datasets[0].timings.units[0].workers[2],raster_worker,source.download,1,0.0,8.451597
round_5,radar_isea4h,datasets[0].timings.units[0].workers[2],raster_worker,entity.tile_mask,2,0.316272,8.451597
round_5,radar_isea4h,datasets[0].timings.units[0].workers[2],raster_worker,entity.tile_write,2,0.73949,8.451597
round_5,radar_isea4h,datasets[0].timings.units[0].workers[2],raster_worker,minio.tile_upload,1,2.500346,8.451597
round_5,radar_isea4h,datasets[0].timings.units[0].workers[2],raster_worker,source.raster_open,1,0.018395,8.451597
round_5,radar_isea4h,datasets[0].timings.units[0].workers[2],raster_worker,entity.tile_checksum,2,0.017998,8.451597
round_5,radar_isea4h,datasets[0].timings.units[0].workers[2],raster_worker,grid.window_calculation,2,0.00055,8.451597
round_5,radar_isea4h,datasets[0].timings.units[0].workers[3],raster_worker,grid.cover,1,4.800331,8.565327
round_5,radar_isea4h,datasets[0].timings.units[0].workers[3],raster_worker,source.cache,1,0.000286,8.565327
round_5,radar_isea4h,datasets[0].timings.units[0].workers[3],raster_worker,grid.geometry,3,0.00309,8.565327
round_5,radar_isea4h,datasets[0].timings.units[0].workers[3],raster_worker,minio.tile_stat,3,0.026601,8.565327
round_5,radar_isea4h,datasets[0].timings.units[0].workers[3],raster_worker,source.checksum,1,0.028806,8.565327
round_5,radar_isea4h,datasets[0].timings.units[0].workers[3],raster_worker,source.download,1,0.0,8.565327
round_5,radar_isea4h,datasets[0].timings.units[0].workers[3],raster_worker,entity.tile_mask,3,0.380884,8.565327
round_5,radar_isea4h,datasets[0].timings.units[0].workers[3],raster_worker,entity.tile_write,3,0.890637,8.565327
round_5,radar_isea4h,datasets[0].timings.units[0].workers[3],raster_worker,minio.tile_upload,2,2.388125,8.565327
round_5,radar_isea4h,datasets[0].timings.units[0].workers[3],raster_worker,source.raster_open,1,0.019088,8.565327
round_5,radar_isea4h,datasets[0].timings.units[0].workers[3],raster_worker,entity.tile_checksum,3,0.020034,8.565327
round_5,radar_isea4h,datasets[0].timings.units[0].workers[3],raster_worker,grid.window_calculation,3,0.000933,8.565327
round_5,radar_isea4h,datasets[0].timings.units[0].workers[4],raster_worker,grid.cover,1,4.676565,8.541814
round_5,radar_isea4h,datasets[0].timings.units[0].workers[4],raster_worker,source.cache,1,0.000248,8.541814
round_5,radar_isea4h,datasets[0].timings.units[0].workers[4],raster_worker,grid.geometry,3,0.002994,8.541814
round_5,radar_isea4h,datasets[0].timings.units[0].workers[4],raster_worker,minio.tile_stat,3,0.276983,8.541814
round_5,radar_isea4h,datasets[0].timings.units[0].workers[4],raster_worker,source.checksum,1,0.030126,8.541814
round_5,radar_isea4h,datasets[0].timings.units[0].workers[4],raster_worker,source.download,1,0.0,8.541814
round_5,radar_isea4h,datasets[0].timings.units[0].workers[4],raster_worker,entity.tile_mask,3,0.367002,8.541814
round_5,radar_isea4h,datasets[0].timings.units[0].workers[4],raster_worker,entity.tile_write,3,0.886417,8.541814
round_5,radar_isea4h,datasets[0].timings.units[0].workers[4],raster_worker,minio.tile_upload,1,2.235158,8.541814
round_5,radar_isea4h,datasets[0].timings.units[0].workers[4],raster_worker,source.raster_open,1,0.021727,8.541814
round_5,radar_isea4h,datasets[0].timings.units[0].workers[4],raster_worker,entity.tile_checksum,3,0.037185,8.541814
round_5,radar_isea4h,datasets[0].timings.units[0].workers[4],raster_worker,grid.window_calculation,3,0.000878,8.541814
round_5,radar_isea4h,datasets[0].timings.units[0].workers[5],raster_worker,grid.cover,1,4.618053,8.693443
round_5,radar_isea4h,datasets[0].timings.units[0].workers[5],raster_worker,source.cache,1,0.000232,8.693443
round_5,radar_isea4h,datasets[0].timings.units[0].workers[5],raster_worker,grid.geometry,3,0.002886,8.693443
round_5,radar_isea4h,datasets[0].timings.units[0].workers[5],raster_worker,minio.tile_stat,3,0.015661,8.693443
round_5,radar_isea4h,datasets[0].timings.units[0].workers[5],raster_worker,source.checksum,1,0.028964,8.693443
round_5,radar_isea4h,datasets[0].timings.units[0].workers[5],raster_worker,source.download,1,0.0,8.693443
round_5,radar_isea4h,datasets[0].timings.units[0].workers[5],raster_worker,entity.tile_mask,3,0.360779,8.693443
round_5,radar_isea4h,datasets[0].timings.units[0].workers[5],raster_worker,entity.tile_write,3,0.898197,8.693443
round_5,radar_isea4h,datasets[0].timings.units[0].workers[5],raster_worker,minio.tile_upload,3,2.720697,8.693443
round_5,radar_isea4h,datasets[0].timings.units[0].workers[5],raster_worker,source.raster_open,1,0.01766,8.693443
round_5,radar_isea4h,datasets[0].timings.units[0].workers[5],raster_worker,entity.tile_checksum,3,0.023194,8.693443
round_5,radar_isea4h,datasets[0].timings.units[0].workers[5],raster_worker,grid.window_calculation,3,0.00084,8.693443
round_5,radar_isea4h,datasets[0].timings.units[0].workers[6],raster_worker,grid.cover,1,4.738279,7.92431
round_5,radar_isea4h,datasets[0].timings.units[0].workers[6],raster_worker,source.cache,1,0.000261,7.92431
round_5,radar_isea4h,datasets[0].timings.units[0].workers[6],raster_worker,grid.geometry,1,0.001133,7.92431
round_5,radar_isea4h,datasets[0].timings.units[0].workers[6],raster_worker,minio.tile_stat,1,0.006287,7.92431
round_5,radar_isea4h,datasets[0].timings.units[0].workers[6],raster_worker,source.checksum,1,0.030163,7.92431
round_5,radar_isea4h,datasets[0].timings.units[0].workers[6],raster_worker,source.download,1,0.0,7.92431
round_5,radar_isea4h,datasets[0].timings.units[0].workers[6],raster_worker,entity.tile_mask,1,0.232894,7.92431
round_5,radar_isea4h,datasets[0].timings.units[0].workers[6],raster_worker,entity.tile_write,1,0.37633,7.92431
round_5,radar_isea4h,datasets[0].timings.units[0].workers[6],raster_worker,minio.tile_upload,1,2.506225,7.92431
round_5,radar_isea4h,datasets[0].timings.units[0].workers[6],raster_worker,source.raster_open,1,0.018937,7.92431
round_5,radar_isea4h,datasets[0].timings.units[0].workers[6],raster_worker,entity.tile_checksum,1,0.009249,7.92431
round_5,radar_isea4h,datasets[0].timings.units[0].workers[6],raster_worker,grid.window_calculation,1,0.000481,7.92431
round_5,radar_isea4h,datasets[0].timings.units[0].workers[7],raster_worker,grid.cover,1,4.757001,8.839282
round_5,radar_isea4h,datasets[0].timings.units[0].workers[7],raster_worker,source.cache,1,0.000244,8.839282
round_5,radar_isea4h,datasets[0].timings.units[0].workers[7],raster_worker,grid.geometry,3,0.00333,8.839282
round_5,radar_isea4h,datasets[0].timings.units[0].workers[7],raster_worker,minio.tile_stat,3,0.068274,8.839282
round_5,radar_isea4h,datasets[0].timings.units[0].workers[7],raster_worker,source.checksum,1,0.029243,8.839282
round_5,radar_isea4h,datasets[0].timings.units[0].workers[7],raster_worker,source.download,1,0.0,8.839282
round_5,radar_isea4h,datasets[0].timings.units[0].workers[7],raster_worker,entity.tile_mask,3,0.379089,8.839282
round_5,radar_isea4h,datasets[0].timings.units[0].workers[7],raster_worker,entity.tile_write,3,0.895908,8.839282
round_5,radar_isea4h,datasets[0].timings.units[0].workers[7],raster_worker,minio.tile_upload,2,2.65656,8.839282
round_5,radar_isea4h,datasets[0].timings.units[0].workers[7],raster_worker,source.raster_open,1,0.021848,8.839282
round_5,radar_isea4h,datasets[0].timings.units[0].workers[7],raster_worker,entity.tile_checksum,3,0.01975,8.839282
round_5,radar_isea4h,datasets[0].timings.units[0].workers[7],raster_worker,grid.window_calculation,3,0.000936,8.839282
round_5,radar_isea4h,datasets[0].timings.units[0].workers[8],raster_worker,grid.cover,1,4.872278,8.124578
round_5,radar_isea4h,datasets[0].timings.units[0].workers[8],raster_worker,source.cache,1,0.000257,8.124578
round_5,radar_isea4h,datasets[0].timings.units[0].workers[8],raster_worker,grid.geometry,2,0.001821,8.124578
round_5,radar_isea4h,datasets[0].timings.units[0].workers[8],raster_worker,minio.tile_stat,2,2.113655,8.124578
round_5,radar_isea4h,datasets[0].timings.units[0].workers[8],raster_worker,source.checksum,1,0.029734,8.124578
round_5,radar_isea4h,datasets[0].timings.units[0].workers[8],raster_worker,source.download,1,0.0,8.124578
round_5,radar_isea4h,datasets[0].timings.units[0].workers[8],raster_worker,entity.tile_mask,2,0.322247,8.124578
round_5,radar_isea4h,datasets[0].timings.units[0].workers[8],raster_worker,entity.tile_write,2,0.74222,8.124578
round_5,radar_isea4h,datasets[0].timings.units[0].workers[8],raster_worker,source.raster_open,1,0.018503,8.124578
round_5,radar_isea4h,datasets[0].timings.units[0].workers[8],raster_worker,entity.tile_checksum,2,0.01802,8.124578
round_5,radar_isea4h,datasets[0].timings.units[0].workers[8],raster_worker,grid.window_calculation,2,0.000634,8.124578
round_5,radar_isea4h,datasets[0].timings.units[0].workers[9],raster_worker,grid.cover,1,4.597234,8.17175
round_5,radar_isea4h,datasets[0].timings.units[0].workers[9],raster_worker,source.cache,1,0.000247,8.17175
round_5,radar_isea4h,datasets[0].timings.units[0].workers[9],raster_worker,grid.geometry,2,0.002407,8.17175
round_5,radar_isea4h,datasets[0].timings.units[0].workers[9],raster_worker,minio.tile_stat,2,2.406236,8.17175
round_5,radar_isea4h,datasets[0].timings.units[0].workers[9],raster_worker,source.checksum,1,0.031312,8.17175
round_5,radar_isea4h,datasets[0].timings.units[0].workers[9],raster_worker,source.download,1,0.0,8.17175
round_5,radar_isea4h,datasets[0].timings.units[0].workers[9],raster_worker,entity.tile_mask,2,0.328586,8.17175
round_5,radar_isea4h,datasets[0].timings.units[0].workers[9],raster_worker,entity.tile_write,2,0.763016,8.17175
round_5,radar_isea4h,datasets[0].timings.units[0].workers[9],raster_worker,source.raster_open,1,0.018334,8.17175
round_5,radar_isea4h,datasets[0].timings.units[0].workers[9],raster_worker,entity.tile_checksum,2,0.018214,8.17175
round_5,radar_isea4h,datasets[0].timings.units[0].workers[9],raster_worker,grid.window_calculation,2,0.000669,8.17175
round_5,radar_isea4h,datasets[0].timings.units[0].workers[10],raster_worker,grid.cover,1,4.710941,9.029794
round_5,radar_isea4h,datasets[0].timings.units[0].workers[10],raster_worker,source.cache,1,0.000232,9.029794
round_5,radar_isea4h,datasets[0].timings.units[0].workers[10],raster_worker,grid.geometry,2,0.001905,9.029794
round_5,radar_isea4h,datasets[0].timings.units[0].workers[10],raster_worker,minio.tile_stat,2,0.01255,9.029794
round_5,radar_isea4h,datasets[0].timings.units[0].workers[10],raster_worker,source.checksum,1,0.028342,9.029794
round_5,radar_isea4h,datasets[0].timings.units[0].workers[10],raster_worker,source.download,1,0.0,9.029794
round_5,radar_isea4h,datasets[0].timings.units[0].workers[10],raster_worker,entity.tile_mask,2,0.330228,9.029794
round_5,radar_isea4h,datasets[0].timings.units[0].workers[10],raster_worker,entity.tile_write,2,0.735672,9.029794
round_5,radar_isea4h,datasets[0].timings.units[0].workers[10],raster_worker,minio.tile_upload,1,3.161757,9.029794
round_5,radar_isea4h,datasets[0].timings.units[0].workers[10],raster_worker,source.raster_open,1,0.017696,9.029794
round_5,radar_isea4h,datasets[0].timings.units[0].workers[10],raster_worker,entity.tile_checksum,2,0.018125,9.029794
round_5,radar_isea4h,datasets[0].timings.units[0].workers[10],raster_worker,grid.window_calculation,2,0.000604,9.029794
round_5,radar_isea4h,datasets[0].timings.units[0].workers[11],raster_worker,grid.cover,1,4.934681,8.273706
round_5,radar_isea4h,datasets[0].timings.units[0].workers[11],raster_worker,source.cache,1,0.000258,8.273706
round_5,radar_isea4h,datasets[0].timings.units[0].workers[11],raster_worker,grid.geometry,1,0.000841,8.273706
round_5,radar_isea4h,datasets[0].timings.units[0].workers[11],raster_worker,minio.tile_stat,1,0.006202,8.273706
round_5,radar_isea4h,datasets[0].timings.units[0].workers[11],raster_worker,source.checksum,1,0.032074,8.273706
round_5,radar_isea4h,datasets[0].timings.units[0].workers[11],raster_worker,source.download,1,0.0,8.273706
round_5,radar_isea4h,datasets[0].timings.units[0].workers[11],raster_worker,entity.tile_mask,1,0.230525,8.273706
round_5,radar_isea4h,datasets[0].timings.units[0].workers[11],raster_worker,entity.tile_write,1,0.379442,8.273706
round_5,radar_isea4h,datasets[0].timings.units[0].workers[11],raster_worker,minio.tile_upload,1,2.657956,8.273706
round_5,radar_isea4h,datasets[0].timings.units[0].workers[11],raster_worker,source.raster_open,1,0.018464,8.273706
round_5,radar_isea4h,datasets[0].timings.units[0].workers[11],raster_worker,entity.tile_checksum,1,0.009233,8.273706
round_5,radar_isea4h,datasets[0].timings.units[0].workers[11],raster_worker,grid.window_calculation,1,0.00033,8.273706
round_5,radar_isea4h,datasets[0].timings.units[0].workers[12],raster_worker,grid.cover,1,4.754698,8.384399
round_5,radar_isea4h,datasets[0].timings.units[0].workers[12],raster_worker,source.cache,1,0.000227,8.384399
round_5,radar_isea4h,datasets[0].timings.units[0].workers[12],raster_worker,grid.geometry,2,0.001919,8.384399
round_5,radar_isea4h,datasets[0].timings.units[0].workers[12],raster_worker,minio.tile_stat,2,2.48966,8.384399
round_5,radar_isea4h,datasets[0].timings.units[0].workers[12],raster_worker,source.checksum,1,0.03017,8.384399
round_5,radar_isea4h,datasets[0].timings.units[0].workers[12],raster_worker,source.download,1,0.0,8.384399
round_5,radar_isea4h,datasets[0].timings.units[0].workers[12],raster_worker,entity.tile_mask,2,0.326022,8.384399
round_5,radar_isea4h,datasets[0].timings.units[0].workers[12],raster_worker,entity.tile_write,2,0.740112,8.384399
round_5,radar_isea4h,datasets[0].timings.units[0].workers[12],raster_worker,source.raster_open,1,0.017953,8.384399
round_5,radar_isea4h,datasets[0].timings.units[0].workers[12],raster_worker,entity.tile_checksum,2,0.018042,8.384399
round_5,radar_isea4h,datasets[0].timings.units[0].workers[12],raster_worker,grid.window_calculation,2,0.000631,8.384399
round_5,radar_isea4h,datasets[0].timings.units[0].workers[13],raster_worker,grid.cover,1,4.746318,9.275646
round_5,radar_isea4h,datasets[0].timings.units[0].workers[13],raster_worker,source.cache,1,0.000302,9.275646
round_5,radar_isea4h,datasets[0].timings.units[0].workers[13],raster_worker,grid.geometry,1,0.000845,9.275646
round_5,radar_isea4h,datasets[0].timings.units[0].workers[13],raster_worker,minio.tile_stat,1,3.860504,9.275646
round_5,radar_isea4h,datasets[0].timings.units[0].workers[13],raster_worker,source.checksum,1,0.030253,9.275646
round_5,radar_isea4h,datasets[0].timings.units[0].workers[13],raster_worker,source.download,1,0.0,9.275646
round_5,radar_isea4h,datasets[0].timings.units[0].workers[13],raster_worker,entity.tile_mask,1,0.232835,9.275646
round_5,radar_isea4h,datasets[0].timings.units[0].workers[13],raster_worker,entity.tile_write,1,0.372824,9.275646
round_5,radar_isea4h,datasets[0].timings.units[0].workers[13],raster_worker,source.raster_open,1,0.018865,9.275646
round_5,radar_isea4h,datasets[0].timings.units[0].workers[13],raster_worker,entity.tile_checksum,1,0.008859,9.275646
round_5,radar_isea4h,datasets[0].timings.units[0].workers[13],raster_worker,grid.window_calculation,1,0.000334,9.275646
round_5,radar_isea4h,datasets[0].timings.units[0].workers[14],raster_worker,grid.cover,1,4.678759,9.284886
round_5,radar_isea4h,datasets[0].timings.units[0].workers[14],raster_worker,source.cache,1,0.000274,9.284886
round_5,radar_isea4h,datasets[0].timings.units[0].workers[14],raster_worker,grid.geometry,2,0.002328,9.284886
round_5,radar_isea4h,datasets[0].timings.units[0].workers[14],raster_worker,minio.tile_stat,2,0.012494,9.284886
round_5,radar_isea4h,datasets[0].timings.units[0].workers[14],raster_worker,source.checksum,1,0.029332,9.284886
round_5,radar_isea4h,datasets[0].timings.units[0].workers[14],raster_worker,source.download,1,0.0,9.284886
round_5,radar_isea4h,datasets[0].timings.units[0].workers[14],raster_worker,entity.tile_mask,2,0.332799,9.284886
round_5,radar_isea4h,datasets[0].timings.units[0].workers[14],raster_worker,entity.tile_write,2,0.745701,9.284886
round_5,radar_isea4h,datasets[0].timings.units[0].workers[14],raster_worker,minio.tile_upload,1,3.438051,9.284886
round_5,radar_isea4h,datasets[0].timings.units[0].workers[14],raster_worker,source.raster_open,1,0.020398,9.284886
round_5,radar_isea4h,datasets[0].timings.units[0].workers[14],raster_worker,entity.tile_checksum,2,0.018643,9.284886
round_5,radar_isea4h,datasets[0].timings.units[0].workers[14],raster_worker,grid.window_calculation,2,0.000598,9.284886
round_5,radar_isea4h,datasets[0].timings.units[0].workers[15],raster_worker,grid.cover,1,4.758583,8.581377
round_5,radar_isea4h,datasets[0].timings.units[0].workers[15],raster_worker,source.cache,1,0.000238,8.581377
round_5,radar_isea4h,datasets[0].timings.units[0].workers[15],raster_worker,grid.geometry,1,0.000818,8.581377
round_5,radar_isea4h,datasets[0].timings.units[0].workers[15],raster_worker,minio.tile_stat,1,0.00645,8.581377
round_5,radar_isea4h,datasets[0].timings.units[0].workers[15],raster_worker,source.checksum,1,0.030046,8.581377
round_5,radar_isea4h,datasets[0].timings.units[0].workers[15],raster_worker,source.download,1,0.0,8.581377
round_5,radar_isea4h,datasets[0].timings.units[0].workers[15],raster_worker,entity.tile_mask,1,0.227396,8.581377
round_5,radar_isea4h,datasets[0].timings.units[0].workers[15],raster_worker,entity.tile_write,1,0.371996,8.581377
round_5,radar_isea4h,datasets[0].timings.units[0].workers[15],raster_worker,minio.tile_upload,1,3.154718,8.581377
round_5,radar_isea4h,datasets[0].timings.units[0].workers[15],raster_worker,source.raster_open,1,0.018114,8.581377
round_5,radar_isea4h,datasets[0].timings.units[0].workers[15],raster_worker,entity.tile_checksum,1,0.009231,8.581377
round_5,radar_isea4h,datasets[0].timings.units[0].workers[15],raster_worker,grid.window_calculation,1,0.000361,8.581377
round_5,radar_isea4h,datasets[0].timings.units[0].source_preflight,source_preflight,minio.stat,1,0.165289,11.602636
round_5,radar_isea4h,datasets[0].timings.units[1].driver,raster_driver,ray.wait,17,3.062791,3.110705
round_5,radar_isea4h,datasets[0].timings.units[1].driver,raster_driver,ray.result_get,16,0.005478,3.110705
round_5,radar_isea4h,datasets[0].timings.units[1].driver,raster_driver,ray.task_submit,16,0.014981,3.110705
round_5,radar_isea4h,datasets[0].timings.units[1].driver,raster_driver,driver.result_merge,16,0.000143,3.110705
round_5,radar_isea4h,datasets[0].timings.units[1].workers[0],raster_worker,grid.cover,1,0.00549,1.237333
round_5,radar_isea4h,datasets[0].timings.units[1].workers[0],raster_worker,source.cache,1,0.000331,1.237333
round_5,radar_isea4h,datasets[0].timings.units[1].workers[0],raster_worker,grid.geometry,1,0.000732,1.237333
round_5,radar_isea4h,datasets[0].timings.units[1].workers[0],raster_worker,minio.tile_stat,1,0.030405,1.237333
round_5,radar_isea4h,datasets[0].timings.units[1].workers[0],raster_worker,source.checksum,1,0.054804,1.237333
round_5,radar_isea4h,datasets[0].timings.units[1].workers[0],raster_worker,source.download,1,0.0,1.237333
round_5,radar_isea4h,datasets[0].timings.units[1].workers[0],raster_worker,entity.tile_mask,1,0.219862,1.237333
round_5,radar_isea4h,datasets[0].timings.units[1].workers[0],raster_worker,entity.tile_write,1,0.364964,1.237333
round_5,radar_isea4h,datasets[0].timings.units[1].workers[0],raster_worker,minio.tile_upload,1,0.525086,1.237333
round_5,radar_isea4h,datasets[0].timings.units[1].workers[0],raster_worker,source.raster_open,1,0.001304,1.237333
round_5,radar_isea4h,datasets[0].timings.units[1].workers[0],raster_worker,entity.tile_checksum,1,0.03225,1.237333
round_5,radar_isea4h,datasets[0].timings.units[1].workers[0],raster_worker,grid.window_calculation,1,0.000215,1.237333
round_5,radar_isea4h,datasets[0].timings.units[1].workers[1],raster_worker,grid.cover,1,0.009923,1.362377
round_5,radar_isea4h,datasets[0].timings.units[1].workers[1],raster_worker,source.cache,1,0.00051,1.362377
round_5,radar_isea4h,datasets[0].timings.units[1].workers[1],raster_worker,grid.geometry,1,0.001233,1.362377
round_5,radar_isea4h,datasets[0].timings.units[1].workers[1],raster_worker,minio.tile_stat,1,0.045338,1.362377
round_5,radar_isea4h,datasets[0].timings.units[1].workers[1],raster_worker,source.checksum,1,0.078734,1.362377
round_5,radar_isea4h,datasets[0].timings.units[1].workers[1],raster_worker,source.download,1,0.0,1.362377
round_5,radar_isea4h,datasets[0].timings.units[1].workers[1],raster_worker,entity.tile_mask,1,0.225999,1.362377
round_5,radar_isea4h,datasets[0].timings.units[1].workers[1],raster_worker,entity.tile_write,1,0.382079,1.362377
round_5,radar_isea4h,datasets[0].timings.units[1].workers[1],raster_worker,minio.tile_upload,1,0.603801,1.362377
round_5,radar_isea4h,datasets[0].timings.units[1].workers[1],raster_worker,source.raster_open,1,0.001923,1.362377
round_5,radar_isea4h,datasets[0].timings.units[1].workers[1],raster_worker,entity.tile_checksum,1,0.00958,1.362377
round_5,radar_isea4h,datasets[0].timings.units[1].workers[1],raster_worker,grid.window_calculation,1,0.000289,1.362377
round_5,radar_isea4h,datasets[0].timings.units[1].workers[2],raster_worker,grid.cover,1,0.007759,1.539776
round_5,radar_isea4h,datasets[0].timings.units[1].workers[2],raster_worker,source.cache,1,0.000264,1.539776
round_5,radar_isea4h,datasets[0].timings.units[1].workers[2],raster_worker,grid.geometry,1,0.000777,1.539776
round_5,radar_isea4h,datasets[0].timings.units[1].workers[2],raster_worker,minio.tile_stat,1,0.007114,1.539776
round_5,radar_isea4h,datasets[0].timings.units[1].workers[2],raster_worker,source.checksum,1,0.030937,1.539776
round_5,radar_isea4h,datasets[0].timings.units[1].workers[2],raster_worker,source.download,1,0.0,1.539776
round_5,radar_isea4h,datasets[0].timings.units[1].workers[2],raster_worker,entity.tile_mask,1,0.223734,1.539776
round_5,radar_isea4h,datasets[0].timings.units[1].workers[2],raster_worker,entity.tile_write,1,0.342049,1.539776
round_5,radar_isea4h,datasets[0].timings.units[1].workers[2],raster_worker,minio.tile_upload,1,0.909014,1.539776
round_5,radar_isea4h,datasets[0].timings.units[1].workers[2],raster_worker,source.raster_open,1,0.001708,1.539776
round_5,radar_isea4h,datasets[0].timings.units[1].workers[2],raster_worker,entity.tile_checksum,1,0.014099,1.539776
round_5,radar_isea4h,datasets[0].timings.units[1].workers[2],raster_worker,grid.window_calculation,1,0.000234,1.539776
round_5,radar_isea4h,datasets[0].timings.units[1].workers[3],raster_worker,grid.cover,1,0.006052,1.550365
round_5,radar_isea4h,datasets[0].timings.units[1].workers[3],raster_worker,source.cache,1,0.000273,1.550365
round_5,radar_isea4h,datasets[0].timings.units[1].workers[3],raster_worker,grid.geometry,1,0.000759,1.550365
round_5,radar_isea4h,datasets[0].timings.units[1].workers[3],raster_worker,minio.tile_stat,1,0.045502,1.550365
round_5,radar_isea4h,datasets[0].timings.units[1].workers[3],raster_worker,source.checksum,1,0.048644,1.550365
round_5,radar_isea4h,datasets[0].timings.units[1].workers[3],raster_worker,source.download,1,0.0,1.550365
round_5,radar_isea4h,datasets[0].timings.units[1].workers[3],raster_worker,entity.tile_mask,1,0.233756,1.550365
round_5,radar_isea4h,datasets[0].timings.units[1].workers[3],raster_worker,entity.tile_write,1,0.368162,1.550365
round_5,radar_isea4h,datasets[0].timings.units[1].workers[3],raster_worker,minio.tile_upload,1,0.830665,1.550365
round_5,radar_isea4h,datasets[0].timings.units[1].workers[3],raster_worker,source.raster_open,1,0.001556,1.550365
round_5,radar_isea4h,datasets[0].timings.units[1].workers[3],raster_worker,entity.tile_checksum,1,0.012582,1.550365
round_5,radar_isea4h,datasets[0].timings.units[1].workers[3],raster_worker,grid.window_calculation,1,0.000217,1.550365
round_5,radar_isea4h,datasets[0].timings.units[1].workers[4],raster_worker,grid.cover,1,0.007552,1.688138
round_5,radar_isea4h,datasets[0].timings.units[1].workers[4],raster_worker,source.cache,1,0.000243,1.688138
round_5,radar_isea4h,datasets[0].timings.units[1].workers[4],raster_worker,grid.geometry,1,0.000801,1.688138
round_5,radar_isea4h,datasets[0].timings.units[1].workers[4],raster_worker,minio.tile_stat,1,0.005907,1.688138
round_5,radar_isea4h,datasets[0].timings.units[1].workers[4],raster_worker,source.checksum,1,0.061849,1.688138
round_5,radar_isea4h,datasets[0].timings.units[1].workers[4],raster_worker,source.download,1,0.0,1.688138
round_5,radar_isea4h,datasets[0].timings.units[1].workers[4],raster_worker,entity.tile_mask,1,0.2136,1.688138
round_5,radar_isea4h,datasets[0].timings.units[1].workers[4],raster_worker,entity.tile_write,1,0.351859,1.688138
round_5,radar_isea4h,datasets[0].timings.units[1].workers[4],raster_worker,minio.tile_upload,1,1.03285,1.688138
round_5,radar_isea4h,datasets[0].timings.units[1].workers[4],raster_worker,source.raster_open,1,0.001704,1.688138
round_5,radar_isea4h,datasets[0].timings.units[1].workers[4],raster_worker,entity.tile_checksum,1,0.009267,1.688138
round_5,radar_isea4h,datasets[0].timings.units[1].workers[4],raster_worker,grid.window_calculation,1,0.00023,1.688138
round_5,radar_isea4h,datasets[0].timings.units[1].workers[5],raster_worker,grid.cover,1,0.005086,1.689805
round_5,radar_isea4h,datasets[0].timings.units[1].workers[5],raster_worker,source.cache,1,0.000424,1.689805
round_5,radar_isea4h,datasets[0].timings.units[1].workers[5],raster_worker,grid.geometry,2,0.001773,1.689805
round_5,radar_isea4h,datasets[0].timings.units[1].workers[5],raster_worker,minio.tile_stat,2,0.012785,1.689805
round_5,radar_isea4h,datasets[0].timings.units[1].workers[5],raster_worker,source.checksum,1,0.056273,1.689805
round_5,radar_isea4h,datasets[0].timings.units[1].workers[5],raster_worker,source.download,1,0.0,1.689805
round_5,radar_isea4h,datasets[0].timings.units[1].workers[5],raster_worker,entity.tile_mask,2,0.297803,1.689805
round_5,radar_isea4h,datasets[0].timings.units[1].workers[5],raster_worker,entity.tile_write,2,0.716024,1.689805
round_5,radar_isea4h,datasets[0].timings.units[1].workers[5],raster_worker,minio.tile_upload,1,0.572171,1.689805
round_5,radar_isea4h,datasets[0].timings.units[1].workers[5],raster_worker,source.raster_open,1,0.001228,1.689805
round_5,radar_isea4h,datasets[0].timings.units[1].workers[5],raster_worker,entity.tile_checksum,2,0.022448,1.689805
round_5,radar_isea4h,datasets[0].timings.units[1].workers[5],raster_worker,grid.window_calculation,2,0.000439,1.689805
round_5,radar_isea4h,datasets[0].timings.units[1].workers[6],raster_worker,grid.cover,1,0.00947,1.82795
round_5,radar_isea4h,datasets[0].timings.units[1].workers[6],raster_worker,source.cache,1,0.000484,1.82795
round_5,radar_isea4h,datasets[0].timings.units[1].workers[6],raster_worker,grid.geometry,2,0.00239,1.82795
round_5,radar_isea4h,datasets[0].timings.units[1].workers[6],raster_worker,minio.tile_stat,2,0.053026,1.82795
round_5,radar_isea4h,datasets[0].timings.units[1].workers[6],raster_worker,source.checksum,1,0.08246,1.82795
round_5,radar_isea4h,datasets[0].timings.units[1].workers[6],raster_worker,source.download,1,0.0,1.82795
round_5,radar_isea4h,datasets[0].timings.units[1].workers[6],raster_worker,entity.tile_mask,2,0.327066,1.82795
round_5,radar_isea4h,datasets[0].timings.units[1].workers[6],raster_worker,entity.tile_write,2,0.7361,1.82795
round_5,radar_isea4h,datasets[0].timings.units[1].workers[6],raster_worker,minio.tile_upload,1,0.587071,1.82795
round_5,radar_isea4h,datasets[0].timings.units[1].workers[6],raster_worker,source.raster_open,1,0.002802,1.82795
round_5,radar_isea4h,datasets[0].timings.units[1].workers[6],raster_worker,entity.tile_checksum,2,0.021884,1.82795
round_5,radar_isea4h,datasets[0].timings.units[1].workers[6],raster_worker,grid.window_calculation,2,0.000595,1.82795
round_5,radar_isea4h,datasets[0].timings.units[1].workers[7],raster_worker,grid.cover,1,0.005743,1.922152
round_5,radar_isea4h,datasets[0].timings.units[1].workers[7],raster_worker,source.cache,1,0.000392,1.922152
round_5,radar_isea4h,datasets[0].timings.units[1].workers[7],raster_worker,grid.geometry,2,0.002024,1.922152
round_5,radar_isea4h,datasets[0].timings.units[1].workers[7],raster_worker,minio.tile_stat,2,0.042812,1.922152
round_5,radar_isea4h,datasets[0].timings.units[1].workers[7],raster_worker,source.checksum,1,0.068525,1.922152
round_5,radar_isea4h,datasets[0].timings.units[1].workers[7],raster_worker,source.download,1,0.0,1.922152
round_5,radar_isea4h,datasets[0].timings.units[1].workers[7],raster_worker,entity.tile_mask,2,0.325197,1.922152
round_5,radar_isea4h,datasets[0].timings.units[1].workers[7],raster_worker,entity.tile_write,2,0.720273,1.922152
round_5,radar_isea4h,datasets[0].timings.units[1].workers[7],raster_worker,minio.tile_upload,1,0.709419,1.922152
round_5,radar_isea4h,datasets[0].timings.units[1].workers[7],raster_worker,source.raster_open,1,0.001678,1.922152
round_5,radar_isea4h,datasets[0].timings.units[1].workers[7],raster_worker,entity.tile_checksum,2,0.041582,1.922152
round_5,radar_isea4h,datasets[0].timings.units[1].workers[7],raster_worker,grid.window_calculation,2,0.000544,1.922152
round_5,radar_isea4h,datasets[0].timings.units[1].workers[8],raster_worker,grid.cover,1,0.006572,1.970028
round_5,radar_isea4h,datasets[0].timings.units[1].workers[8],raster_worker,source.cache,1,0.000397,1.970028
round_5,radar_isea4h,datasets[0].timings.units[1].workers[8],raster_worker,grid.geometry,3,0.003194,1.970028
round_5,radar_isea4h,datasets[0].timings.units[1].workers[8],raster_worker,minio.tile_stat,3,0.012559,1.970028
round_5,radar_isea4h,datasets[0].timings.units[1].workers[8],raster_worker,source.checksum,1,0.022555,1.970028
round_5,radar_isea4h,datasets[0].timings.units[1].workers[8],raster_worker,source.download,1,0.0,1.970028
round_5,radar_isea4h,datasets[0].timings.units[1].workers[8],raster_worker,entity.tile_mask,3,0.344671,1.970028
round_5,radar_isea4h,datasets[0].timings.units[1].workers[8],raster_worker,entity.tile_write,3,0.859438,1.970028
round_5,radar_isea4h,datasets[0].timings.units[1].workers[8],raster_worker,minio.tile_upload,2,0.691197,1.970028
round_5,radar_isea4h,datasets[0].timings.units[1].workers[8],raster_worker,source.raster_open,1,0.001692,1.970028
round_5,radar_isea4h,datasets[0].timings.units[1].workers[8],raster_worker,entity.tile_checksum,3,0.021836,1.970028
round_5,radar_isea4h,datasets[0].timings.units[1].workers[8],raster_worker,grid.window_calculation,3,0.000789,1.970028
round_5,radar_isea4h,datasets[0].timings.units[1].workers[9],raster_worker,grid.cover,1,0.00539,2.079797
round_5,radar_isea4h,datasets[0].timings.units[1].workers[9],raster_worker,source.cache,1,0.00029,2.079797
round_5,radar_isea4h,datasets[0].timings.units[1].workers[9],raster_worker,grid.geometry,2,0.001848,2.079797
round_5,radar_isea4h,datasets[0].timings.units[1].workers[9],raster_worker,minio.tile_stat,2,0.016294,2.079797
round_5,radar_isea4h,datasets[0].timings.units[1].workers[9],raster_worker,source.checksum,1,0.030151,2.079797
round_5,radar_isea4h,datasets[0].timings.units[1].workers[9],raster_worker,source.download,1,0.0,2.079797
round_5,radar_isea4h,datasets[0].timings.units[1].workers[9],raster_worker,entity.tile_mask,2,0.329573,2.079797
round_5,radar_isea4h,datasets[0].timings.units[1].workers[9],raster_worker,entity.tile_write,2,0.709797,2.079797
round_5,radar_isea4h,datasets[0].timings.units[1].workers[9],raster_worker,minio.tile_upload,1,0.961952,2.079797
round_5,radar_isea4h,datasets[0].timings.units[1].workers[9],raster_worker,source.raster_open,1,0.001628,2.079797
round_5,radar_isea4h,datasets[0].timings.units[1].workers[9],raster_worker,entity.tile_checksum,2,0.018735,2.079797
round_5,radar_isea4h,datasets[0].timings.units[1].workers[9],raster_worker,grid.window_calculation,2,0.000541,2.079797
round_5,radar_isea4h,datasets[0].timings.units[1].workers[10],raster_worker,grid.cover,1,0.007125,2.145732
round_5,radar_isea4h,datasets[0].timings.units[1].workers[10],raster_worker,source.cache,1,0.000239,2.145732
round_5,radar_isea4h,datasets[0].timings.units[1].workers[10],raster_worker,grid.geometry,1,0.000734,2.145732
round_5,radar_isea4h,datasets[0].timings.units[1].workers[10],raster_worker,minio.tile_stat,1,0.006863,2.145732
round_5,radar_isea4h,datasets[0].timings.units[1].workers[10],raster_worker,source.checksum,1,0.071327,2.145732
round_5,radar_isea4h,datasets[0].timings.units[1].workers[10],raster_worker,source.download,1,0.0,2.145732
round_5,radar_isea4h,datasets[0].timings.units[1].workers[10],raster_worker,entity.tile_mask,1,0.217751,2.145732
round_5,radar_isea4h,datasets[0].timings.units[1].workers[10],raster_worker,entity.tile_write,1,0.349684,2.145732
round_5,radar_isea4h,datasets[0].timings.units[1].workers[10],raster_worker,minio.tile_upload,1,1.477083,2.145732
round_5,radar_isea4h,datasets[0].timings.units[1].workers[10],raster_worker,source.raster_open,1,0.001615,2.145732
round_5,radar_isea4h,datasets[0].timings.units[1].workers[10],raster_worker,entity.tile_checksum,1,0.011055,2.145732
round_5,radar_isea4h,datasets[0].timings.units[1].workers[10],raster_worker,grid.window_calculation,1,0.000215,2.145732
round_5,radar_isea4h,datasets[0].timings.units[1].workers[11],raster_worker,grid.cover,1,0.005178,2.298172
round_5,radar_isea4h,datasets[0].timings.units[1].workers[11],raster_worker,source.cache,1,0.00046,2.298172
round_5,radar_isea4h,datasets[0].timings.units[1].workers[11],raster_worker,grid.geometry,2,0.001884,2.298172
round_5,radar_isea4h,datasets[0].timings.units[1].workers[11],raster_worker,minio.tile_stat,2,0.046214,2.298172
round_5,radar_isea4h,datasets[0].timings.units[1].workers[11],raster_worker,source.checksum,1,0.067138,2.298172
round_5,radar_isea4h,datasets[0].timings.units[1].workers[11],raster_worker,source.download,1,0.0,2.298172
round_5,radar_isea4h,datasets[0].timings.units[1].workers[11],raster_worker,entity.tile_mask,2,0.327001,2.298172
round_5,radar_isea4h,datasets[0].timings.units[1].workers[11],raster_worker,entity.tile_write,2,0.734336,2.298172
round_5,radar_isea4h,datasets[0].timings.units[1].workers[11],raster_worker,minio.tile_upload,1,1.090052,2.298172
round_5,radar_isea4h,datasets[0].timings.units[1].workers[11],raster_worker,source.raster_open,1,0.001323,2.298172
round_5,radar_isea4h,datasets[0].timings.units[1].workers[11],raster_worker,entity.tile_checksum,2,0.020687,2.298172
round_5,radar_isea4h,datasets[0].timings.units[1].workers[11],raster_worker,grid.window_calculation,2,0.000497,2.298172
round_5,radar_isea4h,datasets[0].timings.units[1].workers[12],raster_worker,grid.cover,1,0.0099,2.593968
round_5,radar_isea4h,datasets[0].timings.units[1].workers[12],raster_worker,source.cache,1,0.000505,2.593968
round_5,radar_isea4h,datasets[0].timings.units[1].workers[12],raster_worker,grid.geometry,3,0.003504,2.593968
round_5,radar_isea4h,datasets[0].timings.units[1].workers[12],raster_worker,minio.tile_stat,3,0.022789,2.593968
round_5,radar_isea4h,datasets[0].timings.units[1].workers[12],raster_worker,source.checksum,1,0.027628,2.593968
round_5,radar_isea4h,datasets[0].timings.units[1].workers[12],raster_worker,source.download,1,0.0,2.593968
round_5,radar_isea4h,datasets[0].timings.units[1].workers[12],raster_worker,entity.tile_mask,3,0.360942,2.593968
round_5,radar_isea4h,datasets[0].timings.units[1].workers[12],raster_worker,entity.tile_write,3,0.870607,2.593968
round_5,radar_isea4h,datasets[0].timings.units[1].workers[12],raster_worker,minio.tile_upload,1,1.229415,2.593968
round_5,radar_isea4h,datasets[0].timings.units[1].workers[12],raster_worker,source.raster_open,1,0.001977,2.593968
round_5,radar_isea4h,datasets[0].timings.units[1].workers[12],raster_worker,entity.tile_checksum,3,0.060073,2.593968
round_5,radar_isea4h,datasets[0].timings.units[1].workers[12],raster_worker,grid.window_calculation,3,0.000781,2.593968
round_5,radar_isea4h,datasets[0].timings.units[1].workers[13],raster_worker,grid.cover,1,0.006445,2.628061
round_5,radar_isea4h,datasets[0].timings.units[1].workers[13],raster_worker,source.cache,1,0.000284,2.628061
round_5,radar_isea4h,datasets[0].timings.units[1].workers[13],raster_worker,grid.geometry,3,0.002923,2.628061
round_5,radar_isea4h,datasets[0].timings.units[1].workers[13],raster_worker,minio.tile_stat,3,0.044538,2.628061
round_5,radar_isea4h,datasets[0].timings.units[1].workers[13],raster_worker,source.checksum,1,0.063104,2.628061
round_5,radar_isea4h,datasets[0].timings.units[1].workers[13],raster_worker,source.download,1,0.0,2.628061
round_5,radar_isea4h,datasets[0].timings.units[1].workers[13],raster_worker,entity.tile_mask,3,0.327831,2.628061
round_5,radar_isea4h,datasets[0].timings.units[1].workers[13],raster_worker,entity.tile_write,3,0.881191,2.628061
round_5,radar_isea4h,datasets[0].timings.units[1].workers[13],raster_worker,minio.tile_upload,1,1.254197,2.628061
round_5,radar_isea4h,datasets[0].timings.units[1].workers[13],raster_worker,source.raster_open,1,0.001439,2.628061
round_5,radar_isea4h,datasets[0].timings.units[1].workers[13],raster_worker,entity.tile_checksum,3,0.040491,2.628061
round_5,radar_isea4h,datasets[0].timings.units[1].workers[13],raster_worker,grid.window_calculation,3,0.000736,2.628061
round_5,radar_isea4h,datasets[0].timings.units[1].workers[14],raster_worker,grid.cover,1,0.005926,2.969336
round_5,radar_isea4h,datasets[0].timings.units[1].workers[14],raster_worker,source.cache,1,0.00027,2.969336
round_5,radar_isea4h,datasets[0].timings.units[1].workers[14],raster_worker,grid.geometry,3,0.003137,2.969336
round_5,radar_isea4h,datasets[0].timings.units[1].workers[14],raster_worker,minio.tile_stat,3,0.016098,2.969336
round_5,radar_isea4h,datasets[0].timings.units[1].workers[14],raster_worker,source.checksum,1,0.054703,2.969336
round_5,radar_isea4h,datasets[0].timings.units[1].workers[14],raster_worker,source.download,1,0.0,2.969336
round_5,radar_isea4h,datasets[0].timings.units[1].workers[14],raster_worker,entity.tile_mask,3,0.336948,2.969336
round_5,radar_isea4h,datasets[0].timings.units[1].workers[14],raster_worker,entity.tile_write,3,0.841643,2.969336
round_5,radar_isea4h,datasets[0].timings.units[1].workers[14],raster_worker,minio.tile_upload,1,1.650213,2.969336
round_5,radar_isea4h,datasets[0].timings.units[1].workers[14],raster_worker,source.raster_open,1,0.001501,2.969336
round_5,radar_isea4h,datasets[0].timings.units[1].workers[14],raster_worker,entity.tile_checksum,3,0.052887,2.969336
round_5,radar_isea4h,datasets[0].timings.units[1].workers[14],raster_worker,grid.window_calculation,3,0.000794,2.969336
round_5,radar_isea4h,datasets[0].timings.units[1].workers[15],raster_worker,grid.cover,1,0.007367,3.085278
round_5,radar_isea4h,datasets[0].timings.units[1].workers[15],raster_worker,source.cache,1,0.000294,3.085278
round_5,radar_isea4h,datasets[0].timings.units[1].workers[15],raster_worker,grid.geometry,2,0.001932,3.085278
round_5,radar_isea4h,datasets[0].timings.units[1].workers[15],raster_worker,minio.tile_stat,2,0.011653,3.085278
round_5,radar_isea4h,datasets[0].timings.units[1].workers[15],raster_worker,source.checksum,1,0.03819,3.085278
round_5,radar_isea4h,datasets[0].timings.units[1].workers[15],raster_worker,source.download,1,0.0,3.085278
round_5,radar_isea4h,datasets[0].timings.units[1].workers[15],raster_worker,entity.tile_mask,2,0.328966,3.085278
round_5,radar_isea4h,datasets[0].timings.units[1].workers[15],raster_worker,entity.tile_write,2,0.712649,3.085278
round_5,radar_isea4h,datasets[0].timings.units[1].workers[15],raster_worker,minio.tile_upload,1,1.942591,3.085278
round_5,radar_isea4h,datasets[0].timings.units[1].workers[15],raster_worker,source.raster_open,1,0.001723,3.085278
round_5,radar_isea4h,datasets[0].timings.units[1].workers[15],raster_worker,entity.tile_checksum,2,0.03563,3.085278
round_5,radar_isea4h,datasets[0].timings.units[1].workers[15],raster_worker,grid.window_calculation,2,0.000515,3.085278
round_5,radar_isea4h,datasets[0].timings.units[1].source_preflight,source_preflight,minio.stat,1,0.007641,3.118563
round_5,radar_isea4h,datasets[0].timings.workflow,workflow_dataset,runner.execute,1,14.722634,14.760226
round_5,radar_isea4h,datasets[0].timings.workflow,workflow_dataset,opengauss.start_output,1,0.01113,14.760226
round_5,radar_isea4h,datasets[0].timings.workflow,workflow_dataset,opengauss.complete_output,1,0.025306,14.760226
round_5,product_geohash,timings.job_driver,ray_job_driver,workflow.run,1,1.972914,3.126253
round_5,product_geohash,timings.job_driver,ray_job_driver,driver.bootstrap,1,1.147606,3.126253
round_5,product_geohash,timings.job_driver,ray_job_driver,task.start_attempt,1,0.00499,3.126253
round_5,product_geohash,datasets[0].timings.units[0].driver,logical_batch_driver,ray.init,1,0.072449,1.545616
round_5,product_geohash,datasets[0].timings.units[0].driver,logical_batch_driver,ray.wait,2,1.425686,1.545616
round_5,product_geohash,datasets[0].timings.units[0].driver,logical_batch_driver,ray.result_get,1,0.000336,1.545616
round_5,product_geohash,datasets[0].timings.units[0].driver,logical_batch_driver,ray.task_submit,1,0.041742,1.545616
round_5,product_geohash,datasets[0].timings.units[0].driver,logical_batch_driver,ray.task_prepare,2,0.000278,1.545616
round_5,product_geohash,datasets[0].timings.units[0].driver,logical_batch_driver,driver.result_merge,1,6e-06,1.545616
round_5,product_geohash,datasets[0].timings.units[0].workers[0],logical_worker,grid.cover,4,0.009245,0.167236
round_5,product_geohash,datasets[0].timings.units[0].workers[0],logical_worker,grid.geometry,40,0.000324,0.167236
round_5,product_geohash,datasets[0].timings.units[0].workers[0],logical_worker,minio.chunk_stat,1,0.00689,0.167236
round_5,product_geohash,datasets[0].timings.units[0].workers[0],logical_worker,minio.chunk_upload,1,0.044565,0.167236
round_5,product_geohash,datasets[0].timings.units[0].workers[0],logical_worker,logical.row_generation,4,0.003047,0.167236
round_5,product_geohash,datasets[0].timings.units[0].workers[0],logical_worker,logical.chunk_serialize,1,0.003073,0.167236
round_5,product_geohash,datasets[0].timings.units[0].workers[0],logical_worker,opengauss.logical_stage,1,0.0999,0.167236
round_5,product_geohash,datasets[0].timings.units[0].source_preflight,source_preflight,minio.stat,1,0.156777,1.893956
round_5,product_geohash,datasets[0].timings.workflow,workflow_dataset,runner.execute,1,1.894657,1.972548
round_5,product_geohash,datasets[0].timings.workflow,workflow_dataset,opengauss.start_output,1,0.013419,1.972548
round_5,product_geohash,datasets[0].timings.workflow,workflow_dataset,opengauss.complete_output,1,0.014607,1.972548
round_5,product_geohash,datasets[0].timings.workflow,workflow_dataset,opengauss.record_output_chunks,1,0.004487,1.972548
round_5,product_geohash,datasets[0].timings.workflow,workflow_dataset,opengauss.verify_output_chunks,1,0.019717,1.972548
round_5,product_geohash,datasets[0].timings.workflow,workflow_dataset,opengauss.promote_logical_staging,1,0.023741,1.972548
round_5,product_mgrs,timings.job_driver,ray_job_driver,workflow.run,1,2.400281,2.564844
round_5,product_mgrs,timings.job_driver,ray_job_driver,driver.bootstrap,1,0.154061,2.564844
round_5,product_mgrs,timings.job_driver,ray_job_driver,task.start_attempt,1,0.009781,2.564844
round_5,product_mgrs,datasets[0].timings.units[0].driver,logical_batch_driver,ray.init,1,0.073988,1.891211
round_5,product_mgrs,datasets[0].timings.units[0].driver,logical_batch_driver,ray.wait,2,1.770524,1.891211
round_5,product_mgrs,datasets[0].timings.units[0].driver,logical_batch_driver,ray.result_get,1,0.000406,1.891211
round_5,product_mgrs,datasets[0].timings.units[0].driver,logical_batch_driver,ray.task_submit,1,0.040566,1.891211
round_5,product_mgrs,datasets[0].timings.units[0].driver,logical_batch_driver,ray.task_prepare,2,0.000477,1.891211
round_5,product_mgrs,datasets[0].timings.units[0].driver,logical_batch_driver,driver.result_merge,1,6e-06,1.891211
round_5,product_mgrs,datasets[0].timings.units[0].workers[0],logical_worker,grid.cover,4,0.252986,0.58613
round_5,product_mgrs,datasets[0].timings.units[0].workers[0],logical_worker,grid.geometry,238,0.038365,0.58613
round_5,product_mgrs,datasets[0].timings.units[0].workers[0],logical_worker,minio.chunk_stat,1,0.006212,0.58613
round_5,product_mgrs,datasets[0].timings.units[0].workers[0],logical_worker,minio.chunk_upload,1,0.039974,0.58613
round_5,product_mgrs,datasets[0].timings.units[0].workers[0],logical_worker,logical.row_generation,4,0.052218,0.58613
round_5,product_mgrs,datasets[0].timings.units[0].workers[0],logical_worker,logical.chunk_serialize,1,0.066637,0.58613
round_5,product_mgrs,datasets[0].timings.units[0].workers[0],logical_worker,opengauss.logical_stage,1,0.165122,0.58613
round_5,product_mgrs,datasets[0].timings.units[0].source_preflight,source_preflight,minio.stat,1,0.16126,2.245654
round_5,product_mgrs,datasets[0].timings.workflow,workflow_dataset,runner.execute,1,2.246317,2.399931
round_5,product_mgrs,datasets[0].timings.workflow,workflow_dataset,opengauss.start_output,1,0.009953,2.399931
round_5,product_mgrs,datasets[0].timings.workflow,workflow_dataset,opengauss.complete_output,1,0.017335,2.399931
round_5,product_mgrs,datasets[0].timings.workflow,workflow_dataset,opengauss.record_output_chunks,1,0.004779,2.399931
round_5,product_mgrs,datasets[0].timings.workflow,workflow_dataset,opengauss.verify_output_chunks,1,0.032121,2.399931
round_5,product_mgrs,datasets[0].timings.workflow,workflow_dataset,opengauss.promote_logical_staging,1,0.087466,2.399931
round_5,product_isea4h,timings.job_driver,ray_job_driver,workflow.run,1,11.127584,11.673906
round_5,product_isea4h,timings.job_driver,ray_job_driver,driver.bootstrap,1,0.285803,11.673906
round_5,product_isea4h,timings.job_driver,ray_job_driver,task.start_attempt,1,0.259731,11.673906
round_5,product_isea4h,datasets[0].timings.units[0].driver,raster_driver,ray.init,1,0.074076,10.728626
round_5,product_isea4h,datasets[0].timings.units[0].driver,raster_driver,ray.wait,23,10.554035,10.728626
round_5,product_isea4h,datasets[0].timings.units[0].driver,raster_driver,ray.result_get,16,0.00475,10.728626
round_5,product_isea4h,datasets[0].timings.units[0].driver,raster_driver,ray.task_submit,16,0.053624,10.728626
round_5,product_isea4h,datasets[0].timings.units[0].driver,raster_driver,driver.result_merge,16,0.000119,10.728626
round_5,product_isea4h,datasets[0].timings.units[0].workers[0],raster_worker,grid.cover,1,4.708999,5.32035
round_5,product_isea4h,datasets[0].timings.units[0].workers[0],raster_worker,source.cache,1,0.000258,5.32035
round_5,product_isea4h,datasets[0].timings.units[0].workers[0],raster_worker,grid.geometry,1,0.000842,5.32035
round_5,product_isea4h,datasets[0].timings.units[0].workers[0],raster_worker,minio.tile_stat,1,0.149315,5.32035
round_5,product_isea4h,datasets[0].timings.units[0].workers[0],raster_worker,source.checksum,1,0.004793,5.32035
round_5,product_isea4h,datasets[0].timings.units[0].workers[0],raster_worker,source.download,1,0.0,5.32035
round_5,product_isea4h,datasets[0].timings.units[0].workers[0],raster_worker,entity.tile_mask,1,0.129709,5.32035
round_5,product_isea4h,datasets[0].timings.units[0].workers[0],raster_worker,entity.tile_write,1,0.296207,5.32035
round_5,product_isea4h,datasets[0].timings.units[0].workers[0],raster_worker,source.raster_open,1,0.018279,5.32035
round_5,product_isea4h,datasets[0].timings.units[0].workers[0],raster_worker,entity.tile_checksum,1,0.007877,5.32035
round_5,product_isea4h,datasets[0].timings.units[0].workers[0],raster_worker,grid.window_calculation,1,0.000361,5.32035
round_5,product_isea4h,datasets[0].timings.units[0].workers[1],raster_worker,grid.cover,1,4.575483,5.895321
round_5,product_isea4h,datasets[0].timings.units[0].workers[1],raster_worker,source.cache,1,0.000235,5.895321
round_5,product_isea4h,datasets[0].timings.units[0].workers[1],raster_worker,grid.geometry,2,0.001835,5.895321
round_5,product_isea4h,datasets[0].timings.units[0].workers[1],raster_worker,minio.tile_stat,2,0.012901,5.895321
round_5,product_isea4h,datasets[0].timings.units[0].workers[1],raster_worker,source.checksum,1,0.004446,5.895321
round_5,product_isea4h,datasets[0].timings.units[0].workers[1],raster_worker,source.download,1,0.0,5.895321
round_5,product_isea4h,datasets[0].timings.units[0].workers[1],raster_worker,entity.tile_mask,2,0.270888,5.895321
round_5,product_isea4h,datasets[0].timings.units[0].workers[1],raster_worker,entity.tile_write,2,0.759604,5.895321
round_5,product_isea4h,datasets[0].timings.units[0].workers[1],raster_worker,minio.tile_upload,1,0.22602,5.895321
round_5,product_isea4h,datasets[0].timings.units[0].workers[1],raster_worker,source.raster_open,1,0.017824,5.895321
round_5,product_isea4h,datasets[0].timings.units[0].workers[1],raster_worker,entity.tile_checksum,2,0.020611,5.895321
round_5,product_isea4h,datasets[0].timings.units[0].workers[1],raster_worker,grid.window_calculation,2,0.00057,5.895321
round_5,product_isea4h,datasets[0].timings.units[0].workers[2],raster_worker,grid.cover,1,4.665599,5.966191
round_5,product_isea4h,datasets[0].timings.units[0].workers[2],raster_worker,source.cache,1,0.000236,5.966191
round_5,product_isea4h,datasets[0].timings.units[0].workers[2],raster_worker,grid.geometry,3,0.002878,5.966191
round_5,product_isea4h,datasets[0].timings.units[0].workers[2],raster_worker,minio.tile_stat,3,0.063077,5.966191
round_5,product_isea4h,datasets[0].timings.units[0].workers[2],raster_worker,source.checksum,1,0.004652,5.966191
round_5,product_isea4h,datasets[0].timings.units[0].workers[2],raster_worker,source.download,1,0.0,5.966191
round_5,product_isea4h,datasets[0].timings.units[0].workers[2],raster_worker,entity.tile_mask,3,0.283874,5.966191
round_5,product_isea4h,datasets[0].timings.units[0].workers[2],raster_worker,entity.tile_write,3,0.848929,5.966191
round_5,product_isea4h,datasets[0].timings.units[0].workers[2],raster_worker,minio.tile_upload,1,0.049718,5.966191
round_5,product_isea4h,datasets[0].timings.units[0].workers[2],raster_worker,source.raster_open,1,0.018126,5.966191
round_5,product_isea4h,datasets[0].timings.units[0].workers[2],raster_worker,entity.tile_checksum,3,0.021768,5.966191
round_5,product_isea4h,datasets[0].timings.units[0].workers[2],raster_worker,grid.window_calculation,3,0.000812,5.966191
round_5,product_isea4h,datasets[0].timings.units[0].workers[3],raster_worker,grid.cover,1,4.58086,6.087206
round_5,product_isea4h,datasets[0].timings.units[0].workers[3],raster_worker,source.cache,1,0.000246,6.087206
round_5,product_isea4h,datasets[0].timings.units[0].workers[3],raster_worker,grid.geometry,2,0.001903,6.087206
round_5,product_isea4h,datasets[0].timings.units[0].workers[3],raster_worker,minio.tile_stat,2,0.012069,6.087206
round_5,product_isea4h,datasets[0].timings.units[0].workers[3],raster_worker,source.checksum,1,0.004687,6.087206
round_5,product_isea4h,datasets[0].timings.units[0].workers[3],raster_worker,source.download,1,0.0,6.087206
round_5,product_isea4h,datasets[0].timings.units[0].workers[3],raster_worker,entity.tile_mask,2,0.275879,6.087206
round_5,product_isea4h,datasets[0].timings.units[0].workers[3],raster_worker,entity.tile_write,2,0.775411,6.087206
round_5,product_isea4h,datasets[0].timings.units[0].workers[3],raster_worker,minio.tile_upload,1,0.391635,6.087206
round_5,product_isea4h,datasets[0].timings.units[0].workers[3],raster_worker,source.raster_open,1,0.018226,6.087206
round_5,product_isea4h,datasets[0].timings.units[0].workers[3],raster_worker,entity.tile_checksum,2,0.020771,6.087206
round_5,product_isea4h,datasets[0].timings.units[0].workers[3],raster_worker,grid.window_calculation,2,0.000582,6.087206
round_5,product_isea4h,datasets[0].timings.units[0].workers[4],raster_worker,grid.cover,1,4.575854,7.440785
round_5,product_isea4h,datasets[0].timings.units[0].workers[4],raster_worker,source.cache,1,0.00026,7.440785
round_5,product_isea4h,datasets[0].timings.units[0].workers[4],raster_worker,grid.geometry,2,0.00179,7.440785
round_5,product_isea4h,datasets[0].timings.units[0].workers[4],raster_worker,minio.tile_stat,2,0.016131,7.440785
round_5,product_isea4h,datasets[0].timings.units[0].workers[4],raster_worker,source.checksum,1,0.004625,7.440785
round_5,product_isea4h,datasets[0].timings.units[0].workers[4],raster_worker,source.download,1,0.0,7.440785
round_5,product_isea4h,datasets[0].timings.units[0].workers[4],raster_worker,entity.tile_mask,2,0.259197,7.440785
round_5,product_isea4h,datasets[0].timings.units[0].workers[4],raster_worker,entity.tile_write,2,0.692301,7.440785
round_5,product_isea4h,datasets[0].timings.units[0].workers[4],raster_worker,minio.tile_upload,2,1.844136,7.440785
round_5,product_isea4h,datasets[0].timings.units[0].workers[4],raster_worker,source.raster_open,1,0.021621,7.440785
round_5,product_isea4h,datasets[0].timings.units[0].workers[4],raster_worker,entity.tile_checksum,2,0.019673,7.440785
round_5,product_isea4h,datasets[0].timings.units[0].workers[4],raster_worker,grid.window_calculation,2,0.000541,7.440785
round_5,product_isea4h,datasets[0].timings.units[0].workers[5],raster_worker,grid.cover,1,4.765899,7.448978
round_5,product_isea4h,datasets[0].timings.units[0].workers[5],raster_worker,source.cache,1,0.000253,7.448978
round_5,product_isea4h,datasets[0].timings.units[0].workers[5],raster_worker,grid.geometry,3,0.003126,7.448978
round_5,product_isea4h,datasets[0].timings.units[0].workers[5],raster_worker,minio.tile_stat,3,1.031352,7.448978
round_5,product_isea4h,datasets[0].timings.units[0].workers[5],raster_worker,source.checksum,1,0.004488,7.448978
round_5,product_isea4h,datasets[0].timings.units[0].workers[5],raster_worker,source.download,1,0.0,7.448978
round_5,product_isea4h,datasets[0].timings.units[0].workers[5],raster_worker,entity.tile_mask,3,0.404254,7.448978
round_5,product_isea4h,datasets[0].timings.units[0].workers[5],raster_worker,entity.tile_write,3,1.181006,7.448978
round_5,product_isea4h,datasets[0].timings.units[0].workers[5],raster_worker,source.raster_open,1,0.018204,7.448978
round_5,product_isea4h,datasets[0].timings.units[0].workers[5],raster_worker,entity.tile_checksum,3,0.032472,7.448978
round_5,product_isea4h,datasets[0].timings.units[0].workers[5],raster_worker,grid.window_calculation,3,0.000948,7.448978
round_5,product_isea4h,datasets[0].timings.units[0].workers[6],raster_worker,grid.cover,1,4.725503,7.49824
round_5,product_isea4h,datasets[0].timings.units[0].workers[6],raster_worker,source.cache,1,0.000248,7.49824
round_5,product_isea4h,datasets[0].timings.units[0].workers[6],raster_worker,grid.geometry,1,0.000812,7.49824
round_5,product_isea4h,datasets[0].timings.units[0].workers[6],raster_worker,minio.tile_stat,1,0.005805,7.49824
round_5,product_isea4h,datasets[0].timings.units[0].workers[6],raster_worker,source.checksum,1,0.004501,7.49824
round_5,product_isea4h,datasets[0].timings.units[0].workers[6],raster_worker,source.download,1,0.0,7.49824
round_5,product_isea4h,datasets[0].timings.units[0].workers[6],raster_worker,entity.tile_mask,1,0.193889,7.49824
round_5,product_isea4h,datasets[0].timings.units[0].workers[6],raster_worker,entity.tile_write,1,0.454429,7.49824
round_5,product_isea4h,datasets[0].timings.units[0].workers[6],raster_worker,minio.tile_upload,1,2.075518,7.49824
round_5,product_isea4h,datasets[0].timings.units[0].workers[6],raster_worker,source.raster_open,1,0.017709,7.49824
round_5,product_isea4h,datasets[0].timings.units[0].workers[6],raster_worker,entity.tile_checksum,1,0.015996,7.49824
round_5,product_isea4h,datasets[0].timings.units[0].workers[6],raster_worker,grid.window_calculation,1,0.000328,7.49824
round_5,product_isea4h,datasets[0].timings.units[0].workers[7],raster_worker,grid.cover,1,4.574908,6.833787
round_5,product_isea4h,datasets[0].timings.units[0].workers[7],raster_worker,source.cache,1,0.00026,6.833787
round_5,product_isea4h,datasets[0].timings.units[0].workers[7],raster_worker,grid.geometry,1,0.000838,6.833787
round_5,product_isea4h,datasets[0].timings.units[0].workers[7],raster_worker,minio.tile_stat,1,1.638285,6.833787
round_5,product_isea4h,datasets[0].timings.units[0].workers[7],raster_worker,source.checksum,1,0.004528,6.833787
round_5,product_isea4h,datasets[0].timings.units[0].workers[7],raster_worker,source.download,1,0.0,6.833787
round_5,product_isea4h,datasets[0].timings.units[0].workers[7],raster_worker,entity.tile_mask,1,0.162936,6.833787
round_5,product_isea4h,datasets[0].timings.units[0].workers[7],raster_worker,entity.tile_write,1,0.417347,6.833787
round_5,product_isea4h,datasets[0].timings.units[0].workers[7],raster_worker,source.raster_open,1,0.018924,6.833787
round_5,product_isea4h,datasets[0].timings.units[0].workers[7],raster_worker,entity.tile_checksum,1,0.011818,6.833787
round_5,product_isea4h,datasets[0].timings.units[0].workers[7],raster_worker,grid.window_calculation,1,0.000357,6.833787
round_5,product_isea4h,datasets[0].timings.units[0].workers[8],raster_worker,grid.cover,1,4.754955,7.716536
round_5,product_isea4h,datasets[0].timings.units[0].workers[8],raster_worker,source.cache,1,0.000231,7.716536
round_5,product_isea4h,datasets[0].timings.units[0].workers[8],raster_worker,grid.geometry,2,0.001966,7.716536
round_5,product_isea4h,datasets[0].timings.units[0].workers[8],raster_worker,minio.tile_stat,2,0.061037,7.716536
round_5,product_isea4h,datasets[0].timings.units[0].workers[8],raster_worker,source.checksum,1,0.004753,7.716536
round_5,product_isea4h,datasets[0].timings.units[0].workers[8],raster_worker,source.download,1,0.0,7.716536
round_5,product_isea4h,datasets[0].timings.units[0].workers[8],raster_worker,entity.tile_mask,2,0.199428,7.716536
round_5,product_isea4h,datasets[0].timings.units[0].workers[8],raster_worker,entity.tile_write,2,0.489605,7.716536
round_5,product_isea4h,datasets[0].timings.units[0].workers[8],raster_worker,minio.tile_upload,1,2.165512,7.716536
round_5,product_isea4h,datasets[0].timings.units[0].workers[8],raster_worker,source.raster_open,1,0.020165,7.716536
round_5,product_isea4h,datasets[0].timings.units[0].workers[8],raster_worker,entity.tile_checksum,2,0.013064,7.716536
round_5,product_isea4h,datasets[0].timings.units[0].workers[8],raster_worker,grid.window_calculation,2,0.000641,7.716536
round_5,product_isea4h,datasets[0].timings.units[0].workers[9],raster_worker,grid.cover,1,4.6249,6.861543
round_5,product_isea4h,datasets[0].timings.units[0].workers[9],raster_worker,source.cache,1,0.000258,6.861543
round_5,product_isea4h,datasets[0].timings.units[0].workers[9],raster_worker,grid.geometry,2,0.002055,6.861543
round_5,product_isea4h,datasets[0].timings.units[0].workers[9],raster_worker,minio.tile_stat,2,1.315957,6.861543
round_5,product_isea4h,datasets[0].timings.units[0].workers[9],raster_worker,source.checksum,1,0.004445,6.861543
round_5,product_isea4h,datasets[0].timings.units[0].workers[9],raster_worker,source.download,1,0.0,6.861543
round_5,product_isea4h,datasets[0].timings.units[0].workers[9],raster_worker,entity.tile_mask,2,0.229951,6.861543
round_5,product_isea4h,datasets[0].timings.units[0].workers[9],raster_worker,entity.tile_write,2,0.591375,6.861543
round_5,product_isea4h,datasets[0].timings.units[0].workers[9],raster_worker,minio.tile_upload,1,0.0542,6.861543
round_5,product_isea4h,datasets[0].timings.units[0].workers[9],raster_worker,source.raster_open,1,0.017514,6.861543
round_5,product_isea4h,datasets[0].timings.units[0].workers[9],raster_worker,entity.tile_checksum,2,0.015222,6.861543
round_5,product_isea4h,datasets[0].timings.units[0].workers[9],raster_worker,grid.window_calculation,2,0.000649,6.861543
round_5,product_isea4h,datasets[0].timings.units[0].workers[10],raster_worker,grid.cover,1,4.776352,7.640953
round_5,product_isea4h,datasets[0].timings.units[0].workers[10],raster_worker,source.cache,1,0.000263,7.640953
round_5,product_isea4h,datasets[0].timings.units[0].workers[10],raster_worker,grid.geometry,2,0.002026,7.640953
round_5,product_isea4h,datasets[0].timings.units[0].workers[10],raster_worker,minio.tile_stat,2,1.525153,7.640953
round_5,product_isea4h,datasets[0].timings.units[0].workers[10],raster_worker,source.checksum,1,0.00485,7.640953
round_5,product_isea4h,datasets[0].timings.units[0].workers[10],raster_worker,source.download,1,0.0,7.640953
round_5,product_isea4h,datasets[0].timings.units[0].workers[10],raster_worker,entity.tile_mask,2,0.349596,7.640953
round_5,product_isea4h,datasets[0].timings.units[0].workers[10],raster_worker,entity.tile_write,2,0.915035,7.640953
round_5,product_isea4h,datasets[0].timings.units[0].workers[10],raster_worker,source.raster_open,1,0.019246,7.640953
round_5,product_isea4h,datasets[0].timings.units[0].workers[10],raster_worker,entity.tile_checksum,2,0.042459,7.640953
round_5,product_isea4h,datasets[0].timings.units[0].workers[10],raster_worker,grid.window_calculation,2,0.000654,7.640953
round_5,product_isea4h,datasets[0].timings.units[0].workers[11],raster_worker,grid.cover,1,4.873929,7.778707
round_5,product_isea4h,datasets[0].timings.units[0].workers[11],raster_worker,source.cache,1,0.000246,7.778707
round_5,product_isea4h,datasets[0].timings.units[0].workers[11],raster_worker,grid.geometry,1,0.000937,7.778707
round_5,product_isea4h,datasets[0].timings.units[0].workers[11],raster_worker,minio.tile_stat,1,2.104647,7.778707
round_5,product_isea4h,datasets[0].timings.units[0].workers[11],raster_worker,source.checksum,1,0.004563,7.778707
round_5,product_isea4h,datasets[0].timings.units[0].workers[11],raster_worker,source.download,1,0.0,7.778707
round_5,product_isea4h,datasets[0].timings.units[0].workers[11],raster_worker,entity.tile_mask,1,0.23139,7.778707
round_5,product_isea4h,datasets[0].timings.units[0].workers[11],raster_worker,entity.tile_write,1,0.502777,7.778707
round_5,product_isea4h,datasets[0].timings.units[0].workers[11],raster_worker,source.raster_open,1,0.028146,7.778707
round_5,product_isea4h,datasets[0].timings.units[0].workers[11],raster_worker,entity.tile_checksum,1,0.012776,7.778707
round_5,product_isea4h,datasets[0].timings.units[0].workers[11],raster_worker,grid.window_calculation,1,0.000357,7.778707
round_5,product_isea4h,datasets[0].timings.units[0].workers[12],raster_worker,grid.cover,1,4.585504,7.094661
round_5,product_isea4h,datasets[0].timings.units[0].workers[12],raster_worker,source.cache,1,0.000234,7.094661
round_5,product_isea4h,datasets[0].timings.units[0].workers[12],raster_worker,grid.geometry,1,0.000837,7.094661
round_5,product_isea4h,datasets[0].timings.units[0].workers[12],raster_worker,minio.tile_stat,1,1.883751,7.094661
round_5,product_isea4h,datasets[0].timings.units[0].workers[12],raster_worker,source.checksum,1,0.004778,7.094661
round_5,product_isea4h,datasets[0].timings.units[0].workers[12],raster_worker,source.download,1,0.0,7.094661
round_5,product_isea4h,datasets[0].timings.units[0].workers[12],raster_worker,entity.tile_mask,1,0.163181,7.094661
round_5,product_isea4h,datasets[0].timings.units[0].workers[12],raster_worker,entity.tile_write,1,0.422525,7.094661
round_5,product_isea4h,datasets[0].timings.units[0].workers[12],raster_worker,source.raster_open,1,0.017565,7.094661
round_5,product_isea4h,datasets[0].timings.units[0].workers[12],raster_worker,entity.tile_checksum,1,0.012171,7.094661
round_5,product_isea4h,datasets[0].timings.units[0].workers[12],raster_worker,grid.window_calculation,1,0.000373,7.094661
round_5,product_isea4h,datasets[0].timings.units[0].workers[13],raster_worker,grid.cover,1,4.791228,7.160494
round_5,product_isea4h,datasets[0].timings.units[0].workers[13],raster_worker,source.cache,1,0.000229,7.160494
round_5,product_isea4h,datasets[0].timings.units[0].workers[13],raster_worker,grid.geometry,1,0.000939,7.160494
round_5,product_isea4h,datasets[0].timings.units[0].workers[13],raster_worker,minio.tile_stat,1,1.711051,7.160494
round_5,product_isea4h,datasets[0].timings.units[0].workers[13],raster_worker,source.checksum,1,0.004725,7.160494
round_5,product_isea4h,datasets[0].timings.units[0].workers[13],raster_worker,source.download,1,0.0,7.160494
round_5,product_isea4h,datasets[0].timings.units[0].workers[13],raster_worker,entity.tile_mask,1,0.182397,7.160494
round_5,product_isea4h,datasets[0].timings.units[0].workers[13],raster_worker,entity.tile_write,1,0.436344,7.160494
round_5,product_isea4h,datasets[0].timings.units[0].workers[13],raster_worker,source.raster_open,1,0.017757,7.160494
round_5,product_isea4h,datasets[0].timings.units[0].workers[13],raster_worker,entity.tile_checksum,1,0.011756,7.160494
round_5,product_isea4h,datasets[0].timings.units[0].workers[13],raster_worker,grid.window_calculation,1,0.000385,7.160494
round_5,product_isea4h,datasets[0].timings.units[0].workers[14],raster_worker,grid.cover,1,4.609242,7.345456
round_5,product_isea4h,datasets[0].timings.units[0].workers[14],raster_worker,source.cache,1,0.000221,7.345456
round_5,product_isea4h,datasets[0].timings.units[0].workers[14],raster_worker,grid.geometry,2,0.001795,7.345456
round_5,product_isea4h,datasets[0].timings.units[0].workers[14],raster_worker,minio.tile_stat,2,1.473972,7.345456
round_5,product_isea4h,datasets[0].timings.units[0].workers[14],raster_worker,source.checksum,1,0.004843,7.345456
round_5,product_isea4h,datasets[0].timings.units[0].workers[14],raster_worker,source.download,1,0.0,7.345456
round_5,product_isea4h,datasets[0].timings.units[0].workers[14],raster_worker,entity.tile_mask,2,0.316621,7.345456
round_5,product_isea4h,datasets[0].timings.units[0].workers[14],raster_worker,entity.tile_write,2,0.883802,7.345456
round_5,product_isea4h,datasets[0].timings.units[0].workers[14],raster_worker,source.raster_open,1,0.017892,7.345456
round_5,product_isea4h,datasets[0].timings.units[0].workers[14],raster_worker,entity.tile_checksum,2,0.031388,7.345456
round_5,product_isea4h,datasets[0].timings.units[0].workers[14],raster_worker,grid.window_calculation,2,0.000618,7.345456
round_5,product_isea4h,datasets[0].timings.units[0].workers[15],raster_worker,grid.cover,1,4.842039,8.186599
round_5,product_isea4h,datasets[0].timings.units[0].workers[15],raster_worker,source.cache,1,0.000279,8.186599
round_5,product_isea4h,datasets[0].timings.units[0].workers[15],raster_worker,grid.geometry,3,0.003077,8.186599
round_5,product_isea4h,datasets[0].timings.units[0].workers[15],raster_worker,minio.tile_stat,3,1.898029,8.186599
round_5,product_isea4h,datasets[0].timings.units[0].workers[15],raster_worker,source.checksum,1,0.004806,8.186599
round_5,product_isea4h,datasets[0].timings.units[0].workers[15],raster_worker,source.download,1,0.0,8.186599
round_5,product_isea4h,datasets[0].timings.units[0].workers[15],raster_worker,entity.tile_mask,3,0.354096,8.186599
round_5,product_isea4h,datasets[0].timings.units[0].workers[15],raster_worker,entity.tile_write,3,1.017089,8.186599
round_5,product_isea4h,datasets[0].timings.units[0].workers[15],raster_worker,source.raster_open,1,0.018391,8.186599
round_5,product_isea4h,datasets[0].timings.units[0].workers[15],raster_worker,entity.tile_checksum,3,0.040589,8.186599
round_5,product_isea4h,datasets[0].timings.units[0].workers[15],raster_worker,grid.window_calculation,3,0.000834,8.186599
round_5,product_isea4h,datasets[0].timings.units[0].source_preflight,source_preflight,minio.stat,1,0.164599,11.089386
round_5,product_isea4h,datasets[0].timings.workflow,workflow_dataset,runner.execute,1,11.090109,11.127231
round_5,product_isea4h,datasets[0].timings.workflow,workflow_dataset,opengauss.start_output,1,0.010109,11.127231
round_5,product_isea4h,datasets[0].timings.workflow,workflow_dataset,opengauss.complete_output,1,0.02571,11.127231
round_5,carbon_isea4h,timings.job_driver,ray_job_driver,workflow.run,1,2.186006,2.32981
round_5,carbon_isea4h,timings.job_driver,ray_job_driver,driver.bootstrap,1,0.13972,2.32981
round_5,carbon_isea4h,timings.job_driver,ray_job_driver,task.start_attempt,1,0.003346,2.32981
round_5,carbon_isea4h,datasets[0].timings.units[0].driver,carbon_driver,ray.init,1,0.076602,1.795274
round_5,carbon_isea4h,datasets[0].timings.units[0].driver,carbon_driver,ray.wait_get,1,1.674163,1.795274
round_5,carbon_isea4h,datasets[0].timings.units[0].driver,carbon_driver,ray.task_submit,1,0.044388,1.795274
round_5,carbon_isea4h,datasets[0].timings.units[0].driver,carbon_driver,driver.result_merge,1,2e-06,1.795274
round_5,carbon_isea4h,datasets[0].timings.units[0].workers[0],carbon_worker,grid.locate,1,0.00138,0.170972
round_5,carbon_isea4h,datasets[0].timings.units[0].workers[0],carbon_worker,source.cache,1,0.000259,0.170972
round_5,carbon_isea4h,datasets[0].timings.units[0].workers[0],carbon_worker,grid.geometry,1,0.00067,0.170972
round_5,carbon_isea4h,datasets[0].timings.units[0].workers[0],carbon_worker,source.checksum,1,0.05491,0.170972
round_5,carbon_isea4h,datasets[0].timings.units[0].workers[0],carbon_worker,source.download,1,0.0,0.170972
round_5,carbon_isea4h,datasets[0].timings.units[0].workers[0],carbon_worker,carbon.observation_load,1,0.109483,0.170972
round_5,carbon_isea4h,datasets[0].timings.units[0].workers[0],carbon_worker,carbon.measurement_partition,1,0.000113,0.170972
round_5,carbon_isea4h,datasets[0].timings.units[0].workers[0],carbon_worker,carbon.partition_observation,1,0.003731,0.170972
round_5,carbon_isea4h,datasets[0].timings.units[0].source_preflight,source_preflight,minio.stat,1,0.153764,2.144573
round_5,carbon_isea4h,datasets[0].timings.workflow,workflow_dataset,runner.execute,1,2.145272,2.185678
round_5,carbon_isea4h,datasets[0].timings.workflow,workflow_dataset,opengauss.start_output,1,0.010375,2.185678
round_5,carbon_isea4h,datasets[0].timings.workflow,workflow_dataset,opengauss.complete_output,1,0.028292,2.185678
