round,case_id,path,scope,phase,phase_count,elapsed_sec,scope_elapsed_sec
1,optical_isea4h,timings.job_driver,ray_job_driver,workflow.run,1,9.006208,9.157887
1,optical_isea4h,timings.job_driver,ray_job_driver,driver.bootstrap,1,0.146647,9.157887
1,optical_isea4h,timings.job_driver,ray_job_driver,task.start_attempt,1,0.00423,9.157887
1,optical_isea4h,datasets[0].timings.units[0].driver,raster_driver,grid.cover,1,0.067711,8.605979
1,optical_isea4h,datasets[0].timings.units[0].workers[0],raster_worker,source.cache,1,0.000235,0.471792
1,optical_isea4h,datasets[0].timings.units[0].workers[0],raster_worker,grid.geometry,1,0.020433,0.471792
1,optical_isea4h,datasets[0].timings.units[0].workers[0],raster_worker,minio.tile_stat,1,0.00835,0.471792
1,optical_isea4h,datasets[0].timings.units[0].workers[0],raster_worker,source.checksum,1,0.051733,0.471792
1,optical_isea4h,datasets[0].timings.units[0].workers[0],raster_worker,source.download,1,0.0,0.471792
1,optical_isea4h,datasets[0].timings.units[0].workers[0],raster_worker,entity.tile_mask,1,0.190531,0.471792
1,optical_isea4h,datasets[0].timings.units[0].workers[0],raster_worker,entity.tile_write,1,0.128215,0.471792
1,optical_isea4h,datasets[0].timings.units[0].workers[0],raster_worker,minio.tile_upload,1,0.060231,0.471792
1,optical_isea4h,datasets[0].timings.units[0].workers[0],raster_worker,source.raster_open,1,0.010114,0.471792
1,optical_isea4h,datasets[0].timings.units[0].workers[0],raster_worker,entity.tile_checksum,1,0.000255,0.471792
1,optical_isea4h,datasets[0].timings.units[0].workers[0],raster_worker,grid.window_calculation,1,0.000364,0.471792
1,optical_isea4h,datasets[0].timings.units[0].workers[1],raster_worker,source.cache,1,0.000229,0.413047
1,optical_isea4h,datasets[0].timings.units[0].workers[1],raster_worker,grid.geometry,1,0.019847,0.413047
1,optical_isea4h,datasets[0].timings.units[0].workers[1],raster_worker,minio.tile_stat,1,0.007769,0.413047
1,optical_isea4h,datasets[0].timings.units[0].workers[1],raster_worker,source.checksum,1,0.052542,0.413047
1,optical_isea4h,datasets[0].timings.units[0].workers[1],raster_worker,source.download,1,0.0,0.413047
1,optical_isea4h,datasets[0].timings.units[0].workers[1],raster_worker,entity.tile_mask,1,0.179185,0.413047
1,optical_isea4h,datasets[0].timings.units[0].workers[1],raster_worker,entity.tile_write,1,0.118973,0.413047
1,optical_isea4h,datasets[0].timings.units[0].workers[1],raster_worker,minio.tile_upload,1,0.023033,0.413047
1,optical_isea4h,datasets[0].timings.units[0].workers[1],raster_worker,source.raster_open,1,0.009865,0.413047
1,optical_isea4h,datasets[0].timings.units[0].workers[1],raster_worker,entity.tile_checksum,1,3.3e-05,0.413047
1,optical_isea4h,datasets[0].timings.units[0].workers[1],raster_worker,grid.window_calculation,1,0.000339,0.413047
1,optical_isea4h,datasets[0].timings.units[0].workers[2],raster_worker,source.cache,1,0.000203,0.332551
1,optical_isea4h,datasets[0].timings.units[0].workers[2],raster_worker,grid.geometry,1,0.018355,0.332551
1,optical_isea4h,datasets[0].timings.units[0].workers[2],raster_worker,minio.tile_stat,1,0.007975,0.332551
1,optical_isea4h,datasets[0].timings.units[0].workers[2],raster_worker,source.checksum,1,0.036193,0.332551
1,optical_isea4h,datasets[0].timings.units[0].workers[2],raster_worker,source.download,1,0.0,0.332551
1,optical_isea4h,datasets[0].timings.units[0].workers[2],raster_worker,entity.tile_mask,1,0.146867,0.332551
1,optical_isea4h,datasets[0].timings.units[0].workers[2],raster_worker,entity.tile_write,1,0.087048,0.332551
1,optical_isea4h,datasets[0].timings.units[0].workers[2],raster_worker,minio.tile_upload,1,0.024838,0.332551
1,optical_isea4h,datasets[0].timings.units[0].workers[2],raster_worker,source.raster_open,1,0.009766,0.332551
1,optical_isea4h,datasets[0].timings.units[0].workers[2],raster_worker,entity.tile_checksum,1,0.000111,0.332551
1,optical_isea4h,datasets[0].timings.units[0].workers[2],raster_worker,grid.window_calculation,1,0.00032,0.332551
1,optical_isea4h,datasets[0].timings.units[0].workers[3],raster_worker,source.cache,1,0.000242,0.397875
1,optical_isea4h,datasets[0].timings.units[0].workers[3],raster_worker,grid.geometry,1,0.019026,0.397875
1,optical_isea4h,datasets[0].timings.units[0].workers[3],raster_worker,minio.tile_stat,1,0.008235,0.397875
1,optical_isea4h,datasets[0].timings.units[0].workers[3],raster_worker,source.checksum,1,0.035624,0.397875
1,optical_isea4h,datasets[0].timings.units[0].workers[3],raster_worker,source.download,1,0.0,0.397875
1,optical_isea4h,datasets[0].timings.units[0].workers[3],raster_worker,entity.tile_mask,1,0.156079,0.397875
1,optical_isea4h,datasets[0].timings.units[0].workers[3],raster_worker,entity.tile_write,1,0.114479,0.397875
1,optical_isea4h,datasets[0].timings.units[0].workers[3],raster_worker,minio.tile_upload,1,0.052249,0.397875
1,optical_isea4h,datasets[0].timings.units[0].workers[3],raster_worker,source.raster_open,1,0.009344,0.397875
1,optical_isea4h,datasets[0].timings.units[0].workers[3],raster_worker,entity.tile_checksum,1,0.001129,0.397875
1,optical_isea4h,datasets[0].timings.units[0].workers[3],raster_worker,grid.window_calculation,1,0.000383,0.397875
1,optical_isea4h,datasets[0].timings.units[0].workers[4],raster_worker,source.cache,1,0.00023,1.849999
1,optical_isea4h,datasets[0].timings.units[0].workers[4],raster_worker,grid.geometry,1,0.019664,1.849999
1,optical_isea4h,datasets[0].timings.units[0].workers[4],raster_worker,minio.tile_stat,1,0.007674,1.849999
1,optical_isea4h,datasets[0].timings.units[0].workers[4],raster_worker,source.checksum,1,0.048035,1.849999
1,optical_isea4h,datasets[0].timings.units[0].workers[4],raster_worker,source.download,1,0.0,1.849999
1,optical_isea4h,datasets[0].timings.units[0].workers[4],raster_worker,entity.tile_mask,1,0.879558,1.849999
1,optical_isea4h,datasets[0].timings.units[0].workers[4],raster_worker,entity.tile_write,1,0.768352,1.849999
1,optical_isea4h,datasets[0].timings.units[0].workers[4],raster_worker,minio.tile_upload,1,0.111282,1.849999
1,optical_isea4h,datasets[0].timings.units[0].workers[4],raster_worker,source.raster_open,1,0.009767,1.849999
1,optical_isea4h,datasets[0].timings.units[0].workers[4],raster_worker,entity.tile_checksum,1,0.003442,1.849999
1,optical_isea4h,datasets[0].timings.units[0].workers[4],raster_worker,grid.window_calculation,1,0.000351,1.849999
1,optical_isea4h,datasets[0].timings.units[0].batch_driver,raster_batch_driver,ray.init,1,0.146198,8.605957
1,optical_isea4h,datasets[0].timings.units[0].batch_driver,raster_batch_driver,ray.wait,41,8.021205,8.605957
1,optical_isea4h,datasets[0].timings.units[0].batch_driver,raster_batch_driver,ray.result_get,12,0.005022,8.605957
1,optical_isea4h,datasets[0].timings.units[0].batch_driver,raster_batch_driver,ray.task_submit,20,0.292824,8.605957
1,optical_isea4h,datasets[0].timings.units[0].batch_driver,raster_batch_driver,driver.result_merge,20,9.4e-05,8.605957
1,optical_isea4h,datasets[0].timings.units[0].source_preflight,source_preflight,minio.stat,1,0.162219,0.162256
1,optical_isea4h,datasets[0].timings.units[1].workers[0],raster_worker,source.cache,1,0.000276,0.388961
1,optical_isea4h,datasets[0].timings.units[1].workers[0],raster_worker,grid.geometry,1,0.001191,0.388961
1,optical_isea4h,datasets[0].timings.units[1].workers[0],raster_worker,minio.tile_stat,1,0.006933,0.388961
1,optical_isea4h,datasets[0].timings.units[1].workers[0],raster_worker,source.checksum,1,0.078323,0.388961
1,optical_isea4h,datasets[0].timings.units[1].workers[0],raster_worker,source.download,1,0.0,0.388961
1,optical_isea4h,datasets[0].timings.units[1].workers[0],raster_worker,entity.tile_mask,1,0.138332,0.388961
1,optical_isea4h,datasets[0].timings.units[1].workers[0],raster_worker,entity.tile_write,1,0.116186,0.388961
1,optical_isea4h,datasets[0].timings.units[1].workers[0],raster_worker,minio.tile_upload,1,0.045066,0.388961
1,optical_isea4h,datasets[0].timings.units[1].workers[0],raster_worker,source.raster_open,1,0.000996,0.388961
1,optical_isea4h,datasets[0].timings.units[1].workers[0],raster_worker,entity.tile_checksum,1,0.000238,0.388961
1,optical_isea4h,datasets[0].timings.units[1].workers[0],raster_worker,grid.window_calculation,1,0.000243,0.388961
1,optical_isea4h,datasets[0].timings.units[1].workers[1],raster_worker,source.cache,1,0.000179,0.361696
1,optical_isea4h,datasets[0].timings.units[1].workers[1],raster_worker,grid.geometry,1,0.018585,0.361696
1,optical_isea4h,datasets[0].timings.units[1].workers[1],raster_worker,minio.tile_stat,1,0.006275,0.361696
1,optical_isea4h,datasets[0].timings.units[1].workers[1],raster_worker,source.checksum,1,0.032733,0.361696
1,optical_isea4h,datasets[0].timings.units[1].workers[1],raster_worker,source.download,1,0.0,0.361696
1,optical_isea4h,datasets[0].timings.units[1].workers[1],raster_worker,entity.tile_mask,1,0.155473,0.361696
1,optical_isea4h,datasets[0].timings.units[1].workers[1],raster_worker,entity.tile_write,1,0.11267,0.361696
1,optical_isea4h,datasets[0].timings.units[1].workers[1],raster_worker,minio.tile_upload,1,0.025554,0.361696
1,optical_isea4h,datasets[0].timings.units[1].workers[1],raster_worker,source.raster_open,1,0.009048,0.361696
1,optical_isea4h,datasets[0].timings.units[1].workers[1],raster_worker,entity.tile_checksum,1,3.1e-05,0.361696
1,optical_isea4h,datasets[0].timings.units[1].workers[1],raster_worker,grid.window_calculation,1,0.00028,0.361696
1,optical_isea4h,datasets[0].timings.units[1].workers[2],raster_worker,source.cache,1,0.000176,0.373036
1,optical_isea4h,datasets[0].timings.units[1].workers[2],raster_worker,grid.geometry,1,0.020756,0.373036
1,optical_isea4h,datasets[0].timings.units[1].workers[2],raster_worker,minio.tile_stat,1,0.006825,0.373036
1,optical_isea4h,datasets[0].timings.units[1].workers[2],raster_worker,source.checksum,1,0.030909,0.373036
1,optical_isea4h,datasets[0].timings.units[1].workers[2],raster_worker,source.download,1,0.0,0.373036
1,optical_isea4h,datasets[0].timings.units[1].workers[2],raster_worker,entity.tile_mask,1,0.148735,0.373036
1,optical_isea4h,datasets[0].timings.units[1].workers[2],raster_worker,entity.tile_write,1,0.105892,0.373036
1,optical_isea4h,datasets[0].timings.units[1].workers[2],raster_worker,minio.tile_upload,1,0.049317,0.373036
1,optical_isea4h,datasets[0].timings.units[1].workers[2],raster_worker,source.raster_open,1,0.008737,0.373036
1,optical_isea4h,datasets[0].timings.units[1].workers[2],raster_worker,entity.tile_checksum,1,0.00053,0.373036
1,optical_isea4h,datasets[0].timings.units[1].workers[2],raster_worker,grid.window_calculation,1,0.000294,0.373036
1,optical_isea4h,datasets[0].timings.units[1].workers[3],raster_worker,source.cache,1,0.000185,0.420428
1,optical_isea4h,datasets[0].timings.units[1].workers[3],raster_worker,grid.geometry,1,0.018171,0.420428
1,optical_isea4h,datasets[0].timings.units[1].workers[3],raster_worker,minio.tile_stat,1,0.005853,0.420428
1,optical_isea4h,datasets[0].timings.units[1].workers[3],raster_worker,source.checksum,1,0.030452,0.420428
1,optical_isea4h,datasets[0].timings.units[1].workers[3],raster_worker,source.download,1,0.0,0.420428
1,optical_isea4h,datasets[0].timings.units[1].workers[3],raster_worker,entity.tile_mask,1,0.177455,0.420428
1,optical_isea4h,datasets[0].timings.units[1].workers[3],raster_worker,entity.tile_write,1,0.117054,0.420428
1,optical_isea4h,datasets[0].timings.units[1].workers[3],raster_worker,minio.tile_upload,1,0.059866,0.420428
1,optical_isea4h,datasets[0].timings.units[1].workers[3],raster_worker,source.raster_open,1,0.008371,0.420428
1,optical_isea4h,datasets[0].timings.units[1].workers[3],raster_worker,entity.tile_checksum,1,0.001909,0.420428
1,optical_isea4h,datasets[0].timings.units[1].workers[3],raster_worker,grid.window_calculation,1,0.000291,0.420428
1,optical_isea4h,datasets[0].timings.units[1].workers[4],raster_worker,source.cache,1,0.000204,1.54436
1,optical_isea4h,datasets[0].timings.units[1].workers[4],raster_worker,grid.geometry,1,0.001057,1.54436
1,optical_isea4h,datasets[0].timings.units[1].workers[4],raster_worker,minio.tile_stat,1,0.005509,1.54436
1,optical_isea4h,datasets[0].timings.units[1].workers[4],raster_worker,source.checksum,1,0.033149,1.54436
1,optical_isea4h,datasets[0].timings.units[1].workers[4],raster_worker,source.download,1,0.0,1.54436
1,optical_isea4h,datasets[0].timings.units[1].workers[4],raster_worker,entity.tile_mask,1,0.832241,1.54436
1,optical_isea4h,datasets[0].timings.units[1].workers[4],raster_worker,entity.tile_write,1,0.584238,1.54436
1,optical_isea4h,datasets[0].timings.units[1].workers[4],raster_worker,minio.tile_upload,1,0.081764,1.54436
1,optical_isea4h,datasets[0].timings.units[1].workers[4],raster_worker,source.raster_open,1,0.000976,1.54436
1,optical_isea4h,datasets[0].timings.units[1].workers[4],raster_worker,entity.tile_checksum,1,0.003781,1.54436
1,optical_isea4h,datasets[0].timings.units[1].workers[4],raster_worker,grid.window_calculation,1,0.000245,1.54436
1,optical_isea4h,datasets[0].timings.units[2].workers[0],raster_worker,source.cache,1,0.000215,0.37809
1,optical_isea4h,datasets[0].timings.units[2].workers[0],raster_worker,grid.geometry,1,0.018382,0.37809
1,optical_isea4h,datasets[0].timings.units[2].workers[0],raster_worker,minio.tile_stat,1,0.00673,0.37809
1,optical_isea4h,datasets[0].timings.units[2].workers[0],raster_worker,source.checksum,1,0.052752,0.37809
1,optical_isea4h,datasets[0].timings.units[2].workers[0],raster_worker,source.download,1,0.0,0.37809
1,optical_isea4h,datasets[0].timings.units[2].workers[0],raster_worker,entity.tile_mask,1,0.150981,0.37809
1,optical_isea4h,datasets[0].timings.units[2].workers[0],raster_worker,entity.tile_write,1,0.109102,0.37809
1,optical_isea4h,datasets[0].timings.units[2].workers[0],raster_worker,minio.tile_upload,1,0.029269,0.37809
1,optical_isea4h,datasets[0].timings.units[2].workers[0],raster_worker,source.raster_open,1,0.009229,0.37809
1,optical_isea4h,datasets[0].timings.units[2].workers[0],raster_worker,entity.tile_checksum,1,0.000175,0.37809
1,optical_isea4h,datasets[0].timings.units[2].workers[0],raster_worker,grid.window_calculation,1,0.000326,0.37809
1,optical_isea4h,datasets[0].timings.units[2].workers[1],raster_worker,source.cache,1,0.018531,0.379119
1,optical_isea4h,datasets[0].timings.units[2].workers[1],raster_worker,grid.geometry,1,0.018405,0.379119
1,optical_isea4h,datasets[0].timings.units[2].workers[1],raster_worker,minio.tile_stat,1,0.005951,0.379119
1,optical_isea4h,datasets[0].timings.units[2].workers[1],raster_worker,source.checksum,1,0.03072,0.379119
1,optical_isea4h,datasets[0].timings.units[2].workers[1],raster_worker,source.download,1,0.0,0.379119
1,optical_isea4h,datasets[0].timings.units[2].workers[1],raster_worker,entity.tile_mask,1,0.158462,0.379119
1,optical_isea4h,datasets[0].timings.units[2].workers[1],raster_worker,entity.tile_write,1,0.112077,0.379119
1,optical_isea4h,datasets[0].timings.units[2].workers[1],raster_worker,minio.tile_upload,1,0.024642,0.379119
1,optical_isea4h,datasets[0].timings.units[2].workers[1],raster_worker,source.raster_open,1,0.009109,0.379119
1,optical_isea4h,datasets[0].timings.units[2].workers[1],raster_worker,entity.tile_checksum,1,2.9e-05,0.379119
1,optical_isea4h,datasets[0].timings.units[2].workers[1],raster_worker,grid.window_calculation,1,0.000315,0.379119
1,optical_isea4h,datasets[0].timings.units[2].workers[2],raster_worker,source.cache,1,0.000223,0.376437
1,optical_isea4h,datasets[0].timings.units[2].workers[2],raster_worker,grid.geometry,1,0.023874,0.376437
1,optical_isea4h,datasets[0].timings.units[2].workers[2],raster_worker,minio.tile_stat,1,0.007005,0.376437
1,optical_isea4h,datasets[0].timings.units[2].workers[2],raster_worker,source.checksum,1,0.030801,0.376437
1,optical_isea4h,datasets[0].timings.units[2].workers[2],raster_worker,source.download,1,0.0,0.376437
1,optical_isea4h,datasets[0].timings.units[2].workers[2],raster_worker,entity.tile_mask,1,0.146973,0.376437
1,optical_isea4h,datasets[0].timings.units[2].workers[2],raster_worker,entity.tile_write,1,0.091474,0.376437
1,optical_isea4h,datasets[0].timings.units[2].workers[2],raster_worker,minio.tile_upload,1,0.064935,0.376437
1,optical_isea4h,datasets[0].timings.units[2].workers[2],raster_worker,source.raster_open,1,0.00903,0.376437
1,optical_isea4h,datasets[0].timings.units[2].workers[2],raster_worker,entity.tile_checksum,1,0.000563,0.376437
1,optical_isea4h,datasets[0].timings.units[2].workers[2],raster_worker,grid.window_calculation,1,0.000344,0.376437
1,optical_isea4h,datasets[0].timings.units[2].workers[3],raster_worker,source.cache,1,0.000181,0.420138
1,optical_isea4h,datasets[0].timings.units[2].workers[3],raster_worker,grid.geometry,1,0.018101,0.420138
1,optical_isea4h,datasets[0].timings.units[2].workers[3],raster_worker,minio.tile_stat,1,0.006223,0.420138
1,optical_isea4h,datasets[0].timings.units[2].workers[3],raster_worker,source.checksum,1,0.031535,0.420138
1,optical_isea4h,datasets[0].timings.units[2].workers[3],raster_worker,source.download,1,0.0,0.420138
1,optical_isea4h,datasets[0].timings.units[2].workers[3],raster_worker,entity.tile_mask,1,0.159373,0.420138
1,optical_isea4h,datasets[0].timings.units[2].workers[3],raster_worker,entity.tile_write,1,0.107705,0.420138
1,optical_isea4h,datasets[0].timings.units[2].workers[3],raster_worker,minio.tile_upload,1,0.08509,0.420138
1,optical_isea4h,datasets[0].timings.units[2].workers[3],raster_worker,source.raster_open,1,0.008861,0.420138
1,optical_isea4h,datasets[0].timings.units[2].workers[3],raster_worker,entity.tile_checksum,1,0.001929,0.420138
1,optical_isea4h,datasets[0].timings.units[2].workers[3],raster_worker,grid.window_calculation,1,0.000295,0.420138
1,optical_isea4h,datasets[0].timings.units[2].workers[4],raster_worker,source.cache,1,0.000199,1.404458
1,optical_isea4h,datasets[0].timings.units[2].workers[4],raster_worker,grid.geometry,1,0.01859,1.404458
1,optical_isea4h,datasets[0].timings.units[2].workers[4],raster_worker,minio.tile_stat,1,0.007385,1.404458
1,optical_isea4h,datasets[0].timings.units[2].workers[4],raster_worker,source.checksum,1,0.03066,1.404458
1,optical_isea4h,datasets[0].timings.units[2].workers[4],raster_worker,source.download,1,0.0,1.404458
1,optical_isea4h,datasets[0].timings.units[2].workers[4],raster_worker,entity.tile_mask,1,0.738612,1.404458
1,optical_isea4h,datasets[0].timings.units[2].workers[4],raster_worker,entity.tile_write,1,0.533408,1.404458
1,optical_isea4h,datasets[0].timings.units[2].workers[4],raster_worker,minio.tile_upload,1,0.06256,1.404458
1,optical_isea4h,datasets[0].timings.units[2].workers[4],raster_worker,source.raster_open,1,0.009565,1.404458
1,optical_isea4h,datasets[0].timings.units[2].workers[4],raster_worker,entity.tile_checksum,1,0.001761,1.404458
1,optical_isea4h,datasets[0].timings.units[2].workers[4],raster_worker,grid.window_calculation,1,0.000348,1.404458
1,optical_isea4h,datasets[0].timings.units[3].workers[0],raster_worker,source.cache,1,0.000183,0.453866
1,optical_isea4h,datasets[0].timings.units[3].workers[0],raster_worker,grid.geometry,1,0.018288,0.453866
1,optical_isea4h,datasets[0].timings.units[3].workers[0],raster_worker,minio.tile_stat,1,0.012392,0.453866
1,optical_isea4h,datasets[0].timings.units[3].workers[0],raster_worker,source.checksum,1,0.034784,0.453866
1,optical_isea4h,datasets[0].timings.units[3].workers[0],raster_worker,source.download,1,0.0,0.453866
1,optical_isea4h,datasets[0].timings.units[3].workers[0],raster_worker,entity.tile_mask,1,0.149157,0.453866
1,optical_isea4h,datasets[0].timings.units[3].workers[0],raster_worker,entity.tile_write,1,0.172612,0.453866
1,optical_isea4h,datasets[0].timings.units[3].workers[0],raster_worker,minio.tile_upload,1,0.055191,0.453866
1,optical_isea4h,datasets[0].timings.units[3].workers[0],raster_worker,source.raster_open,1,0.009317,0.453866
1,optical_isea4h,datasets[0].timings.units[3].workers[0],raster_worker,entity.tile_checksum,1,0.000754,0.453866
1,optical_isea4h,datasets[0].timings.units[3].workers[0],raster_worker,grid.window_calculation,1,0.000286,0.453866
1,optical_isea4h,datasets[0].timings.units[3].workers[1],raster_worker,source.cache,1,0.000212,0.417736
1,optical_isea4h,datasets[0].timings.units[3].workers[1],raster_worker,grid.geometry,1,0.018594,0.417736
1,optical_isea4h,datasets[0].timings.units[3].workers[1],raster_worker,minio.tile_stat,1,0.006373,0.417736
1,optical_isea4h,datasets[0].timings.units[3].workers[1],raster_worker,source.checksum,1,0.037491,0.417736
1,optical_isea4h,datasets[0].timings.units[3].workers[1],raster_worker,source.download,1,0.0,0.417736
1,optical_isea4h,datasets[0].timings.units[3].workers[1],raster_worker,entity.tile_mask,1,0.158745,0.417736
1,optical_isea4h,datasets[0].timings.units[3].workers[1],raster_worker,entity.tile_write,1,0.11575,0.417736
1,optical_isea4h,datasets[0].timings.units[3].workers[1],raster_worker,minio.tile_upload,1,0.069712,0.417736
1,optical_isea4h,datasets[0].timings.units[3].workers[1],raster_worker,source.raster_open,1,0.009516,0.417736
1,optical_isea4h,datasets[0].timings.units[3].workers[1],raster_worker,entity.tile_checksum,1,3.2e-05,0.417736
1,optical_isea4h,datasets[0].timings.units[3].workers[1],raster_worker,grid.window_calculation,1,0.000325,0.417736
1,optical_isea4h,datasets[0].timings.units[3].workers[2],raster_worker,source.cache,1,0.000189,0.369445
1,optical_isea4h,datasets[0].timings.units[3].workers[2],raster_worker,grid.geometry,1,0.018463,0.369445
1,optical_isea4h,datasets[0].timings.units[3].workers[2],raster_worker,minio.tile_stat,1,0.007836,0.369445
1,optical_isea4h,datasets[0].timings.units[3].workers[2],raster_worker,source.checksum,1,0.03289,0.369445
1,optical_isea4h,datasets[0].timings.units[3].workers[2],raster_worker,source.download,1,0.0,0.369445
1,optical_isea4h,datasets[0].timings.units[3].workers[2],raster_worker,entity.tile_mask,1,0.15252,0.369445
1,optical_isea4h,datasets[0].timings.units[3].workers[2],raster_worker,entity.tile_write,1,0.090649,0.369445
1,optical_isea4h,datasets[0].timings.units[3].workers[2],raster_worker,minio.tile_upload,1,0.055734,0.369445
1,optical_isea4h,datasets[0].timings.units[3].workers[2],raster_worker,source.raster_open,1,0.009297,0.369445
1,optical_isea4h,datasets[0].timings.units[3].workers[2],raster_worker,entity.tile_checksum,1,0.000594,0.369445
1,optical_isea4h,datasets[0].timings.units[3].workers[2],raster_worker,grid.window_calculation,1,0.000323,0.369445
1,optical_isea4h,datasets[0].timings.units[3].workers[3],raster_worker,source.cache,1,0.000205,0.39522
1,optical_isea4h,datasets[0].timings.units[3].workers[3],raster_worker,grid.geometry,1,0.019032,0.39522
1,optical_isea4h,datasets[0].timings.units[3].workers[3],raster_worker,minio.tile_stat,1,0.006478,0.39522
1,optical_isea4h,datasets[0].timings.units[3].workers[3],raster_worker,source.checksum,1,0.032673,0.39522
1,optical_isea4h,datasets[0].timings.units[3].workers[3],raster_worker,source.download,1,0.0,0.39522
1,optical_isea4h,datasets[0].timings.units[3].workers[3],raster_worker,entity.tile_mask,1,0.155805,0.39522
1,optical_isea4h,datasets[0].timings.units[3].workers[3],raster_worker,entity.tile_write,1,0.105882,0.39522
1,optical_isea4h,datasets[0].timings.units[3].workers[3],raster_worker,minio.tile_upload,1,0.062032,0.39522
1,optical_isea4h,datasets[0].timings.units[3].workers[3],raster_worker,source.raster_open,1,0.009776,0.39522
1,optical_isea4h,datasets[0].timings.units[3].workers[3],raster_worker,entity.tile_checksum,1,0.002028,0.39522
1,optical_isea4h,datasets[0].timings.units[3].workers[3],raster_worker,grid.window_calculation,1,0.000335,0.39522
1,optical_isea4h,datasets[0].timings.units[3].workers[4],raster_worker,source.cache,1,0.000246,2.704088
1,optical_isea4h,datasets[0].timings.units[3].workers[4],raster_worker,grid.geometry,1,0.025075,2.704088
1,optical_isea4h,datasets[0].timings.units[3].workers[4],raster_worker,minio.tile_stat,1,0.008424,2.704088
1,optical_isea4h,datasets[0].timings.units[3].workers[4],raster_worker,source.checksum,1,0.04994,2.704088
1,optical_isea4h,datasets[0].timings.units[3].workers[4],raster_worker,source.download,1,0.0,2.704088
1,optical_isea4h,datasets[0].timings.units[3].workers[4],raster_worker,entity.tile_mask,1,0.961918,2.704088
1,optical_isea4h,datasets[0].timings.units[3].workers[4],raster_worker,entity.tile_write,1,1.458238,2.704088
1,optical_isea4h,datasets[0].timings.units[3].workers[4],raster_worker,minio.tile_upload,1,0.176713,2.704088
1,optical_isea4h,datasets[0].timings.units[3].workers[4],raster_worker,source.raster_open,1,0.010175,2.704088
1,optical_isea4h,datasets[0].timings.units[3].workers[4],raster_worker,entity.tile_checksum,1,0.01136,2.704088
1,optical_isea4h,datasets[0].timings.units[3].workers[4],raster_worker,grid.window_calculation,1,0.000357,2.704088
1,optical_isea4h,datasets[0].timings.workflow,workflow_dataset,opengauss.start_output,1,0.013391,9.005902
1,optical_isea4h,datasets[0].timings.workflow,workflow_dataset,opengauss.complete_output,1,0.035186,9.005902
1,radar_isea4h,timings.job_driver,ray_job_driver,workflow.run,1,4.024081,4.179706
1,radar_isea4h,timings.job_driver,ray_job_driver,driver.bootstrap,1,0.150384,4.179706
1,radar_isea4h,timings.job_driver,ray_job_driver,task.start_attempt,1,0.00449,4.179706
1,radar_isea4h,datasets[0].timings.units[0].driver,raster_driver,grid.cover,1,0.019924,3.637372
1,radar_isea4h,datasets[0].timings.units[0].workers[0],raster_worker,source.cache,1,0.000192,2.097159
1,radar_isea4h,datasets[0].timings.units[0].workers[0],raster_worker,grid.geometry,3,0.006061,2.097159
1,radar_isea4h,datasets[0].timings.units[0].workers[0],raster_worker,minio.tile_stat,3,0.014262,2.097159
1,radar_isea4h,datasets[0].timings.units[0].workers[0],raster_worker,source.checksum,1,0.020637,2.097159
1,radar_isea4h,datasets[0].timings.units[0].workers[0],raster_worker,source.download,1,0.0,2.097159
1,radar_isea4h,datasets[0].timings.units[0].workers[0],raster_worker,entity.tile_mask,3,0.325976,2.097159
1,radar_isea4h,datasets[0].timings.units[0].workers[0],raster_worker,entity.tile_write,3,0.831348,2.097159
1,radar_isea4h,datasets[0].timings.units[0].workers[0],raster_worker,minio.tile_upload,3,0.853537,2.097159
1,radar_isea4h,datasets[0].timings.units[0].workers[0],raster_worker,source.raster_open,1,0.016998,2.097159
1,radar_isea4h,datasets[0].timings.units[0].workers[0],raster_worker,entity.tile_checksum,3,0.021507,2.097159
1,radar_isea4h,datasets[0].timings.units[0].workers[0],raster_worker,grid.window_calculation,3,0.001038,2.097159
1,radar_isea4h,datasets[0].timings.units[0].batch_driver,raster_batch_driver,ray.init,1,0.079686,3.63736
1,radar_isea4h,datasets[0].timings.units[0].batch_driver,raster_batch_driver,ray.wait,18,3.453784,3.63736
1,radar_isea4h,datasets[0].timings.units[0].batch_driver,raster_batch_driver,ray.result_get,1,0.000986,3.63736
1,radar_isea4h,datasets[0].timings.units[0].batch_driver,raster_batch_driver,ray.task_submit,2,0.051057,3.63736
1,radar_isea4h,datasets[0].timings.units[0].batch_driver,raster_batch_driver,driver.result_merge,2,1.3e-05,3.63736
1,radar_isea4h,datasets[0].timings.units[0].source_preflight,source_preflight,minio.stat,1,0.150602,0.150633
1,radar_isea4h,datasets[0].timings.units[1].workers[0],raster_worker,source.cache,1,0.000224,2.113107
1,radar_isea4h,datasets[0].timings.units[1].workers[0],raster_worker,grid.geometry,3,0.006657,2.113107
1,radar_isea4h,datasets[0].timings.units[1].workers[0],raster_worker,minio.tile_stat,3,0.013342,2.113107
1,radar_isea4h,datasets[0].timings.units[1].workers[0],raster_worker,source.checksum,1,0.022659,2.113107
1,radar_isea4h,datasets[0].timings.units[1].workers[0],raster_worker,source.download,1,0.0,2.113107
1,radar_isea4h,datasets[0].timings.units[1].workers[0],raster_worker,entity.tile_mask,3,0.342307,2.113107
1,radar_isea4h,datasets[0].timings.units[1].workers[0],raster_worker,entity.tile_write,3,0.820638,2.113107
1,radar_isea4h,datasets[0].timings.units[1].workers[0],raster_worker,minio.tile_upload,3,0.859801,2.113107
1,radar_isea4h,datasets[0].timings.units[1].workers[0],raster_worker,source.raster_open,1,0.0176,2.113107
1,radar_isea4h,datasets[0].timings.units[1].workers[0],raster_worker,entity.tile_checksum,3,0.02248,2.113107
1,radar_isea4h,datasets[0].timings.units[1].workers[0],raster_worker,grid.window_calculation,3,0.001186,2.113107
1,radar_isea4h,datasets[0].timings.workflow,workflow_dataset,opengauss.start_output,1,0.014684,4.023857
1,radar_isea4h,datasets[0].timings.workflow,workflow_dataset,opengauss.complete_output,1,0.025031,4.023857
1,product_isea4h,timings.job_driver,ray_job_driver,workflow.run,1,2.937773,3.090644
1,product_isea4h,timings.job_driver,ray_job_driver,driver.bootstrap,1,0.14819,3.090644
1,product_isea4h,timings.job_driver,ray_job_driver,task.start_attempt,1,0.003855,3.090644
1,product_isea4h,datasets[0].timings.units[0].driver,raster_driver,grid.cover,1,0.02357,2.561494
1,product_isea4h,datasets[0].timings.units[0].workers[0],raster_worker,source.cache,1,0.00019,0.124253
1,product_isea4h,datasets[0].timings.units[0].workers[0],raster_worker,grid.geometry,1,0.003723,0.124253
1,product_isea4h,datasets[0].timings.units[0].workers[0],raster_worker,minio.tile_stat,1,0.006163,0.124253
1,product_isea4h,datasets[0].timings.units[0].workers[0],raster_worker,source.checksum,1,0.003782,0.124253
1,product_isea4h,datasets[0].timings.units[0].workers[0],raster_worker,source.download,1,0.0,0.124253
1,product_isea4h,datasets[0].timings.units[0].workers[0],raster_worker,entity.tile_mask,1,0.014597,0.124253
1,product_isea4h,datasets[0].timings.units[0].workers[0],raster_worker,entity.tile_write,1,0.02875,0.124253
1,product_isea4h,datasets[0].timings.units[0].workers[0],raster_worker,minio.tile_upload,1,0.046339,0.124253
1,product_isea4h,datasets[0].timings.units[0].workers[0],raster_worker,source.raster_open,1,0.017703,0.124253
1,product_isea4h,datasets[0].timings.units[0].workers[0],raster_worker,entity.tile_checksum,1,0.000171,0.124253
1,product_isea4h,datasets[0].timings.units[0].workers[0],raster_worker,grid.window_calculation,1,0.000301,0.124253
1,product_isea4h,datasets[0].timings.units[0].workers[1],raster_worker,source.cache,1,0.000209,0.248285
1,product_isea4h,datasets[0].timings.units[0].workers[1],raster_worker,grid.geometry,1,0.003727,0.248285
1,product_isea4h,datasets[0].timings.units[0].workers[1],raster_worker,minio.tile_stat,1,0.006105,0.248285
1,product_isea4h,datasets[0].timings.units[0].workers[1],raster_worker,source.checksum,1,0.003562,0.248285
1,product_isea4h,datasets[0].timings.units[0].workers[1],raster_worker,source.download,1,0.0,0.248285
1,product_isea4h,datasets[0].timings.units[0].workers[1],raster_worker,entity.tile_mask,1,0.042618,0.248285
1,product_isea4h,datasets[0].timings.units[0].workers[1],raster_worker,entity.tile_write,1,0.104487,0.248285
1,product_isea4h,datasets[0].timings.units[0].workers[1],raster_worker,minio.tile_upload,1,0.064778,0.248285
1,product_isea4h,datasets[0].timings.units[0].workers[1],raster_worker,source.raster_open,1,0.017537,0.248285
1,product_isea4h,datasets[0].timings.units[0].workers[1],raster_worker,entity.tile_checksum,1,0.002215,0.248285
1,product_isea4h,datasets[0].timings.units[0].workers[1],raster_worker,grid.window_calculation,1,0.00033,0.248285
1,product_isea4h,datasets[0].timings.units[0].workers[2],raster_worker,source.cache,1,0.00019,0.61354
1,product_isea4h,datasets[0].timings.units[0].workers[2],raster_worker,grid.geometry,1,0.00364,0.61354
1,product_isea4h,datasets[0].timings.units[0].workers[2],raster_worker,minio.tile_stat,1,0.005824,0.61354
1,product_isea4h,datasets[0].timings.units[0].workers[2],raster_worker,source.checksum,1,0.003711,0.61354
1,product_isea4h,datasets[0].timings.units[0].workers[2],raster_worker,source.download,1,0.0,0.61354
1,product_isea4h,datasets[0].timings.units[0].workers[2],raster_worker,entity.tile_mask,1,0.094457,0.61354
1,product_isea4h,datasets[0].timings.units[0].workers[2],raster_worker,entity.tile_write,1,0.275651,0.61354
1,product_isea4h,datasets[0].timings.units[0].workers[2],raster_worker,minio.tile_upload,1,0.202516,0.61354
1,product_isea4h,datasets[0].timings.units[0].workers[2],raster_worker,source.raster_open,1,0.016852,0.61354
1,product_isea4h,datasets[0].timings.units[0].workers[2],raster_worker,entity.tile_checksum,1,0.00787,0.61354
1,product_isea4h,datasets[0].timings.units[0].workers[2],raster_worker,grid.window_calculation,1,0.000295,0.61354
1,product_isea4h,datasets[0].timings.units[0].workers[3],raster_worker,source.cache,1,0.00019,1.028547
1,product_isea4h,datasets[0].timings.units[0].workers[3],raster_worker,grid.geometry,1,0.003728,1.028547
1,product_isea4h,datasets[0].timings.units[0].workers[3],raster_worker,minio.tile_stat,1,0.012228,1.028547
1,product_isea4h,datasets[0].timings.units[0].workers[3],raster_worker,source.checksum,1,0.003571,1.028547
1,product_isea4h,datasets[0].timings.units[0].workers[3],raster_worker,source.download,1,0.0,1.028547
1,product_isea4h,datasets[0].timings.units[0].workers[3],raster_worker,entity.tile_mask,1,0.188853,1.028547
1,product_isea4h,datasets[0].timings.units[0].workers[3],raster_worker,entity.tile_write,1,0.433778,1.028547
1,product_isea4h,datasets[0].timings.units[0].workers[3],raster_worker,minio.tile_upload,1,0.352806,1.028547
1,product_isea4h,datasets[0].timings.units[0].workers[3],raster_worker,source.raster_open,1,0.017651,1.028547
1,product_isea4h,datasets[0].timings.units[0].workers[3],raster_worker,entity.tile_checksum,1,0.012719,1.028547
1,product_isea4h,datasets[0].timings.units[0].workers[3],raster_worker,grid.window_calculation,1,0.000303,1.028547
1,product_isea4h,datasets[0].timings.units[0].workers[4],raster_worker,source.cache,1,0.000184,0.92729
1,product_isea4h,datasets[0].timings.units[0].workers[4],raster_worker,grid.geometry,1,0.003551,0.92729
1,product_isea4h,datasets[0].timings.units[0].workers[4],raster_worker,minio.tile_stat,1,0.005928,0.92729
1,product_isea4h,datasets[0].timings.units[0].workers[4],raster_worker,source.checksum,1,0.003702,0.92729
1,product_isea4h,datasets[0].timings.units[0].workers[4],raster_worker,source.download,1,0.0,0.92729
1,product_isea4h,datasets[0].timings.units[0].workers[4],raster_worker,entity.tile_mask,1,0.120083,0.92729
1,product_isea4h,datasets[0].timings.units[0].workers[4],raster_worker,entity.tile_write,1,0.372376,0.92729
1,product_isea4h,datasets[0].timings.units[0].workers[4],raster_worker,minio.tile_upload,1,0.390355,0.92729
1,product_isea4h,datasets[0].timings.units[0].workers[4],raster_worker,source.raster_open,1,0.016574,0.92729
1,product_isea4h,datasets[0].timings.units[0].workers[4],raster_worker,entity.tile_checksum,1,0.011751,0.92729
1,product_isea4h,datasets[0].timings.units[0].workers[4],raster_worker,grid.window_calculation,1,0.000291,0.92729
1,product_isea4h,datasets[0].timings.units[0].batch_driver,raster_batch_driver,ray.init,1,0.08074,2.561471
1,product_isea4h,datasets[0].timings.units[0].batch_driver,raster_batch_driver,ray.wait,12,2.379678,2.561471
1,product_isea4h,datasets[0].timings.units[0].batch_driver,raster_batch_driver,ray.result_get,4,0.001546,2.561471
1,product_isea4h,datasets[0].timings.units[0].batch_driver,raster_batch_driver,ray.task_submit,5,0.053247,2.561471
1,product_isea4h,datasets[0].timings.units[0].batch_driver,raster_batch_driver,driver.result_merge,5,2.7e-05,2.561471
1,product_isea4h,datasets[0].timings.units[0].source_preflight,source_preflight,minio.stat,1,0.151647,0.151681
1,product_isea4h,datasets[0].timings.workflow,workflow_dataset,opengauss.start_output,1,0.009261,2.937547
1,product_isea4h,datasets[0].timings.workflow,workflow_dataset,opengauss.complete_output,1,0.023962,2.937547
1,carbon_isea4h,timings.job_driver,ray_job_driver,workflow.run,1,2.221252,2.376404
1,carbon_isea4h,timings.job_driver,ray_job_driver,driver.bootstrap,1,0.148508,2.376404
1,carbon_isea4h,timings.job_driver,ray_job_driver,task.start_attempt,1,0.005888,2.376404
1,carbon_isea4h,datasets[0].timings.units[0].driver,carbon_driver,ray.init,1,0.079908,1.846861
1,carbon_isea4h,datasets[0].timings.units[0].driver,carbon_driver,ray.wait_get,1,1.722664,1.846861
1,carbon_isea4h,datasets[0].timings.units[0].driver,carbon_driver,ray.task_submit,1,0.044177,1.846861
1,carbon_isea4h,datasets[0].timings.units[0].driver,carbon_driver,driver.result_merge,1,2e-06,1.846861
1,carbon_isea4h,datasets[0].timings.units[0].workers[0],carbon_worker,grid.locate,1,0.001369,0.244462
1,carbon_isea4h,datasets[0].timings.units[0].workers[0],carbon_worker,source.cache,1,0.106967,0.244462
1,carbon_isea4h,datasets[0].timings.units[0].workers[0],carbon_worker,grid.geometry,1,0.000687,0.244462
1,carbon_isea4h,datasets[0].timings.units[0].workers[0],carbon_worker,source.checksum,1,0.052761,0.244462
1,carbon_isea4h,datasets[0].timings.units[0].workers[0],carbon_worker,source.download,1,0.106518,0.244462
1,carbon_isea4h,datasets[0].timings.units[0].workers[0],carbon_worker,carbon.observation_load,1,0.077998,0.244462
1,carbon_isea4h,datasets[0].timings.units[0].workers[0],carbon_worker,carbon.measurement_partition,1,0.000134,0.244462
1,carbon_isea4h,datasets[0].timings.units[0].workers[0],carbon_worker,carbon.partition_observation,1,0.004067,0.244462
1,carbon_isea4h,datasets[0].timings.units[0].source_preflight,source_preflight,minio.stat,1,0.15524,0.155269
1,carbon_isea4h,datasets[0].timings.workflow,workflow_dataset,opengauss.start_output,1,0.010046,2.221042
1,carbon_isea4h,datasets[0].timings.workflow,workflow_dataset,opengauss.complete_output,1,0.01798,2.221042
2,optical_isea4h,timings.job_driver,ray_job_driver,workflow.run,1,5.589733,5.755464
2,optical_isea4h,timings.job_driver,ray_job_driver,driver.bootstrap,1,0.160352,5.755464
2,optical_isea4h,timings.job_driver,ray_job_driver,task.start_attempt,1,0.004581,5.755464
2,optical_isea4h,datasets[0].timings.units[0].driver,raster_driver,grid.cover,1,0.023686,5.126186
2,optical_isea4h,datasets[0].timings.units[0].workers[0],raster_worker,source.cache,1,0.00022,0.451021
2,optical_isea4h,datasets[0].timings.units[0].workers[0],raster_worker,grid.geometry,1,0.003871,0.451021
2,optical_isea4h,datasets[0].timings.units[0].workers[0],raster_worker,minio.tile_stat,1,0.006504,0.451021
2,optical_isea4h,datasets[0].timings.units[0].workers[0],raster_worker,source.checksum,1,0.031017,0.451021
2,optical_isea4h,datasets[0].timings.units[0].workers[0],raster_worker,source.download,1,0.0,0.451021
2,optical_isea4h,datasets[0].timings.units[0].workers[0],raster_worker,entity.tile_mask,1,0.16931,0.451021
2,optical_isea4h,datasets[0].timings.units[0].workers[0],raster_worker,entity.tile_write,1,0.120572,0.451021
2,optical_isea4h,datasets[0].timings.units[0].workers[0],raster_worker,minio.tile_upload,1,0.108711,0.451021
2,optical_isea4h,datasets[0].timings.units[0].workers[0],raster_worker,source.raster_open,1,0.009368,0.451021
2,optical_isea4h,datasets[0].timings.units[0].workers[0],raster_worker,entity.tile_checksum,1,0.00023,0.451021
2,optical_isea4h,datasets[0].timings.units[0].workers[0],raster_worker,grid.window_calculation,1,0.000333,0.451021
2,optical_isea4h,datasets[0].timings.units[0].workers[1],raster_worker,source.cache,1,0.000205,0.401152
2,optical_isea4h,datasets[0].timings.units[0].workers[1],raster_worker,grid.geometry,1,0.004371,0.401152
2,optical_isea4h,datasets[0].timings.units[0].workers[1],raster_worker,minio.tile_stat,1,0.007197,0.401152
2,optical_isea4h,datasets[0].timings.units[0].workers[1],raster_worker,source.checksum,1,0.031786,0.401152
2,optical_isea4h,datasets[0].timings.units[0].workers[1],raster_worker,source.download,1,0.0,0.401152
2,optical_isea4h,datasets[0].timings.units[0].workers[1],raster_worker,entity.tile_mask,1,0.170238,0.401152
2,optical_isea4h,datasets[0].timings.units[0].workers[1],raster_worker,entity.tile_write,1,0.117636,0.401152
2,optical_isea4h,datasets[0].timings.units[0].workers[1],raster_worker,minio.tile_upload,1,0.059042,0.401152
2,optical_isea4h,datasets[0].timings.units[0].workers[1],raster_worker,source.raster_open,1,0.009177,0.401152
2,optical_isea4h,datasets[0].timings.units[0].workers[1],raster_worker,entity.tile_checksum,1,2.8e-05,0.401152
2,optical_isea4h,datasets[0].timings.units[0].workers[1],raster_worker,grid.window_calculation,1,0.000365,0.401152
2,optical_isea4h,datasets[0].timings.units[0].workers[2],raster_worker,source.cache,1,0.000192,0.394011
2,optical_isea4h,datasets[0].timings.units[0].workers[2],raster_worker,grid.geometry,1,0.003894,0.394011
2,optical_isea4h,datasets[0].timings.units[0].workers[2],raster_worker,minio.tile_stat,1,0.008783,0.394011
2,optical_isea4h,datasets[0].timings.units[0].workers[2],raster_worker,source.checksum,1,0.03308,0.394011
2,optical_isea4h,datasets[0].timings.units[0].workers[2],raster_worker,source.download,1,0.0,0.394011
2,optical_isea4h,datasets[0].timings.units[0].workers[2],raster_worker,entity.tile_mask,1,0.171435,0.394011
2,optical_isea4h,datasets[0].timings.units[0].workers[2],raster_worker,entity.tile_write,1,0.084489,0.394011
2,optical_isea4h,datasets[0].timings.units[0].workers[2],raster_worker,minio.tile_upload,1,0.081677,0.394011
2,optical_isea4h,datasets[0].timings.units[0].workers[2],raster_worker,source.raster_open,1,0.009139,0.394011
2,optical_isea4h,datasets[0].timings.units[0].workers[2],raster_worker,entity.tile_checksum,1,0.000101,0.394011
2,optical_isea4h,datasets[0].timings.units[0].workers[2],raster_worker,grid.window_calculation,1,0.000294,0.394011
2,optical_isea4h,datasets[0].timings.units[0].workers[3],raster_worker,source.cache,1,0.000198,0.437771
2,optical_isea4h,datasets[0].timings.units[0].workers[3],raster_worker,grid.geometry,1,0.003941,0.437771
2,optical_isea4h,datasets[0].timings.units[0].workers[3],raster_worker,minio.tile_stat,1,0.009276,0.437771
2,optical_isea4h,datasets[0].timings.units[0].workers[3],raster_worker,source.checksum,1,0.034422,0.437771
2,optical_isea4h,datasets[0].timings.units[0].workers[3],raster_worker,source.download,1,0.0,0.437771
2,optical_isea4h,datasets[0].timings.units[0].workers[3],raster_worker,entity.tile_mask,1,0.168934,0.437771
2,optical_isea4h,datasets[0].timings.units[0].workers[3],raster_worker,entity.tile_write,1,0.118251,0.437771
2,optical_isea4h,datasets[0].timings.units[0].workers[3],raster_worker,minio.tile_upload,1,0.091133,0.437771
2,optical_isea4h,datasets[0].timings.units[0].workers[3],raster_worker,source.raster_open,1,0.008873,0.437771
2,optical_isea4h,datasets[0].timings.units[0].workers[3],raster_worker,entity.tile_checksum,1,0.001506,0.437771
2,optical_isea4h,datasets[0].timings.units[0].workers[3],raster_worker,grid.window_calculation,1,0.000299,0.437771
2,optical_isea4h,datasets[0].timings.units[0].workers[4],raster_worker,source.cache,1,0.000247,1.767428
2,optical_isea4h,datasets[0].timings.units[0].workers[4],raster_worker,grid.geometry,1,0.003921,1.767428
2,optical_isea4h,datasets[0].timings.units[0].workers[4],raster_worker,minio.tile_stat,1,0.009705,1.767428
2,optical_isea4h,datasets[0].timings.units[0].workers[4],raster_worker,source.checksum,1,0.034053,1.767428
2,optical_isea4h,datasets[0].timings.units[0].workers[4],raster_worker,source.download,1,0.0,1.767428
2,optical_isea4h,datasets[0].timings.units[0].workers[4],raster_worker,entity.tile_mask,1,0.800804,1.767428
2,optical_isea4h,datasets[0].timings.units[0].workers[4],raster_worker,entity.tile_write,1,0.774619,1.767428
2,optical_isea4h,datasets[0].timings.units[0].workers[4],raster_worker,minio.tile_upload,1,0.130097,1.767428
2,optical_isea4h,datasets[0].timings.units[0].workers[4],raster_worker,source.raster_open,1,0.008653,1.767428
2,optical_isea4h,datasets[0].timings.units[0].workers[4],raster_worker,entity.tile_checksum,1,0.003442,1.767428
2,optical_isea4h,datasets[0].timings.units[0].workers[4],raster_worker,grid.window_calculation,1,0.000307,1.767428
2,optical_isea4h,datasets[0].timings.units[0].batch_driver,raster_batch_driver,ray.init,1,0.080811,5.126166
2,optical_isea4h,datasets[0].timings.units[0].batch_driver,raster_batch_driver,ray.wait,25,4.901486,5.126166
2,optical_isea4h,datasets[0].timings.units[0].batch_driver,raster_batch_driver,ray.result_get,8,0.004316,5.126166
2,optical_isea4h,datasets[0].timings.units[0].batch_driver,raster_batch_driver,ray.task_submit,20,0.067351,5.126166
2,optical_isea4h,datasets[0].timings.units[0].batch_driver,raster_batch_driver,driver.result_merge,20,7.6e-05,5.126166
2,optical_isea4h,datasets[0].timings.units[0].source_preflight,source_preflight,minio.stat,1,0.192543,0.192575
2,optical_isea4h,datasets[0].timings.units[1].workers[0],raster_worker,source.cache,1,0.0002,0.420818
2,optical_isea4h,datasets[0].timings.units[1].workers[0],raster_worker,grid.geometry,1,0.004089,0.420818
2,optical_isea4h,datasets[0].timings.units[1].workers[0],raster_worker,minio.tile_stat,1,0.014999,0.420818
2,optical_isea4h,datasets[0].timings.units[1].workers[0],raster_worker,source.checksum,1,0.031223,0.420818
2,optical_isea4h,datasets[0].timings.units[1].workers[0],raster_worker,source.download,1,0.0,0.420818
2,optical_isea4h,datasets[0].timings.units[1].workers[0],raster_worker,entity.tile_mask,1,0.160855,0.420818
2,optical_isea4h,datasets[0].timings.units[1].workers[0],raster_worker,entity.tile_write,1,0.106358,0.420818
2,optical_isea4h,datasets[0].timings.units[1].workers[0],raster_worker,minio.tile_upload,1,0.092155,0.420818
2,optical_isea4h,datasets[0].timings.units[1].workers[0],raster_worker,source.raster_open,1,0.00943,0.420818
2,optical_isea4h,datasets[0].timings.units[1].workers[0],raster_worker,entity.tile_checksum,1,0.000183,0.420818
2,optical_isea4h,datasets[0].timings.units[1].workers[0],raster_worker,grid.window_calculation,1,0.000355,0.420818
2,optical_isea4h,datasets[0].timings.units[1].workers[1],raster_worker,source.cache,1,0.000185,0.411364
2,optical_isea4h,datasets[0].timings.units[1].workers[1],raster_worker,grid.geometry,1,0.004324,0.411364
2,optical_isea4h,datasets[0].timings.units[1].workers[1],raster_worker,minio.tile_stat,1,0.011695,0.411364
2,optical_isea4h,datasets[0].timings.units[1].workers[1],raster_worker,source.checksum,1,0.036093,0.411364
2,optical_isea4h,datasets[0].timings.units[1].workers[1],raster_worker,source.download,1,0.0,0.411364
2,optical_isea4h,datasets[0].timings.units[1].workers[1],raster_worker,entity.tile_mask,1,0.172708,0.411364
2,optical_isea4h,datasets[0].timings.units[1].workers[1],raster_worker,entity.tile_write,1,0.116717,0.411364
2,optical_isea4h,datasets[0].timings.units[1].workers[1],raster_worker,minio.tile_upload,1,0.059493,0.411364
2,optical_isea4h,datasets[0].timings.units[1].workers[1],raster_worker,source.raster_open,1,0.008817,0.411364
2,optical_isea4h,datasets[0].timings.units[1].workers[1],raster_worker,entity.tile_checksum,1,2.9e-05,0.411364
2,optical_isea4h,datasets[0].timings.units[1].workers[1],raster_worker,grid.window_calculation,1,0.000361,0.411364
2,optical_isea4h,datasets[0].timings.units[1].workers[2],raster_worker,source.cache,1,0.00022,0.386451
2,optical_isea4h,datasets[0].timings.units[1].workers[2],raster_worker,grid.geometry,1,0.004617,0.386451
2,optical_isea4h,datasets[0].timings.units[1].workers[2],raster_worker,minio.tile_stat,1,0.006882,0.386451
2,optical_isea4h,datasets[0].timings.units[1].workers[2],raster_worker,source.checksum,1,0.05059,0.386451
2,optical_isea4h,datasets[0].timings.units[1].workers[2],raster_worker,source.download,1,0.0,0.386451
2,optical_isea4h,datasets[0].timings.units[1].workers[2],raster_worker,entity.tile_mask,1,0.166745,0.386451
2,optical_isea4h,datasets[0].timings.units[1].workers[2],raster_worker,entity.tile_write,1,0.094625,0.386451
2,optical_isea4h,datasets[0].timings.units[1].workers[2],raster_worker,minio.tile_upload,1,0.050821,0.386451
2,optical_isea4h,datasets[0].timings.units[1].workers[2],raster_worker,source.raster_open,1,0.009751,0.386451
2,optical_isea4h,datasets[0].timings.units[1].workers[2],raster_worker,entity.tile_checksum,1,0.000638,0.386451
2,optical_isea4h,datasets[0].timings.units[1].workers[2],raster_worker,grid.window_calculation,1,0.000343,0.386451
2,optical_isea4h,datasets[0].timings.units[1].workers[3],raster_worker,source.cache,1,0.00025,0.426137
2,optical_isea4h,datasets[0].timings.units[1].workers[3],raster_worker,grid.geometry,1,0.004795,0.426137
2,optical_isea4h,datasets[0].timings.units[1].workers[3],raster_worker,minio.tile_stat,1,0.009582,0.426137
2,optical_isea4h,datasets[0].timings.units[1].workers[3],raster_worker,source.checksum,1,0.033584,0.426137
2,optical_isea4h,datasets[0].timings.units[1].workers[3],raster_worker,source.download,1,0.0,0.426137
2,optical_isea4h,datasets[0].timings.units[1].workers[3],raster_worker,entity.tile_mask,1,0.157748,0.426137
2,optical_isea4h,datasets[0].timings.units[1].workers[3],raster_worker,entity.tile_write,1,0.128247,0.426137
2,optical_isea4h,datasets[0].timings.units[1].workers[3],raster_worker,minio.tile_upload,1,0.078575,0.426137
2,optical_isea4h,datasets[0].timings.units[1].workers[3],raster_worker,source.raster_open,1,0.009742,0.426137
2,optical_isea4h,datasets[0].timings.units[1].workers[3],raster_worker,entity.tile_checksum,1,0.001987,0.426137
2,optical_isea4h,datasets[0].timings.units[1].workers[3],raster_worker,grid.window_calculation,1,0.000386,0.426137
2,optical_isea4h,datasets[0].timings.units[1].workers[4],raster_worker,source.cache,1,0.0003,1.452647
2,optical_isea4h,datasets[0].timings.units[1].workers[4],raster_worker,grid.geometry,1,0.004308,1.452647
2,optical_isea4h,datasets[0].timings.units[1].workers[4],raster_worker,minio.tile_stat,1,0.007325,1.452647
2,optical_isea4h,datasets[0].timings.units[1].workers[4],raster_worker,source.checksum,1,0.03346,1.452647
2,optical_isea4h,datasets[0].timings.units[1].workers[4],raster_worker,source.download,1,0.0,1.452647
2,optical_isea4h,datasets[0].timings.units[1].workers[4],raster_worker,entity.tile_mask,1,0.760039,1.452647
2,optical_isea4h,datasets[0].timings.units[1].workers[4],raster_worker,entity.tile_write,1,0.565778,1.452647
2,optical_isea4h,datasets[0].timings.units[1].workers[4],raster_worker,minio.tile_upload,1,0.068046,1.452647
2,optical_isea4h,datasets[0].timings.units[1].workers[4],raster_worker,source.raster_open,1,0.009193,1.452647
2,optical_isea4h,datasets[0].timings.units[1].workers[4],raster_worker,entity.tile_checksum,1,0.002124,1.452647
2,optical_isea4h,datasets[0].timings.units[1].workers[4],raster_worker,grid.window_calculation,1,0.000353,1.452647
2,optical_isea4h,datasets[0].timings.units[2].workers[0],raster_worker,source.cache,1,0.000185,0.341033
2,optical_isea4h,datasets[0].timings.units[2].workers[0],raster_worker,grid.geometry,1,0.003791,0.341033
2,optical_isea4h,datasets[0].timings.units[2].workers[0],raster_worker,minio.tile_stat,1,0.006728,0.341033
2,optical_isea4h,datasets[0].timings.units[2].workers[0],raster_worker,source.checksum,1,0.032575,0.341033
2,optical_isea4h,datasets[0].timings.units[2].workers[0],raster_worker,source.download,1,0.0,0.341033
2,optical_isea4h,datasets[0].timings.units[2].workers[0],raster_worker,entity.tile_mask,1,0.1537,0.341033
2,optical_isea4h,datasets[0].timings.units[2].workers[0],raster_worker,entity.tile_write,1,0.107031,0.341033
2,optical_isea4h,datasets[0].timings.units[2].workers[0],raster_worker,minio.tile_upload,1,0.02712,0.341033
2,optical_isea4h,datasets[0].timings.units[2].workers[0],raster_worker,source.raster_open,1,0.008572,0.341033
2,optical_isea4h,datasets[0].timings.units[2].workers[0],raster_worker,entity.tile_checksum,1,0.000174,0.341033
2,optical_isea4h,datasets[0].timings.units[2].workers[0],raster_worker,grid.window_calculation,1,0.00029,0.341033
2,optical_isea4h,datasets[0].timings.units[2].workers[1],raster_worker,source.cache,1,0.000297,0.363379
2,optical_isea4h,datasets[0].timings.units[2].workers[1],raster_worker,grid.geometry,1,0.004637,0.363379
2,optical_isea4h,datasets[0].timings.units[2].workers[1],raster_worker,minio.tile_stat,1,0.008055,0.363379
2,optical_isea4h,datasets[0].timings.units[2].workers[1],raster_worker,source.checksum,1,0.034377,0.363379
2,optical_isea4h,datasets[0].timings.units[2].workers[1],raster_worker,source.download,1,0.0,0.363379
2,optical_isea4h,datasets[0].timings.units[2].workers[1],raster_worker,entity.tile_mask,1,0.162385,0.363379
2,optical_isea4h,datasets[0].timings.units[2].workers[1],raster_worker,entity.tile_write,1,0.112204,0.363379
2,optical_isea4h,datasets[0].timings.units[2].workers[1],raster_worker,minio.tile_upload,1,0.030061,0.363379
2,optical_isea4h,datasets[0].timings.units[2].workers[1],raster_worker,source.raster_open,1,0.009933,0.363379
2,optical_isea4h,datasets[0].timings.units[2].workers[1],raster_worker,entity.tile_checksum,1,3e-05,0.363379
2,optical_isea4h,datasets[0].timings.units[2].workers[1],raster_worker,grid.window_calculation,1,0.000338,0.363379
2,optical_isea4h,datasets[0].timings.units[2].workers[2],raster_worker,source.cache,1,0.000271,0.435781
2,optical_isea4h,datasets[0].timings.units[2].workers[2],raster_worker,grid.geometry,1,0.004554,0.435781
2,optical_isea4h,datasets[0].timings.units[2].workers[2],raster_worker,minio.tile_stat,1,0.007171,0.435781
2,optical_isea4h,datasets[0].timings.units[2].workers[2],raster_worker,source.checksum,1,0.050539,0.435781
2,optical_isea4h,datasets[0].timings.units[2].workers[2],raster_worker,source.download,1,0.0,0.435781
2,optical_isea4h,datasets[0].timings.units[2].workers[2],raster_worker,entity.tile_mask,1,0.204366,0.435781
2,optical_isea4h,datasets[0].timings.units[2].workers[2],raster_worker,entity.tile_write,1,0.095023,0.435781
2,optical_isea4h,datasets[0].timings.units[2].workers[2],raster_worker,minio.tile_upload,1,0.061502,0.435781
2,optical_isea4h,datasets[0].timings.units[2].workers[2],raster_worker,source.raster_open,1,0.010199,0.435781
2,optical_isea4h,datasets[0].timings.units[2].workers[2],raster_worker,entity.tile_checksum,1,0.000554,0.435781
2,optical_isea4h,datasets[0].timings.units[2].workers[2],raster_worker,grid.window_calculation,1,0.000359,0.435781
2,optical_isea4h,datasets[0].timings.units[2].workers[3],raster_worker,source.cache,1,0.000189,0.418011
2,optical_isea4h,datasets[0].timings.units[2].workers[3],raster_worker,grid.geometry,1,0.018734,0.418011
2,optical_isea4h,datasets[0].timings.units[2].workers[3],raster_worker,minio.tile_stat,1,0.00657,0.418011
2,optical_isea4h,datasets[0].timings.units[2].workers[3],raster_worker,source.checksum,1,0.030572,0.418011
2,optical_isea4h,datasets[0].timings.units[2].workers[3],raster_worker,source.download,1,0.0,0.418011
2,optical_isea4h,datasets[0].timings.units[2].workers[3],raster_worker,entity.tile_mask,1,0.155662,0.418011
2,optical_isea4h,datasets[0].timings.units[2].workers[3],raster_worker,entity.tile_write,1,0.10917,0.418011
2,optical_isea4h,datasets[0].timings.units[2].workers[3],raster_worker,minio.tile_upload,1,0.084895,0.418011
2,optical_isea4h,datasets[0].timings.units[2].workers[3],raster_worker,source.raster_open,1,0.009002,0.418011
2,optical_isea4h,datasets[0].timings.units[2].workers[3],raster_worker,entity.tile_checksum,1,0.001934,0.418011
2,optical_isea4h,datasets[0].timings.units[2].workers[3],raster_worker,grid.window_calculation,1,0.000327,0.418011
2,optical_isea4h,datasets[0].timings.units[2].workers[4],raster_worker,source.cache,1,0.000188,1.417602
2,optical_isea4h,datasets[0].timings.units[2].workers[4],raster_worker,grid.geometry,1,0.003713,1.417602
2,optical_isea4h,datasets[0].timings.units[2].workers[4],raster_worker,minio.tile_stat,1,0.007445,1.417602
2,optical_isea4h,datasets[0].timings.units[2].workers[4],raster_worker,source.checksum,1,0.030808,1.417602
2,optical_isea4h,datasets[0].timings.units[2].workers[4],raster_worker,source.download,1,0.0,1.417602
2,optical_isea4h,datasets[0].timings.units[2].workers[4],raster_worker,entity.tile_mask,1,0.751253,1.417602
2,optical_isea4h,datasets[0].timings.units[2].workers[4],raster_worker,entity.tile_write,1,0.555712,1.417602
2,optical_isea4h,datasets[0].timings.units[2].workers[4],raster_worker,minio.tile_upload,1,0.056401,1.417602
2,optical_isea4h,datasets[0].timings.units[2].workers[4],raster_worker,source.raster_open,1,0.008755,1.417602
2,optical_isea4h,datasets[0].timings.units[2].workers[4],raster_worker,entity.tile_checksum,1,0.001787,1.417602
2,optical_isea4h,datasets[0].timings.units[2].workers[4],raster_worker,grid.window_calculation,1,0.000311,1.417602
2,optical_isea4h,datasets[0].timings.units[3].workers[0],raster_worker,source.cache,1,0.000208,0.38005
2,optical_isea4h,datasets[0].timings.units[3].workers[0],raster_worker,grid.geometry,1,0.004031,0.38005
2,optical_isea4h,datasets[0].timings.units[3].workers[0],raster_worker,minio.tile_stat,1,0.005895,0.38005
2,optical_isea4h,datasets[0].timings.units[3].workers[0],raster_worker,source.checksum,1,0.030504,0.38005
2,optical_isea4h,datasets[0].timings.units[3].workers[0],raster_worker,source.download,1,0.0,0.38005
2,optical_isea4h,datasets[0].timings.units[3].workers[0],raster_worker,entity.tile_mask,1,0.154436,0.38005
2,optical_isea4h,datasets[0].timings.units[3].workers[0],raster_worker,entity.tile_write,1,0.106857,0.38005
2,optical_isea4h,datasets[0].timings.units[3].workers[0],raster_worker,minio.tile_upload,1,0.066334,0.38005
2,optical_isea4h,datasets[0].timings.units[3].workers[0],raster_worker,source.raster_open,1,0.008584,0.38005
2,optical_isea4h,datasets[0].timings.units[3].workers[0],raster_worker,entity.tile_checksum,1,0.002015,0.38005
2,optical_isea4h,datasets[0].timings.units[3].workers[0],raster_worker,grid.window_calculation,1,0.000289,0.38005
2,optical_isea4h,datasets[0].timings.units[3].workers[1],raster_worker,source.cache,1,0.00019,0.445849
2,optical_isea4h,datasets[0].timings.units[3].workers[1],raster_worker,grid.geometry,1,0.018325,0.445849
2,optical_isea4h,datasets[0].timings.units[3].workers[1],raster_worker,minio.tile_stat,1,0.006951,0.445849
2,optical_isea4h,datasets[0].timings.units[3].workers[1],raster_worker,source.checksum,1,0.030931,0.445849
2,optical_isea4h,datasets[0].timings.units[3].workers[1],raster_worker,source.download,1,0.0,0.445849
2,optical_isea4h,datasets[0].timings.units[3].workers[1],raster_worker,entity.tile_mask,1,0.14932,0.445849
2,optical_isea4h,datasets[0].timings.units[3].workers[1],raster_worker,entity.tile_write,1,0.169444,0.445849
2,optical_isea4h,datasets[0].timings.units[3].workers[1],raster_worker,minio.tile_upload,1,0.058545,0.445849
2,optical_isea4h,datasets[0].timings.units[3].workers[1],raster_worker,source.raster_open,1,0.00942,0.445849
2,optical_isea4h,datasets[0].timings.units[3].workers[1],raster_worker,entity.tile_checksum,1,0.000815,0.445849
2,optical_isea4h,datasets[0].timings.units[3].workers[1],raster_worker,grid.window_calculation,1,0.000309,0.445849
2,optical_isea4h,datasets[0].timings.units[3].workers[2],raster_worker,source.cache,1,0.000223,0.417885
2,optical_isea4h,datasets[0].timings.units[3].workers[2],raster_worker,grid.geometry,1,0.020076,0.417885
2,optical_isea4h,datasets[0].timings.units[3].workers[2],raster_worker,minio.tile_stat,1,0.008975,0.417885
2,optical_isea4h,datasets[0].timings.units[3].workers[2],raster_worker,source.checksum,1,0.045609,0.417885
2,optical_isea4h,datasets[0].timings.units[3].workers[2],raster_worker,source.download,1,0.0,0.417885
2,optical_isea4h,datasets[0].timings.units[3].workers[2],raster_worker,entity.tile_mask,1,0.178503,0.417885
2,optical_isea4h,datasets[0].timings.units[3].workers[2],raster_worker,entity.tile_write,1,0.123096,0.417885
2,optical_isea4h,datasets[0].timings.units[3].workers[2],raster_worker,minio.tile_upload,1,0.030388,0.417885
2,optical_isea4h,datasets[0].timings.units[3].workers[2],raster_worker,source.raster_open,1,0.009467,0.417885
2,optical_isea4h,datasets[0].timings.units[3].workers[2],raster_worker,entity.tile_checksum,1,3.8e-05,0.417885
2,optical_isea4h,datasets[0].timings.units[3].workers[2],raster_worker,grid.window_calculation,1,0.000312,0.417885
2,optical_isea4h,datasets[0].timings.units[3].workers[3],raster_worker,source.cache,1,0.000237,0.441285
2,optical_isea4h,datasets[0].timings.units[3].workers[3],raster_worker,grid.geometry,1,0.019767,0.441285
2,optical_isea4h,datasets[0].timings.units[3].workers[3],raster_worker,minio.tile_stat,1,0.022058,0.441285
2,optical_isea4h,datasets[0].timings.units[3].workers[3],raster_worker,source.checksum,1,0.047079,0.441285
2,optical_isea4h,datasets[0].timings.units[3].workers[3],raster_worker,source.download,1,0.0,0.441285
2,optical_isea4h,datasets[0].timings.units[3].workers[3],raster_worker,entity.tile_mask,1,0.170971,0.441285
2,optical_isea4h,datasets[0].timings.units[3].workers[3],raster_worker,entity.tile_write,1,0.116652,0.441285
2,optical_isea4h,datasets[0].timings.units[3].workers[3],raster_worker,minio.tile_upload,1,0.048711,0.441285
2,optical_isea4h,datasets[0].timings.units[3].workers[3],raster_worker,source.raster_open,1,0.013587,0.441285
2,optical_isea4h,datasets[0].timings.units[3].workers[3],raster_worker,entity.tile_checksum,1,0.000593,0.441285
2,optical_isea4h,datasets[0].timings.units[3].workers[3],raster_worker,grid.window_calculation,1,0.000358,0.441285
2,optical_isea4h,datasets[0].timings.units[3].workers[4],raster_worker,source.cache,1,0.000261,2.629372
2,optical_isea4h,datasets[0].timings.units[3].workers[4],raster_worker,grid.geometry,1,0.005003,2.629372
2,optical_isea4h,datasets[0].timings.units[3].workers[4],raster_worker,minio.tile_stat,1,0.007075,2.629372
2,optical_isea4h,datasets[0].timings.units[3].workers[4],raster_worker,source.checksum,1,0.046871,2.629372
2,optical_isea4h,datasets[0].timings.units[3].workers[4],raster_worker,source.download,1,0.0,2.629372
2,optical_isea4h,datasets[0].timings.units[3].workers[4],raster_worker,entity.tile_mask,1,0.91695,2.629372
2,optical_isea4h,datasets[0].timings.units[3].workers[4],raster_worker,entity.tile_write,1,1.462568,2.629372
2,optical_isea4h,datasets[0].timings.units[3].workers[4],raster_worker,minio.tile_upload,1,0.165285,2.629372
2,optical_isea4h,datasets[0].timings.units[3].workers[4],raster_worker,source.raster_open,1,0.010239,2.629372
2,optical_isea4h,datasets[0].timings.units[3].workers[4],raster_worker,entity.tile_checksum,1,0.010723,2.629372
2,optical_isea4h,datasets[0].timings.units[3].workers[4],raster_worker,grid.window_calculation,1,0.000359,2.629372
2,optical_isea4h,datasets[0].timings.workflow,workflow_dataset,opengauss.start_output,1,0.013853,5.589465
2,optical_isea4h,datasets[0].timings.workflow,workflow_dataset,opengauss.complete_output,1,0.035494,5.589465
2,radar_isea4h,timings.job_driver,ray_job_driver,workflow.run,1,3.939946,4.095706
2,radar_isea4h,timings.job_driver,ray_job_driver,driver.bootstrap,1,0.150783,4.095706
2,radar_isea4h,timings.job_driver,ray_job_driver,task.start_attempt,1,0.004198,4.095706
2,radar_isea4h,datasets[0].timings.units[0].driver,raster_driver,grid.cover,1,0.01944,3.543489
2,radar_isea4h,datasets[0].timings.units[0].workers[0],raster_worker,source.cache,1,0.000183,2.030399
2,radar_isea4h,datasets[0].timings.units[0].workers[0],raster_worker,grid.geometry,3,0.005632,2.030399
2,radar_isea4h,datasets[0].timings.units[0].workers[0],raster_worker,minio.tile_stat,3,0.011681,2.030399
2,radar_isea4h,datasets[0].timings.units[0].workers[0],raster_worker,source.checksum,1,0.01945,2.030399
2,radar_isea4h,datasets[0].timings.units[0].workers[0],raster_worker,source.download,1,0.0,2.030399
2,radar_isea4h,datasets[0].timings.units[0].workers[0],raster_worker,entity.tile_mask,3,0.304346,2.030399
2,radar_isea4h,datasets[0].timings.units[0].workers[0],raster_worker,entity.tile_write,3,0.844865,2.030399
2,radar_isea4h,datasets[0].timings.units[0].workers[0],raster_worker,minio.tile_upload,3,0.801554,2.030399
2,radar_isea4h,datasets[0].timings.units[0].workers[0],raster_worker,source.raster_open,1,0.017621,2.030399
2,radar_isea4h,datasets[0].timings.units[0].workers[0],raster_worker,entity.tile_checksum,3,0.019257,2.030399
2,radar_isea4h,datasets[0].timings.units[0].workers[0],raster_worker,grid.window_calculation,3,0.000746,2.030399
2,radar_isea4h,datasets[0].timings.units[0].batch_driver,raster_batch_driver,ray.init,1,0.080934,3.543466
2,radar_isea4h,datasets[0].timings.units[0].batch_driver,raster_batch_driver,ray.wait,17,3.359566,3.543466
2,radar_isea4h,datasets[0].timings.units[0].batch_driver,raster_batch_driver,ray.result_get,1,0.0008,3.543466
2,radar_isea4h,datasets[0].timings.units[0].batch_driver,raster_batch_driver,ray.task_submit,2,0.051507,3.543466
2,radar_isea4h,datasets[0].timings.units[0].batch_driver,raster_batch_driver,driver.result_merge,2,1.1e-05,3.543466
2,radar_isea4h,datasets[0].timings.units[0].source_preflight,source_preflight,minio.stat,1,0.166137,0.166171
2,radar_isea4h,datasets[0].timings.units[1].workers[0],raster_worker,source.cache,1,0.000173,2.039572
2,radar_isea4h,datasets[0].timings.units[1].workers[0],raster_worker,grid.geometry,3,0.00575,2.039572
2,radar_isea4h,datasets[0].timings.units[1].workers[0],raster_worker,minio.tile_stat,3,0.013056,2.039572
2,radar_isea4h,datasets[0].timings.units[1].workers[0],raster_worker,source.checksum,1,0.023591,2.039572
2,radar_isea4h,datasets[0].timings.units[1].workers[0],raster_worker,source.download,1,0.0,2.039572
2,radar_isea4h,datasets[0].timings.units[1].workers[0],raster_worker,entity.tile_mask,3,0.309222,2.039572
2,radar_isea4h,datasets[0].timings.units[1].workers[0],raster_worker,entity.tile_write,3,0.832061,2.039572
2,radar_isea4h,datasets[0].timings.units[1].workers[0],raster_worker,minio.tile_upload,3,0.812618,2.039572
2,radar_isea4h,datasets[0].timings.units[1].workers[0],raster_worker,source.raster_open,1,0.017171,2.039572
2,radar_isea4h,datasets[0].timings.units[1].workers[0],raster_worker,entity.tile_checksum,3,0.020173,2.039572
2,radar_isea4h,datasets[0].timings.units[1].workers[0],raster_worker,grid.window_calculation,3,0.000757,2.039572
2,radar_isea4h,datasets[0].timings.workflow,workflow_dataset,opengauss.start_output,1,0.011982,3.939725
2,radar_isea4h,datasets[0].timings.workflow,workflow_dataset,opengauss.complete_output,1,0.025818,3.939725
2,product_isea4h,timings.job_driver,ray_job_driver,workflow.run,1,2.952098,3.101685
2,product_isea4h,timings.job_driver,ray_job_driver,driver.bootstrap,1,0.143981,3.101685
2,product_isea4h,timings.job_driver,ray_job_driver,task.start_attempt,1,0.004865,3.101685
2,product_isea4h,datasets[0].timings.units[0].driver,raster_driver,grid.cover,1,0.041034,2.56761
2,product_isea4h,datasets[0].timings.units[0].workers[0],raster_worker,source.cache,1,0.000198,0.134462
2,product_isea4h,datasets[0].timings.units[0].workers[0],raster_worker,grid.geometry,1,0.003673,0.134462
2,product_isea4h,datasets[0].timings.units[0].workers[0],raster_worker,minio.tile_stat,1,0.00671,0.134462
2,product_isea4h,datasets[0].timings.units[0].workers[0],raster_worker,source.checksum,1,0.008424,0.134462
2,product_isea4h,datasets[0].timings.units[0].workers[0],raster_worker,source.download,1,0.0,0.134462
2,product_isea4h,datasets[0].timings.units[0].workers[0],raster_worker,entity.tile_mask,1,0.01468,0.134462
2,product_isea4h,datasets[0].timings.units[0].workers[0],raster_worker,entity.tile_write,1,0.028087,0.134462
2,product_isea4h,datasets[0].timings.units[0].workers[0],raster_worker,minio.tile_upload,1,0.052071,0.134462
2,product_isea4h,datasets[0].timings.units[0].workers[0],raster_worker,source.raster_open,1,0.017539,0.134462
2,product_isea4h,datasets[0].timings.units[0].workers[0],raster_worker,entity.tile_checksum,1,0.000171,0.134462
2,product_isea4h,datasets[0].timings.units[0].workers[0],raster_worker,grid.window_calculation,1,0.000308,0.134462
2,product_isea4h,datasets[0].timings.units[0].workers[1],raster_worker,source.cache,1,0.000192,0.253976
2,product_isea4h,datasets[0].timings.units[0].workers[1],raster_worker,grid.geometry,1,0.003583,0.253976
2,product_isea4h,datasets[0].timings.units[0].workers[1],raster_worker,minio.tile_stat,1,0.005611,0.253976
2,product_isea4h,datasets[0].timings.units[0].workers[1],raster_worker,source.checksum,1,0.004918,0.253976
2,product_isea4h,datasets[0].timings.units[0].workers[1],raster_worker,source.download,1,0.0,0.253976
2,product_isea4h,datasets[0].timings.units[0].workers[1],raster_worker,entity.tile_mask,1,0.042664,0.253976
2,product_isea4h,datasets[0].timings.units[0].workers[1],raster_worker,entity.tile_write,1,0.105706,0.253976
2,product_isea4h,datasets[0].timings.units[0].workers[1],raster_worker,minio.tile_upload,1,0.068545,0.253976
2,product_isea4h,datasets[0].timings.units[0].workers[1],raster_worker,source.raster_open,1,0.017633,0.253976
2,product_isea4h,datasets[0].timings.units[0].workers[1],raster_worker,entity.tile_checksum,1,0.002211,0.253976
2,product_isea4h,datasets[0].timings.units[0].workers[1],raster_worker,grid.window_calculation,1,0.000297,0.253976
2,product_isea4h,datasets[0].timings.units[0].workers[2],raster_worker,source.cache,1,0.000175,0.610559
2,product_isea4h,datasets[0].timings.units[0].workers[2],raster_worker,grid.geometry,1,0.003521,0.610559
2,product_isea4h,datasets[0].timings.units[0].workers[2],raster_worker,minio.tile_stat,1,0.005916,0.610559
2,product_isea4h,datasets[0].timings.units[0].workers[2],raster_worker,source.checksum,1,0.003551,0.610559
2,product_isea4h,datasets[0].timings.units[0].workers[2],raster_worker,source.download,1,0.0,0.610559
2,product_isea4h,datasets[0].timings.units[0].workers[2],raster_worker,entity.tile_mask,1,0.096783,0.610559
2,product_isea4h,datasets[0].timings.units[0].workers[2],raster_worker,entity.tile_write,1,0.269139,0.610559
2,product_isea4h,datasets[0].timings.units[0].workers[2],raster_worker,minio.tile_upload,1,0.203902,0.610559
2,product_isea4h,datasets[0].timings.units[0].workers[2],raster_worker,source.raster_open,1,0.016929,0.610559
2,product_isea4h,datasets[0].timings.units[0].workers[2],raster_worker,entity.tile_checksum,1,0.007865,0.610559
2,product_isea4h,datasets[0].timings.units[0].workers[2],raster_worker,grid.window_calculation,1,0.000283,0.610559
2,product_isea4h,datasets[0].timings.units[0].workers[3],raster_worker,source.cache,1,0.00018,0.947611
2,product_isea4h,datasets[0].timings.units[0].workers[3],raster_worker,grid.geometry,1,0.003558,0.947611
2,product_isea4h,datasets[0].timings.units[0].workers[3],raster_worker,minio.tile_stat,1,0.005991,0.947611
2,product_isea4h,datasets[0].timings.units[0].workers[3],raster_worker,source.checksum,1,0.003771,0.947611
2,product_isea4h,datasets[0].timings.units[0].workers[3],raster_worker,source.download,1,0.0,0.947611
2,product_isea4h,datasets[0].timings.units[0].workers[3],raster_worker,entity.tile_mask,1,0.145959,0.947611
2,product_isea4h,datasets[0].timings.units[0].workers[3],raster_worker,entity.tile_write,1,0.440094,0.947611
2,product_isea4h,datasets[0].timings.units[0].workers[3],raster_worker,minio.tile_upload,1,0.315447,0.947611
2,product_isea4h,datasets[0].timings.units[0].workers[3],raster_worker,source.raster_open,1,0.017034,0.947611
2,product_isea4h,datasets[0].timings.units[0].workers[3],raster_worker,entity.tile_checksum,1,0.012707,0.947611
2,product_isea4h,datasets[0].timings.units[0].workers[3],raster_worker,grid.window_calculation,1,0.00029,0.947611
2,product_isea4h,datasets[0].timings.units[0].workers[4],raster_worker,source.cache,1,0.000224,0.856212
2,product_isea4h,datasets[0].timings.units[0].workers[4],raster_worker,grid.geometry,1,0.004204,0.856212
2,product_isea4h,datasets[0].timings.units[0].workers[4],raster_worker,minio.tile_stat,1,0.007979,0.856212
2,product_isea4h,datasets[0].timings.units[0].workers[4],raster_worker,source.checksum,1,0.00524,0.856212
2,product_isea4h,datasets[0].timings.units[0].workers[4],raster_worker,source.download,1,0.0,0.856212
2,product_isea4h,datasets[0].timings.units[0].workers[4],raster_worker,entity.tile_mask,1,0.173794,0.856212
2,product_isea4h,datasets[0].timings.units[0].workers[4],raster_worker,entity.tile_write,1,0.439734,0.856212
2,product_isea4h,datasets[0].timings.units[0].workers[4],raster_worker,minio.tile_upload,1,0.189329,0.856212
2,product_isea4h,datasets[0].timings.units[0].workers[4],raster_worker,source.raster_open,1,0.018185,0.856212
2,product_isea4h,datasets[0].timings.units[0].workers[4],raster_worker,entity.tile_checksum,1,0.014,0.856212
2,product_isea4h,datasets[0].timings.units[0].workers[4],raster_worker,grid.window_calculation,1,0.000335,0.856212
2,product_isea4h,datasets[0].timings.units[0].batch_driver,raster_batch_driver,ray.init,1,0.081139,2.567561
2,product_isea4h,datasets[0].timings.units[0].batch_driver,raster_batch_driver,ray.wait,12,2.341563,2.567561
2,product_isea4h,datasets[0].timings.units[0].batch_driver,raster_batch_driver,ray.result_get,4,0.001872,2.567561
2,product_isea4h,datasets[0].timings.units[0].batch_driver,raster_batch_driver,ray.task_submit,5,0.075358,2.567561
2,product_isea4h,datasets[0].timings.units[0].batch_driver,raster_batch_driver,driver.result_merge,5,2.7e-05,2.567561
2,product_isea4h,datasets[0].timings.units[0].source_preflight,source_preflight,minio.stat,1,0.15277,0.1528
2,product_isea4h,datasets[0].timings.workflow,workflow_dataset,opengauss.start_output,1,0.010513,2.951871
2,product_isea4h,datasets[0].timings.workflow,workflow_dataset,opengauss.complete_output,1,0.024005,2.951871
2,carbon_isea4h,timings.job_driver,ray_job_driver,workflow.run,1,2.417546,2.574539
2,carbon_isea4h,timings.job_driver,ray_job_driver,driver.bootstrap,1,0.15164,2.574539
2,carbon_isea4h,timings.job_driver,ray_job_driver,task.start_attempt,1,0.004539,2.574539
2,carbon_isea4h,datasets[0].timings.units[0].driver,carbon_driver,ray.init,1,0.079169,2.030409
2,carbon_isea4h,datasets[0].timings.units[0].driver,carbon_driver,ray.wait_get,1,1.907278,2.030409
2,carbon_isea4h,datasets[0].timings.units[0].driver,carbon_driver,ray.task_submit,1,0.043842,2.030409
2,carbon_isea4h,datasets[0].timings.units[0].driver,carbon_driver,driver.result_merge,1,2e-06,2.030409
2,carbon_isea4h,datasets[0].timings.units[0].workers[0],carbon_worker,grid.locate,1,0.001268,0.5826
2,carbon_isea4h,datasets[0].timings.units[0].workers[0],carbon_worker,source.cache,1,0.46997,0.5826
2,carbon_isea4h,datasets[0].timings.units[0].workers[0],carbon_worker,grid.geometry,1,0.000627,0.5826
2,carbon_isea4h,datasets[0].timings.units[0].workers[0],carbon_worker,source.checksum,1,0.036804,0.5826
2,carbon_isea4h,datasets[0].timings.units[0].workers[0],carbon_worker,source.download,1,0.469583,0.5826
2,carbon_isea4h,datasets[0].timings.units[0].workers[0],carbon_worker,carbon.observation_load,1,0.070307,0.5826
2,carbon_isea4h,datasets[0].timings.units[0].workers[0],carbon_worker,carbon.measurement_partition,1,0.000102,0.5826
2,carbon_isea4h,datasets[0].timings.units[0].workers[0],carbon_worker,carbon.partition_observation,1,0.003175,0.5826
2,carbon_isea4h,datasets[0].timings.units[0].source_preflight,source_preflight,minio.stat,1,0.161741,0.161774
2,carbon_isea4h,datasets[0].timings.workflow,workflow_dataset,opengauss.start_output,1,0.009927,2.41731
2,carbon_isea4h,datasets[0].timings.workflow,workflow_dataset,opengauss.complete_output,1,0.019693,2.41731
3,optical_isea4h,timings.job_driver,ray_job_driver,workflow.run,1,5.337361,5.497494
3,optical_isea4h,timings.job_driver,ray_job_driver,driver.bootstrap,1,0.154831,5.497494
3,optical_isea4h,timings.job_driver,ray_job_driver,task.start_attempt,1,0.004605,5.497494
3,optical_isea4h,datasets[0].timings.units[0].driver,raster_driver,grid.cover,1,0.023513,4.938442
3,optical_isea4h,datasets[0].timings.units[0].workers[0],raster_worker,source.cache,1,0.000244,0.40302
3,optical_isea4h,datasets[0].timings.units[0].workers[0],raster_worker,grid.geometry,1,0.004015,0.40302
3,optical_isea4h,datasets[0].timings.units[0].workers[0],raster_worker,minio.tile_stat,1,0.005035,0.40302
3,optical_isea4h,datasets[0].timings.units[0].workers[0],raster_worker,source.checksum,1,0.032592,0.40302
3,optical_isea4h,datasets[0].timings.units[0].workers[0],raster_worker,source.download,1,0.0,0.40302
3,optical_isea4h,datasets[0].timings.units[0].workers[0],raster_worker,entity.tile_mask,1,0.151844,0.40302
3,optical_isea4h,datasets[0].timings.units[0].workers[0],raster_worker,entity.tile_write,1,0.121907,0.40302
3,optical_isea4h,datasets[0].timings.units[0].workers[0],raster_worker,minio.tile_upload,1,0.077159,0.40302
3,optical_isea4h,datasets[0].timings.units[0].workers[0],raster_worker,source.raster_open,1,0.008722,0.40302
3,optical_isea4h,datasets[0].timings.units[0].workers[0],raster_worker,entity.tile_checksum,1,0.000226,0.40302
3,optical_isea4h,datasets[0].timings.units[0].workers[0],raster_worker,grid.window_calculation,1,0.000299,0.40302
3,optical_isea4h,datasets[0].timings.units[0].workers[1],raster_worker,source.cache,1,0.000198,0.391046
3,optical_isea4h,datasets[0].timings.units[0].workers[1],raster_worker,grid.geometry,1,0.003787,0.391046
3,optical_isea4h,datasets[0].timings.units[0].workers[1],raster_worker,minio.tile_stat,1,0.004906,0.391046
3,optical_isea4h,datasets[0].timings.units[0].workers[1],raster_worker,source.checksum,1,0.031008,0.391046
3,optical_isea4h,datasets[0].timings.units[0].workers[1],raster_worker,source.download,1,0.0,0.391046
3,optical_isea4h,datasets[0].timings.units[0].workers[1],raster_worker,entity.tile_mask,1,0.160205,0.391046
3,optical_isea4h,datasets[0].timings.units[0].workers[1],raster_worker,entity.tile_write,1,0.112055,0.391046
3,optical_isea4h,datasets[0].timings.units[0].workers[1],raster_worker,minio.tile_upload,1,0.068919,0.391046
3,optical_isea4h,datasets[0].timings.units[0].workers[1],raster_worker,source.raster_open,1,0.008752,0.391046
3,optical_isea4h,datasets[0].timings.units[0].workers[1],raster_worker,entity.tile_checksum,1,2.8e-05,0.391046
3,optical_isea4h,datasets[0].timings.units[0].workers[1],raster_worker,grid.window_calculation,1,0.000292,0.391046
3,optical_isea4h,datasets[0].timings.units[0].workers[2],raster_worker,source.cache,1,0.000248,0.384174
3,optical_isea4h,datasets[0].timings.units[0].workers[2],raster_worker,grid.geometry,1,0.004006,0.384174
3,optical_isea4h,datasets[0].timings.units[0].workers[2],raster_worker,minio.tile_stat,1,0.013957,0.384174
3,optical_isea4h,datasets[0].timings.units[0].workers[2],raster_worker,source.checksum,1,0.032981,0.384174
3,optical_isea4h,datasets[0].timings.units[0].workers[2],raster_worker,source.download,1,0.0,0.384174
3,optical_isea4h,datasets[0].timings.units[0].workers[2],raster_worker,entity.tile_mask,1,0.150835,0.384174
3,optical_isea4h,datasets[0].timings.units[0].workers[2],raster_worker,entity.tile_write,1,0.086083,0.384174
3,optical_isea4h,datasets[0].timings.units[0].workers[2],raster_worker,minio.tile_upload,1,0.086,0.384174
3,optical_isea4h,datasets[0].timings.units[0].workers[2],raster_worker,source.raster_open,1,0.008687,0.384174
3,optical_isea4h,datasets[0].timings.units[0].workers[2],raster_worker,entity.tile_checksum,1,0.000109,0.384174
3,optical_isea4h,datasets[0].timings.units[0].workers[2],raster_worker,grid.window_calculation,1,0.000295,0.384174
3,optical_isea4h,datasets[0].timings.units[0].workers[3],raster_worker,source.cache,1,0.000254,0.371344
3,optical_isea4h,datasets[0].timings.units[0].workers[3],raster_worker,grid.geometry,1,0.004493,0.371344
3,optical_isea4h,datasets[0].timings.units[0].workers[3],raster_worker,minio.tile_stat,1,0.007148,0.371344
3,optical_isea4h,datasets[0].timings.units[0].workers[3],raster_worker,source.checksum,1,0.030877,0.371344
3,optical_isea4h,datasets[0].timings.units[0].workers[3],raster_worker,source.download,1,0.0,0.371344
3,optical_isea4h,datasets[0].timings.units[0].workers[3],raster_worker,entity.tile_mask,1,0.153944,0.371344
3,optical_isea4h,datasets[0].timings.units[0].workers[3],raster_worker,entity.tile_write,1,0.1082,0.371344
3,optical_isea4h,datasets[0].timings.units[0].workers[3],raster_worker,minio.tile_upload,1,0.054204,0.371344
3,optical_isea4h,datasets[0].timings.units[0].workers[3],raster_worker,source.raster_open,1,0.009509,0.371344
3,optical_isea4h,datasets[0].timings.units[0].workers[3],raster_worker,entity.tile_checksum,1,0.001148,0.371344
3,optical_isea4h,datasets[0].timings.units[0].workers[3],raster_worker,grid.window_calculation,1,0.000383,0.371344
3,optical_isea4h,datasets[0].timings.units[0].workers[4],raster_worker,source.cache,1,0.000204,1.673756
3,optical_isea4h,datasets[0].timings.units[0].workers[4],raster_worker,grid.geometry,1,0.00383,1.673756
3,optical_isea4h,datasets[0].timings.units[0].workers[4],raster_worker,minio.tile_stat,1,0.005902,1.673756
3,optical_isea4h,datasets[0].timings.units[0].workers[4],raster_worker,source.checksum,1,0.037002,1.673756
3,optical_isea4h,datasets[0].timings.units[0].workers[4],raster_worker,source.download,1,0.0,1.673756
3,optical_isea4h,datasets[0].timings.units[0].workers[4],raster_worker,entity.tile_mask,1,0.742699,1.673756
3,optical_isea4h,datasets[0].timings.units[0].workers[4],raster_worker,entity.tile_write,1,0.736138,1.673756
3,optical_isea4h,datasets[0].timings.units[0].workers[4],raster_worker,minio.tile_upload,1,0.133511,1.673756
3,optical_isea4h,datasets[0].timings.units[0].workers[4],raster_worker,source.raster_open,1,0.009514,1.673756
3,optical_isea4h,datasets[0].timings.units[0].workers[4],raster_worker,entity.tile_checksum,1,0.003415,1.673756
3,optical_isea4h,datasets[0].timings.units[0].workers[4],raster_worker,grid.window_calculation,1,0.000354,1.673756
3,optical_isea4h,datasets[0].timings.units[0].batch_driver,raster_batch_driver,ray.init,1,0.08195,4.938419
3,optical_isea4h,datasets[0].timings.units[0].batch_driver,raster_batch_driver,ray.wait,24,4.72687,4.938419
3,optical_isea4h,datasets[0].timings.units[0].batch_driver,raster_batch_driver,ray.result_get,9,0.00413,4.938419
3,optical_isea4h,datasets[0].timings.units[0].batch_driver,raster_batch_driver,ray.task_submit,20,0.055103,4.938419
3,optical_isea4h,datasets[0].timings.units[0].batch_driver,raster_batch_driver,driver.result_merge,20,7.3e-05,4.938419
3,optical_isea4h,datasets[0].timings.units[0].source_preflight,source_preflight,minio.stat,1,0.159265,0.159292
3,optical_isea4h,datasets[0].timings.units[1].workers[0],raster_worker,source.cache,1,0.00018,0.399006
3,optical_isea4h,datasets[0].timings.units[1].workers[0],raster_worker,grid.geometry,1,0.003528,0.399006
3,optical_isea4h,datasets[0].timings.units[1].workers[0],raster_worker,minio.tile_stat,1,0.004837,0.399006
3,optical_isea4h,datasets[0].timings.units[1].workers[0],raster_worker,source.checksum,1,0.030768,0.399006
3,optical_isea4h,datasets[0].timings.units[1].workers[0],raster_worker,source.download,1,0.0,0.399006
3,optical_isea4h,datasets[0].timings.units[1].workers[0],raster_worker,entity.tile_mask,1,0.151765,0.399006
3,optical_isea4h,datasets[0].timings.units[1].workers[0],raster_worker,entity.tile_write,1,0.110938,0.399006
3,optical_isea4h,datasets[0].timings.units[1].workers[0],raster_worker,minio.tile_upload,1,0.086864,0.399006
3,optical_isea4h,datasets[0].timings.units[1].workers[0],raster_worker,source.raster_open,1,0.00878,0.399006
3,optical_isea4h,datasets[0].timings.units[1].workers[0],raster_worker,entity.tile_checksum,1,0.000181,0.399006
3,optical_isea4h,datasets[0].timings.units[1].workers[0],raster_worker,grid.window_calculation,1,0.000277,0.399006
3,optical_isea4h,datasets[0].timings.units[1].workers[1],raster_worker,source.cache,1,0.000194,0.388827
3,optical_isea4h,datasets[0].timings.units[1].workers[1],raster_worker,grid.geometry,1,0.003826,0.388827
3,optical_isea4h,datasets[0].timings.units[1].workers[1],raster_worker,minio.tile_stat,1,0.005461,0.388827
3,optical_isea4h,datasets[0].timings.units[1].workers[1],raster_worker,source.checksum,1,0.031154,0.388827
3,optical_isea4h,datasets[0].timings.units[1].workers[1],raster_worker,source.download,1,0.0,0.388827
3,optical_isea4h,datasets[0].timings.units[1].workers[1],raster_worker,entity.tile_mask,1,0.152304,0.388827
3,optical_isea4h,datasets[0].timings.units[1].workers[1],raster_worker,entity.tile_write,1,0.116134,0.388827
3,optical_isea4h,datasets[0].timings.units[1].workers[1],raster_worker,minio.tile_upload,1,0.069284,0.388827
3,optical_isea4h,datasets[0].timings.units[1].workers[1],raster_worker,source.raster_open,1,0.00922,0.388827
3,optical_isea4h,datasets[0].timings.units[1].workers[1],raster_worker,entity.tile_checksum,1,2.8e-05,0.388827
3,optical_isea4h,datasets[0].timings.units[1].workers[1],raster_worker,grid.window_calculation,1,0.00033,0.388827
3,optical_isea4h,datasets[0].timings.units[1].workers[2],raster_worker,source.cache,1,0.000217,0.347446
3,optical_isea4h,datasets[0].timings.units[1].workers[2],raster_worker,grid.geometry,1,0.003868,0.347446
3,optical_isea4h,datasets[0].timings.units[1].workers[2],raster_worker,minio.tile_stat,1,0.006884,0.347446
3,optical_isea4h,datasets[0].timings.units[1].workers[2],raster_worker,source.checksum,1,0.03156,0.347446
3,optical_isea4h,datasets[0].timings.units[1].workers[2],raster_worker,source.download,1,0.0,0.347446
3,optical_isea4h,datasets[0].timings.units[1].workers[2],raster_worker,entity.tile_mask,1,0.150605,0.347446
3,optical_isea4h,datasets[0].timings.units[1].workers[2],raster_worker,entity.tile_write,1,0.093446,0.347446
3,optical_isea4h,datasets[0].timings.units[1].workers[2],raster_worker,minio.tile_upload,1,0.050107,0.347446
3,optical_isea4h,datasets[0].timings.units[1].workers[2],raster_worker,source.raster_open,1,0.008879,0.347446
3,optical_isea4h,datasets[0].timings.units[1].workers[2],raster_worker,entity.tile_checksum,1,0.000536,0.347446
3,optical_isea4h,datasets[0].timings.units[1].workers[2],raster_worker,grid.window_calculation,1,0.000333,0.347446
3,optical_isea4h,datasets[0].timings.units[1].workers[3],raster_worker,source.cache,1,0.000246,0.434982
3,optical_isea4h,datasets[0].timings.units[1].workers[3],raster_worker,grid.geometry,1,0.006119,0.434982
3,optical_isea4h,datasets[0].timings.units[1].workers[3],raster_worker,minio.tile_stat,1,0.007538,0.434982
3,optical_isea4h,datasets[0].timings.units[1].workers[3],raster_worker,source.checksum,1,0.049666,0.434982
3,optical_isea4h,datasets[0].timings.units[1].workers[3],raster_worker,source.download,1,0.0,0.434982
3,optical_isea4h,datasets[0].timings.units[1].workers[3],raster_worker,entity.tile_mask,1,0.181745,0.434982
3,optical_isea4h,datasets[0].timings.units[1].workers[3],raster_worker,entity.tile_write,1,0.119822,0.434982
3,optical_isea4h,datasets[0].timings.units[1].workers[3],raster_worker,minio.tile_upload,1,0.053945,0.434982
3,optical_isea4h,datasets[0].timings.units[1].workers[3],raster_worker,source.raster_open,1,0.010533,0.434982
3,optical_isea4h,datasets[0].timings.units[1].workers[3],raster_worker,entity.tile_checksum,1,0.003507,0.434982
3,optical_isea4h,datasets[0].timings.units[1].workers[3],raster_worker,grid.window_calculation,1,0.000438,0.434982
3,optical_isea4h,datasets[0].timings.units[1].workers[4],raster_worker,source.cache,1,0.00021,1.496111
3,optical_isea4h,datasets[0].timings.units[1].workers[4],raster_worker,grid.geometry,1,0.003752,1.496111
3,optical_isea4h,datasets[0].timings.units[1].workers[4],raster_worker,minio.tile_stat,1,0.00691,1.496111
3,optical_isea4h,datasets[0].timings.units[1].workers[4],raster_worker,source.checksum,1,0.032427,1.496111
3,optical_isea4h,datasets[0].timings.units[1].workers[4],raster_worker,source.download,1,0.0,1.496111
3,optical_isea4h,datasets[0].timings.units[1].workers[4],raster_worker,entity.tile_mask,1,0.763426,1.496111
3,optical_isea4h,datasets[0].timings.units[1].workers[4],raster_worker,entity.tile_write,1,0.597529,1.496111
3,optical_isea4h,datasets[0].timings.units[1].workers[4],raster_worker,minio.tile_upload,1,0.079434,1.496111
3,optical_isea4h,datasets[0].timings.units[1].workers[4],raster_worker,source.raster_open,1,0.008432,1.496111
3,optical_isea4h,datasets[0].timings.units[1].workers[4],raster_worker,entity.tile_checksum,1,0.002115,1.496111
3,optical_isea4h,datasets[0].timings.units[1].workers[4],raster_worker,grid.window_calculation,1,0.000289,1.496111
3,optical_isea4h,datasets[0].timings.units[2].workers[0],raster_worker,source.cache,1,0.000181,0.338893
3,optical_isea4h,datasets[0].timings.units[2].workers[0],raster_worker,grid.geometry,1,0.003628,0.338893
3,optical_isea4h,datasets[0].timings.units[2].workers[0],raster_worker,minio.tile_stat,1,0.007468,0.338893
3,optical_isea4h,datasets[0].timings.units[2].workers[0],raster_worker,source.checksum,1,0.030792,0.338893
3,optical_isea4h,datasets[0].timings.units[2].workers[0],raster_worker,source.download,1,0.0,0.338893
3,optical_isea4h,datasets[0].timings.units[2].workers[0],raster_worker,entity.tile_mask,1,0.152415,0.338893
3,optical_isea4h,datasets[0].timings.units[2].workers[0],raster_worker,entity.tile_write,1,0.106956,0.338893
3,optical_isea4h,datasets[0].timings.units[2].workers[0],raster_worker,minio.tile_upload,1,0.027582,0.338893
3,optical_isea4h,datasets[0].timings.units[2].workers[0],raster_worker,source.raster_open,1,0.00858,0.338893
3,optical_isea4h,datasets[0].timings.units[2].workers[0],raster_worker,entity.tile_checksum,1,0.000173,0.338893
3,optical_isea4h,datasets[0].timings.units[2].workers[0],raster_worker,grid.window_calculation,1,0.000287,0.338893
3,optical_isea4h,datasets[0].timings.units[2].workers[1],raster_worker,source.cache,1,0.00018,0.372784
3,optical_isea4h,datasets[0].timings.units[2].workers[1],raster_worker,grid.geometry,1,0.003786,0.372784
3,optical_isea4h,datasets[0].timings.units[2].workers[1],raster_worker,minio.tile_stat,1,0.005526,0.372784
3,optical_isea4h,datasets[0].timings.units[2].workers[1],raster_worker,source.checksum,1,0.032827,0.372784
3,optical_isea4h,datasets[0].timings.units[2].workers[1],raster_worker,source.download,1,0.0,0.372784
3,optical_isea4h,datasets[0].timings.units[2].workers[1],raster_worker,entity.tile_mask,1,0.156269,0.372784
3,optical_isea4h,datasets[0].timings.units[2].workers[1],raster_worker,entity.tile_write,1,0.128534,0.372784
3,optical_isea4h,datasets[0].timings.units[2].workers[1],raster_worker,minio.tile_upload,1,0.035541,0.372784
3,optical_isea4h,datasets[0].timings.units[2].workers[1],raster_worker,source.raster_open,1,0.008931,0.372784
3,optical_isea4h,datasets[0].timings.units[2].workers[1],raster_worker,entity.tile_checksum,1,2.7e-05,0.372784
3,optical_isea4h,datasets[0].timings.units[2].workers[1],raster_worker,grid.window_calculation,1,0.000323,0.372784
3,optical_isea4h,datasets[0].timings.units[2].workers[2],raster_worker,source.cache,1,0.000322,0.388094
3,optical_isea4h,datasets[0].timings.units[2].workers[2],raster_worker,grid.geometry,1,0.004483,0.388094
3,optical_isea4h,datasets[0].timings.units[2].workers[2],raster_worker,minio.tile_stat,1,0.006289,0.388094
3,optical_isea4h,datasets[0].timings.units[2].workers[2],raster_worker,source.checksum,1,0.048742,0.388094
3,optical_isea4h,datasets[0].timings.units[2].workers[2],raster_worker,source.download,1,0.0,0.388094
3,optical_isea4h,datasets[0].timings.units[2].workers[2],raster_worker,entity.tile_mask,1,0.167822,0.388094
3,optical_isea4h,datasets[0].timings.units[2].workers[2],raster_worker,entity.tile_write,1,0.097481,0.388094
3,optical_isea4h,datasets[0].timings.units[2].workers[2],raster_worker,minio.tile_upload,1,0.04682,0.388094
3,optical_isea4h,datasets[0].timings.units[2].workers[2],raster_worker,source.raster_open,1,0.014039,0.388094
3,optical_isea4h,datasets[0].timings.units[2].workers[2],raster_worker,entity.tile_checksum,1,0.000552,0.388094
3,optical_isea4h,datasets[0].timings.units[2].workers[2],raster_worker,grid.window_calculation,1,0.000314,0.388094
3,optical_isea4h,datasets[0].timings.units[2].workers[3],raster_worker,source.cache,1,0.000185,0.399102
3,optical_isea4h,datasets[0].timings.units[2].workers[3],raster_worker,grid.geometry,1,0.00404,0.399102
3,optical_isea4h,datasets[0].timings.units[2].workers[3],raster_worker,minio.tile_stat,1,0.005217,0.399102
3,optical_isea4h,datasets[0].timings.units[2].workers[3],raster_worker,source.checksum,1,0.031586,0.399102
3,optical_isea4h,datasets[0].timings.units[2].workers[3],raster_worker,source.download,1,0.0,0.399102
3,optical_isea4h,datasets[0].timings.units[2].workers[3],raster_worker,entity.tile_mask,1,0.153366,0.399102
3,optical_isea4h,datasets[0].timings.units[2].workers[3],raster_worker,entity.tile_write,1,0.106348,0.399102
3,optical_isea4h,datasets[0].timings.units[2].workers[3],raster_worker,minio.tile_upload,1,0.065082,0.399102
3,optical_isea4h,datasets[0].timings.units[2].workers[3],raster_worker,source.raster_open,1,0.009382,0.399102
3,optical_isea4h,datasets[0].timings.units[2].workers[3],raster_worker,entity.tile_checksum,1,0.022648,0.399102
3,optical_isea4h,datasets[0].timings.units[2].workers[3],raster_worker,grid.window_calculation,1,0.000301,0.399102
3,optical_isea4h,datasets[0].timings.units[2].workers[4],raster_worker,source.cache,1,0.00021,1.408279
3,optical_isea4h,datasets[0].timings.units[2].workers[4],raster_worker,grid.geometry,1,0.004043,1.408279
3,optical_isea4h,datasets[0].timings.units[2].workers[4],raster_worker,minio.tile_stat,1,0.006502,1.408279
3,optical_isea4h,datasets[0].timings.units[2].workers[4],raster_worker,source.checksum,1,0.037159,1.408279
3,optical_isea4h,datasets[0].timings.units[2].workers[4],raster_worker,source.download,1,0.0,1.408279
3,optical_isea4h,datasets[0].timings.units[2].workers[4],raster_worker,entity.tile_mask,1,0.756174,1.408279
3,optical_isea4h,datasets[0].timings.units[2].workers[4],raster_worker,entity.tile_write,1,0.537072,1.408279
3,optical_isea4h,datasets[0].timings.units[2].workers[4],raster_worker,minio.tile_upload,1,0.054835,1.408279
3,optical_isea4h,datasets[0].timings.units[2].workers[4],raster_worker,source.raster_open,1,0.009077,1.408279
3,optical_isea4h,datasets[0].timings.units[2].workers[4],raster_worker,entity.tile_checksum,1,0.00176,1.408279
3,optical_isea4h,datasets[0].timings.units[2].workers[4],raster_worker,grid.window_calculation,1,0.000274,1.408279
3,optical_isea4h,datasets[0].timings.units[3].workers[0],raster_worker,source.cache,1,0.000211,0.417937
3,optical_isea4h,datasets[0].timings.units[3].workers[0],raster_worker,grid.geometry,1,0.003852,0.417937
3,optical_isea4h,datasets[0].timings.units[3].workers[0],raster_worker,minio.tile_stat,1,0.006135,0.417937
3,optical_isea4h,datasets[0].timings.units[3].workers[0],raster_worker,source.checksum,1,0.030536,0.417937
3,optical_isea4h,datasets[0].timings.units[3].workers[0],raster_worker,source.download,1,0.0,0.417937
3,optical_isea4h,datasets[0].timings.units[3].workers[0],raster_worker,entity.tile_mask,1,0.149116,0.417937
3,optical_isea4h,datasets[0].timings.units[3].workers[0],raster_worker,entity.tile_write,1,0.170746,0.417937
3,optical_isea4h,datasets[0].timings.units[3].workers[0],raster_worker,minio.tile_upload,1,0.045853,0.417937
3,optical_isea4h,datasets[0].timings.units[3].workers[0],raster_worker,source.raster_open,1,0.009448,0.417937
3,optical_isea4h,datasets[0].timings.units[3].workers[0],raster_worker,entity.tile_checksum,1,0.000761,0.417937
3,optical_isea4h,datasets[0].timings.units[3].workers[0],raster_worker,grid.window_calculation,1,0.000319,0.417937
3,optical_isea4h,datasets[0].timings.units[3].workers[1],raster_worker,source.cache,1,0.000184,0.355785
3,optical_isea4h,datasets[0].timings.units[3].workers[1],raster_worker,grid.geometry,1,0.003894,0.355785
3,optical_isea4h,datasets[0].timings.units[3].workers[1],raster_worker,minio.tile_stat,1,0.006364,0.355785
3,optical_isea4h,datasets[0].timings.units[3].workers[1],raster_worker,source.checksum,1,0.033127,0.355785
3,optical_isea4h,datasets[0].timings.units[3].workers[1],raster_worker,source.download,1,0.0,0.355785
3,optical_isea4h,datasets[0].timings.units[3].workers[1],raster_worker,entity.tile_mask,1,0.157276,0.355785
3,optical_isea4h,datasets[0].timings.units[3].workers[1],raster_worker,entity.tile_write,1,0.114444,0.355785
3,optical_isea4h,datasets[0].timings.units[3].workers[1],raster_worker,minio.tile_upload,1,0.030142,0.355785
3,optical_isea4h,datasets[0].timings.units[3].workers[1],raster_worker,source.raster_open,1,0.009189,0.355785
3,optical_isea4h,datasets[0].timings.units[3].workers[1],raster_worker,entity.tile_checksum,1,2.8e-05,0.355785
3,optical_isea4h,datasets[0].timings.units[3].workers[1],raster_worker,grid.window_calculation,1,0.000298,0.355785
3,optical_isea4h,datasets[0].timings.units[3].workers[2],raster_worker,source.cache,1,0.000241,0.386823
3,optical_isea4h,datasets[0].timings.units[3].workers[2],raster_worker,grid.geometry,1,0.004676,0.386823
3,optical_isea4h,datasets[0].timings.units[3].workers[2],raster_worker,minio.tile_stat,1,0.007603,0.386823
3,optical_isea4h,datasets[0].timings.units[3].workers[2],raster_worker,source.checksum,1,0.046666,0.386823
3,optical_isea4h,datasets[0].timings.units[3].workers[2],raster_worker,source.download,1,0.0,0.386823
3,optical_isea4h,datasets[0].timings.units[3].workers[2],raster_worker,entity.tile_mask,1,0.170688,0.386823
3,optical_isea4h,datasets[0].timings.units[3].workers[2],raster_worker,entity.tile_write,1,0.098106,0.386823
3,optical_isea4h,datasets[0].timings.units[3].workers[2],raster_worker,minio.tile_upload,1,0.046749,0.386823
3,optical_isea4h,datasets[0].timings.units[3].workers[2],raster_worker,source.raster_open,1,0.009837,0.386823
3,optical_isea4h,datasets[0].timings.units[3].workers[2],raster_worker,entity.tile_checksum,1,0.00061,0.386823
3,optical_isea4h,datasets[0].timings.units[3].workers[2],raster_worker,grid.window_calculation,1,0.000345,0.386823
3,optical_isea4h,datasets[0].timings.units[3].workers[3],raster_worker,source.cache,1,0.000313,0.430804
3,optical_isea4h,datasets[0].timings.units[3].workers[3],raster_worker,grid.geometry,1,0.005933,0.430804
3,optical_isea4h,datasets[0].timings.units[3].workers[3],raster_worker,minio.tile_stat,1,0.005989,0.430804
3,optical_isea4h,datasets[0].timings.units[3].workers[3],raster_worker,source.checksum,1,0.050255,0.430804
3,optical_isea4h,datasets[0].timings.units[3].workers[3],raster_worker,source.download,1,0.0,0.430804
3,optical_isea4h,datasets[0].timings.units[3].workers[3],raster_worker,entity.tile_mask,1,0.166848,0.430804
3,optical_isea4h,datasets[0].timings.units[3].workers[3],raster_worker,entity.tile_write,1,0.114356,0.430804
3,optical_isea4h,datasets[0].timings.units[3].workers[3],raster_worker,minio.tile_upload,1,0.073142,0.430804
3,optical_isea4h,datasets[0].timings.units[3].workers[3],raster_worker,source.raster_open,1,0.010131,0.430804
3,optical_isea4h,datasets[0].timings.units[3].workers[3],raster_worker,entity.tile_checksum,1,0.002043,0.430804
3,optical_isea4h,datasets[0].timings.units[3].workers[3],raster_worker,grid.window_calculation,1,0.000368,0.430804
3,optical_isea4h,datasets[0].timings.units[3].workers[4],raster_worker,source.cache,1,0.000205,2.496986
3,optical_isea4h,datasets[0].timings.units[3].workers[4],raster_worker,grid.geometry,1,0.018549,2.496986
3,optical_isea4h,datasets[0].timings.units[3].workers[4],raster_worker,minio.tile_stat,1,0.007669,2.496986
3,optical_isea4h,datasets[0].timings.units[3].workers[4],raster_worker,source.checksum,1,0.032586,2.496986
3,optical_isea4h,datasets[0].timings.units[3].workers[4],raster_worker,source.download,1,0.0,2.496986
3,optical_isea4h,datasets[0].timings.units[3].workers[4],raster_worker,entity.tile_mask,1,0.756133,2.496986
3,optical_isea4h,datasets[0].timings.units[3].workers[4],raster_worker,entity.tile_write,1,1.383469,2.496986
3,optical_isea4h,datasets[0].timings.units[3].workers[4],raster_worker,minio.tile_upload,1,0.276715,2.496986
3,optical_isea4h,datasets[0].timings.units[3].workers[4],raster_worker,source.raster_open,1,0.009297,2.496986
3,optical_isea4h,datasets[0].timings.units[3].workers[4],raster_worker,entity.tile_checksum,1,0.010606,2.496986
3,optical_isea4h,datasets[0].timings.units[3].workers[4],raster_worker,grid.window_calculation,1,0.000323,2.496986
3,optical_isea4h,datasets[0].timings.workflow,workflow_dataset,opengauss.start_output,1,0.012872,5.337116
3,optical_isea4h,datasets[0].timings.workflow,workflow_dataset,opengauss.complete_output,1,0.037518,5.337116
3,radar_isea4h,timings.job_driver,ray_job_driver,workflow.run,1,3.961067,4.126773
3,radar_isea4h,timings.job_driver,ray_job_driver,driver.bootstrap,1,0.160952,4.126773
3,radar_isea4h,timings.job_driver,ray_job_driver,task.start_attempt,1,0.004049,4.126773
3,radar_isea4h,datasets[0].timings.units[0].driver,raster_driver,grid.cover,1,0.019325,3.574725
3,radar_isea4h,datasets[0].timings.units[0].workers[0],raster_worker,source.cache,1,0.00018,2.074831
3,radar_isea4h,datasets[0].timings.units[0].workers[0],raster_worker,grid.geometry,3,0.005406,2.074831
3,radar_isea4h,datasets[0].timings.units[0].workers[0],raster_worker,minio.tile_stat,3,0.0148,2.074831
3,radar_isea4h,datasets[0].timings.units[0].workers[0],raster_worker,source.checksum,1,0.020248,2.074831
3,radar_isea4h,datasets[0].timings.units[0].workers[0],raster_worker,source.download,1,0.0,2.074831
3,radar_isea4h,datasets[0].timings.units[0].workers[0],raster_worker,entity.tile_mask,3,0.318099,2.074831
3,radar_isea4h,datasets[0].timings.units[0].workers[0],raster_worker,entity.tile_write,3,0.851818,2.074831
3,radar_isea4h,datasets[0].timings.units[0].workers[0],raster_worker,minio.tile_upload,3,0.822493,2.074831
3,radar_isea4h,datasets[0].timings.units[0].workers[0],raster_worker,source.raster_open,1,0.016857,2.074831
3,radar_isea4h,datasets[0].timings.units[0].workers[0],raster_worker,entity.tile_checksum,3,0.019442,2.074831
3,radar_isea4h,datasets[0].timings.units[0].workers[0],raster_worker,grid.window_calculation,3,0.000725,2.074831
3,radar_isea4h,datasets[0].timings.units[0].batch_driver,raster_batch_driver,ray.init,1,0.08167,3.574707
3,radar_isea4h,datasets[0].timings.units[0].batch_driver,raster_batch_driver,ray.wait,17,3.39426,3.574707
3,radar_isea4h,datasets[0].timings.units[0].batch_driver,raster_batch_driver,ray.result_get,1,0.000523,3.574707
3,radar_isea4h,datasets[0].timings.units[0].batch_driver,raster_batch_driver,ray.task_submit,2,0.050609,3.574707
3,radar_isea4h,datasets[0].timings.units[0].batch_driver,raster_batch_driver,driver.result_merge,2,1.2e-05,3.574707
3,radar_isea4h,datasets[0].timings.units[0].source_preflight,source_preflight,minio.stat,1,0.159211,0.159246
3,radar_isea4h,datasets[0].timings.units[1].workers[0],raster_worker,source.cache,1,0.000189,2.015906
3,radar_isea4h,datasets[0].timings.units[1].workers[0],raster_worker,grid.geometry,3,0.006401,2.015906
3,radar_isea4h,datasets[0].timings.units[1].workers[0],raster_worker,minio.tile_stat,3,0.013747,2.015906
3,radar_isea4h,datasets[0].timings.units[1].workers[0],raster_worker,source.checksum,1,0.022676,2.015906
3,radar_isea4h,datasets[0].timings.units[1].workers[0],raster_worker,source.download,1,0.0,2.015906
3,radar_isea4h,datasets[0].timings.units[1].workers[0],raster_worker,entity.tile_mask,3,0.313333,2.015906
3,radar_isea4h,datasets[0].timings.units[1].workers[0],raster_worker,entity.tile_write,3,0.807097,2.015906
3,radar_isea4h,datasets[0].timings.units[1].workers[0],raster_worker,minio.tile_upload,3,0.804195,2.015906
3,radar_isea4h,datasets[0].timings.units[1].workers[0],raster_worker,source.raster_open,1,0.021695,2.015906
3,radar_isea4h,datasets[0].timings.units[1].workers[0],raster_worker,entity.tile_checksum,3,0.020246,2.015906
3,radar_isea4h,datasets[0].timings.units[1].workers[0],raster_worker,grid.window_calculation,3,0.000845,2.015906
3,radar_isea4h,datasets[0].timings.workflow,workflow_dataset,opengauss.start_output,1,0.01273,3.960836
3,radar_isea4h,datasets[0].timings.workflow,workflow_dataset,opengauss.complete_output,1,0.023315,3.960836
3,product_isea4h,timings.job_driver,ray_job_driver,workflow.run,1,2.949048,3.109308
3,product_isea4h,timings.job_driver,ray_job_driver,driver.bootstrap,1,0.155573,3.109308
3,product_isea4h,timings.job_driver,ray_job_driver,task.start_attempt,1,0.003937,3.109308
3,product_isea4h,datasets[0].timings.units[0].driver,raster_driver,grid.cover,1,0.023622,2.55717
3,product_isea4h,datasets[0].timings.units[0].workers[0],raster_worker,source.cache,1,0.000173,0.1264
3,product_isea4h,datasets[0].timings.units[0].workers[0],raster_worker,grid.geometry,1,0.003495,0.1264
3,product_isea4h,datasets[0].timings.units[0].workers[0],raster_worker,minio.tile_stat,1,0.006332,0.1264
3,product_isea4h,datasets[0].timings.units[0].workers[0],raster_worker,source.checksum,1,0.003785,0.1264
3,product_isea4h,datasets[0].timings.units[0].workers[0],raster_worker,source.download,1,0.0,0.1264
3,product_isea4h,datasets[0].timings.units[0].workers[0],raster_worker,entity.tile_mask,1,0.014638,0.1264
3,product_isea4h,datasets[0].timings.units[0].workers[0],raster_worker,entity.tile_write,1,0.03063,0.1264
3,product_isea4h,datasets[0].timings.units[0].workers[0],raster_worker,minio.tile_upload,1,0.047524,0.1264
3,product_isea4h,datasets[0].timings.units[0].workers[0],raster_worker,source.raster_open,1,0.016911,0.1264
3,product_isea4h,datasets[0].timings.units[0].workers[0],raster_worker,entity.tile_checksum,1,0.000169,0.1264
3,product_isea4h,datasets[0].timings.units[0].workers[0],raster_worker,grid.window_calculation,1,0.000292,0.1264
3,product_isea4h,datasets[0].timings.units[0].workers[1],raster_worker,source.cache,1,0.000189,0.250976
3,product_isea4h,datasets[0].timings.units[0].workers[1],raster_worker,grid.geometry,1,0.003692,0.250976
3,product_isea4h,datasets[0].timings.units[0].workers[1],raster_worker,minio.tile_stat,1,0.005668,0.250976
3,product_isea4h,datasets[0].timings.units[0].workers[1],raster_worker,source.checksum,1,0.00364,0.250976
3,product_isea4h,datasets[0].timings.units[0].workers[1],raster_worker,source.download,1,0.0,0.250976
3,product_isea4h,datasets[0].timings.units[0].workers[1],raster_worker,entity.tile_mask,1,0.045623,0.250976
3,product_isea4h,datasets[0].timings.units[0].workers[1],raster_worker,entity.tile_write,1,0.104591,0.250976
3,product_isea4h,datasets[0].timings.units[0].workers[1],raster_worker,minio.tile_upload,1,0.065985,0.250976
3,product_isea4h,datasets[0].timings.units[0].workers[1],raster_worker,source.raster_open,1,0.0166,0.250976
3,product_isea4h,datasets[0].timings.units[0].workers[1],raster_worker,entity.tile_checksum,1,0.002218,0.250976
3,product_isea4h,datasets[0].timings.units[0].workers[1],raster_worker,grid.window_calculation,1,0.000283,0.250976
3,product_isea4h,datasets[0].timings.units[0].workers[2],raster_worker,source.cache,1,0.000184,0.604746
3,product_isea4h,datasets[0].timings.units[0].workers[2],raster_worker,grid.geometry,1,0.003665,0.604746
3,product_isea4h,datasets[0].timings.units[0].workers[2],raster_worker,minio.tile_stat,1,0.006582,0.604746
3,product_isea4h,datasets[0].timings.units[0].workers[2],raster_worker,source.checksum,1,0.003656,0.604746
3,product_isea4h,datasets[0].timings.units[0].workers[2],raster_worker,source.download,1,0.0,0.604746
3,product_isea4h,datasets[0].timings.units[0].workers[2],raster_worker,entity.tile_mask,1,0.09417,0.604746
3,product_isea4h,datasets[0].timings.units[0].workers[2],raster_worker,entity.tile_write,1,0.274125,0.604746
3,product_isea4h,datasets[0].timings.units[0].workers[2],raster_worker,minio.tile_upload,1,0.19449,0.604746
3,product_isea4h,datasets[0].timings.units[0].workers[2],raster_worker,source.raster_open,1,0.017065,0.604746
3,product_isea4h,datasets[0].timings.units[0].workers[2],raster_worker,entity.tile_checksum,1,0.007855,0.604746
3,product_isea4h,datasets[0].timings.units[0].workers[2],raster_worker,grid.window_calculation,1,0.000304,0.604746
3,product_isea4h,datasets[0].timings.units[0].workers[3],raster_worker,source.cache,1,0.000198,1.016991
3,product_isea4h,datasets[0].timings.units[0].workers[3],raster_worker,grid.geometry,1,0.003722,1.016991
3,product_isea4h,datasets[0].timings.units[0].workers[3],raster_worker,minio.tile_stat,1,0.010854,1.016991
3,product_isea4h,datasets[0].timings.units[0].workers[3],raster_worker,source.checksum,1,0.003673,1.016991
3,product_isea4h,datasets[0].timings.units[0].workers[3],raster_worker,source.download,1,0.0,1.016991
3,product_isea4h,datasets[0].timings.units[0].workers[3],raster_worker,entity.tile_mask,1,0.144248,1.016991
3,product_isea4h,datasets[0].timings.units[0].workers[3],raster_worker,entity.tile_write,1,0.423551,1.016991
3,product_isea4h,datasets[0].timings.units[0].workers[3],raster_worker,minio.tile_upload,1,0.397293,1.016991
3,product_isea4h,datasets[0].timings.units[0].workers[3],raster_worker,source.raster_open,1,0.017706,1.016991
3,product_isea4h,datasets[0].timings.units[0].workers[3],raster_worker,entity.tile_checksum,1,0.012709,1.016991
3,product_isea4h,datasets[0].timings.units[0].workers[3],raster_worker,grid.window_calculation,1,0.000312,1.016991
3,product_isea4h,datasets[0].timings.units[0].workers[4],raster_worker,source.cache,1,0.000192,0.94618
3,product_isea4h,datasets[0].timings.units[0].workers[4],raster_worker,grid.geometry,1,0.003652,0.94618
3,product_isea4h,datasets[0].timings.units[0].workers[4],raster_worker,minio.tile_stat,1,0.010887,0.94618
3,product_isea4h,datasets[0].timings.units[0].workers[4],raster_worker,source.checksum,1,0.003916,0.94618
3,product_isea4h,datasets[0].timings.units[0].workers[4],raster_worker,source.download,1,0.0,0.94618
3,product_isea4h,datasets[0].timings.units[0].workers[4],raster_worker,entity.tile_mask,1,0.123543,0.94618
3,product_isea4h,datasets[0].timings.units[0].workers[4],raster_worker,entity.tile_write,1,0.375055,0.94618
3,product_isea4h,datasets[0].timings.units[0].workers[4],raster_worker,minio.tile_upload,1,0.397239,0.94618
3,product_isea4h,datasets[0].timings.units[0].workers[4],raster_worker,source.raster_open,1,0.017053,0.94618
3,product_isea4h,datasets[0].timings.units[0].workers[4],raster_worker,entity.tile_checksum,1,0.011757,0.94618
3,product_isea4h,datasets[0].timings.units[0].workers[4],raster_worker,grid.window_calculation,1,0.000304,0.94618
3,product_isea4h,datasets[0].timings.units[0].batch_driver,raster_batch_driver,ray.init,1,0.085862,2.55712
3,product_isea4h,datasets[0].timings.units[0].batch_driver,raster_batch_driver,ray.wait,12,2.367625,2.55712
3,product_isea4h,datasets[0].timings.units[0].batch_driver,raster_batch_driver,ray.result_get,4,0.001926,2.55712
3,product_isea4h,datasets[0].timings.units[0].batch_driver,raster_batch_driver,ray.task_submit,5,0.052982,2.55712
3,product_isea4h,datasets[0].timings.units[0].batch_driver,raster_batch_driver,driver.result_merge,5,2.5e-05,2.55712
3,product_isea4h,datasets[0].timings.units[0].source_preflight,source_preflight,minio.stat,1,0.159063,0.159094
3,product_isea4h,datasets[0].timings.workflow,workflow_dataset,opengauss.start_output,1,0.01008,2.948817
3,product_isea4h,datasets[0].timings.workflow,workflow_dataset,opengauss.complete_output,1,0.026175,2.948817
3,carbon_isea4h,timings.job_driver,ray_job_driver,workflow.run,1,2.410074,2.554245
3,carbon_isea4h,timings.job_driver,ray_job_driver,driver.bootstrap,1,0.139525,2.554245
3,carbon_isea4h,timings.job_driver,ray_job_driver,task.start_attempt,1,0.003915,2.554245
3,carbon_isea4h,datasets[0].timings.units[0].driver,carbon_driver,ray.init,1,0.078921,2.035098
3,carbon_isea4h,datasets[0].timings.units[0].driver,carbon_driver,ray.wait_get,1,1.910464,2.035098
3,carbon_isea4h,datasets[0].timings.units[0].driver,carbon_driver,ray.task_submit,1,0.045606,2.035098
3,carbon_isea4h,datasets[0].timings.units[0].driver,carbon_driver,driver.result_merge,1,2e-06,2.035098
3,carbon_isea4h,datasets[0].timings.units[0].workers[0],carbon_worker,grid.locate,1,0.001171,0.582166
3,carbon_isea4h,datasets[0].timings.units[0].workers[0],carbon_worker,source.cache,1,0.469149,0.582166
3,carbon_isea4h,datasets[0].timings.units[0].workers[0],carbon_worker,grid.geometry,1,0.00062,0.582166
3,carbon_isea4h,datasets[0].timings.units[0].workers[0],carbon_worker,source.checksum,1,0.037695,0.582166
3,carbon_isea4h,datasets[0].timings.units[0].workers[0],carbon_worker,source.download,1,0.468773,0.582166
3,carbon_isea4h,datasets[0].timings.units[0].workers[0],carbon_worker,carbon.observation_load,1,0.069898,0.582166
3,carbon_isea4h,datasets[0].timings.units[0].workers[0],carbon_worker,carbon.measurement_partition,1,9.4e-05,0.582166
3,carbon_isea4h,datasets[0].timings.units[0].workers[0],carbon_worker,carbon.partition_observation,1,0.003191,0.582166
3,carbon_isea4h,datasets[0].timings.units[0].source_preflight,source_preflight,minio.stat,1,0.155804,0.155835
3,carbon_isea4h,datasets[0].timings.workflow,workflow_dataset,opengauss.start_output,1,0.008436,2.40987
3,carbon_isea4h,datasets[0].timings.workflow,workflow_dataset,opengauss.complete_output,1,0.018172,2.40987
4,optical_isea4h,timings.job_driver,ray_job_driver,workflow.run,1,5.571956,6.726818
4,optical_isea4h,timings.job_driver,ray_job_driver,driver.bootstrap,1,1.150439,6.726818
4,optical_isea4h,timings.job_driver,ray_job_driver,task.start_attempt,1,0.003621,6.726818
4,optical_isea4h,datasets[0].timings.units[0].driver,raster_driver,grid.cover,1,0.023532,5.149586
4,optical_isea4h,datasets[0].timings.units[0].workers[0],raster_worker,source.cache,1,0.000214,0.352242
4,optical_isea4h,datasets[0].timings.units[0].workers[0],raster_worker,grid.geometry,1,0.003819,0.352242
4,optical_isea4h,datasets[0].timings.units[0].workers[0],raster_worker,minio.tile_stat,1,0.00507,0.352242
4,optical_isea4h,datasets[0].timings.units[0].workers[0],raster_worker,source.checksum,1,0.033508,0.352242
4,optical_isea4h,datasets[0].timings.units[0].workers[0],raster_worker,source.download,1,0.0,0.352242
4,optical_isea4h,datasets[0].timings.units[0].workers[0],raster_worker,entity.tile_mask,1,0.150601,0.352242
4,optical_isea4h,datasets[0].timings.units[0].workers[0],raster_worker,entity.tile_write,1,0.088171,0.352242
4,optical_isea4h,datasets[0].timings.units[0].workers[0],raster_worker,minio.tile_upload,1,0.060296,0.352242
4,optical_isea4h,datasets[0].timings.units[0].workers[0],raster_worker,source.raster_open,1,0.009231,0.352242
4,optical_isea4h,datasets[0].timings.units[0].workers[0],raster_worker,entity.tile_checksum,1,9.9e-05,0.352242
4,optical_isea4h,datasets[0].timings.units[0].workers[0],raster_worker,grid.window_calculation,1,0.000332,0.352242
4,optical_isea4h,datasets[0].timings.units[0].workers[1],raster_worker,source.cache,1,0.000208,0.395115
4,optical_isea4h,datasets[0].timings.units[0].workers[1],raster_worker,grid.geometry,1,0.00371,0.395115
4,optical_isea4h,datasets[0].timings.units[0].workers[1],raster_worker,minio.tile_stat,1,0.007969,0.395115
4,optical_isea4h,datasets[0].timings.units[0].workers[1],raster_worker,source.checksum,1,0.034364,0.395115
4,optical_isea4h,datasets[0].timings.units[0].workers[1],raster_worker,source.download,1,0.0,0.395115
4,optical_isea4h,datasets[0].timings.units[0].workers[1],raster_worker,entity.tile_mask,1,0.159552,0.395115
4,optical_isea4h,datasets[0].timings.units[0].workers[1],raster_worker,entity.tile_write,1,0.107208,0.395115
4,optical_isea4h,datasets[0].timings.units[0].workers[1],raster_worker,minio.tile_upload,1,0.071042,0.395115
4,optical_isea4h,datasets[0].timings.units[0].workers[1],raster_worker,source.raster_open,1,0.008834,0.395115
4,optical_isea4h,datasets[0].timings.units[0].workers[1],raster_worker,entity.tile_checksum,1,0.001118,0.395115
4,optical_isea4h,datasets[0].timings.units[0].workers[1],raster_worker,grid.window_calculation,1,0.000276,0.395115
4,optical_isea4h,datasets[0].timings.units[0].workers[2],raster_worker,source.cache,1,0.00018,0.443189
4,optical_isea4h,datasets[0].timings.units[0].workers[2],raster_worker,grid.geometry,1,0.003947,0.443189
4,optical_isea4h,datasets[0].timings.units[0].workers[2],raster_worker,minio.tile_stat,1,0.017788,0.443189
4,optical_isea4h,datasets[0].timings.units[0].workers[2],raster_worker,source.checksum,1,0.031424,0.443189
4,optical_isea4h,datasets[0].timings.units[0].workers[2],raster_worker,source.download,1,0.0,0.443189
4,optical_isea4h,datasets[0].timings.units[0].workers[2],raster_worker,entity.tile_mask,1,0.168359,0.443189
4,optical_isea4h,datasets[0].timings.units[0].workers[2],raster_worker,entity.tile_write,1,0.118544,0.443189
4,optical_isea4h,datasets[0].timings.units[0].workers[2],raster_worker,minio.tile_upload,1,0.091673,0.443189
4,optical_isea4h,datasets[0].timings.units[0].workers[2],raster_worker,source.raster_open,1,0.009745,0.443189
4,optical_isea4h,datasets[0].timings.units[0].workers[2],raster_worker,entity.tile_checksum,1,0.000229,0.443189
4,optical_isea4h,datasets[0].timings.units[0].workers[2],raster_worker,grid.window_calculation,1,0.000369,0.443189
4,optical_isea4h,datasets[0].timings.units[0].workers[3],raster_worker,source.cache,1,0.000212,0.363396
4,optical_isea4h,datasets[0].timings.units[0].workers[3],raster_worker,grid.geometry,1,0.003903,0.363396
4,optical_isea4h,datasets[0].timings.units[0].workers[3],raster_worker,minio.tile_stat,1,0.007,0.363396
4,optical_isea4h,datasets[0].timings.units[0].workers[3],raster_worker,source.checksum,1,0.031891,0.363396
4,optical_isea4h,datasets[0].timings.units[0].workers[3],raster_worker,source.download,1,0.0,0.363396
4,optical_isea4h,datasets[0].timings.units[0].workers[3],raster_worker,entity.tile_mask,1,0.163387,0.363396
4,optical_isea4h,datasets[0].timings.units[0].workers[3],raster_worker,entity.tile_write,1,0.114597,0.363396
4,optical_isea4h,datasets[0].timings.units[0].workers[3],raster_worker,minio.tile_upload,1,0.031348,0.363396
4,optical_isea4h,datasets[0].timings.units[0].workers[3],raster_worker,source.raster_open,1,0.0097,0.363396
4,optical_isea4h,datasets[0].timings.units[0].workers[3],raster_worker,entity.tile_checksum,1,2.6e-05,0.363396
4,optical_isea4h,datasets[0].timings.units[0].workers[3],raster_worker,grid.window_calculation,1,0.000327,0.363396
4,optical_isea4h,datasets[0].timings.units[0].workers[4],raster_worker,source.cache,1,0.000233,1.704902
4,optical_isea4h,datasets[0].timings.units[0].workers[4],raster_worker,grid.geometry,1,0.004,1.704902
4,optical_isea4h,datasets[0].timings.units[0].workers[4],raster_worker,minio.tile_stat,1,0.007736,1.704902
4,optical_isea4h,datasets[0].timings.units[0].workers[4],raster_worker,source.checksum,1,0.031669,1.704902
4,optical_isea4h,datasets[0].timings.units[0].workers[4],raster_worker,source.download,1,0.0,1.704902
4,optical_isea4h,datasets[0].timings.units[0].workers[4],raster_worker,entity.tile_mask,1,0.778049,1.704902
4,optical_isea4h,datasets[0].timings.units[0].workers[4],raster_worker,entity.tile_write,1,0.745646,1.704902
4,optical_isea4h,datasets[0].timings.units[0].workers[4],raster_worker,minio.tile_upload,1,0.122849,1.704902
4,optical_isea4h,datasets[0].timings.units[0].workers[4],raster_worker,source.raster_open,1,0.009384,1.704902
4,optical_isea4h,datasets[0].timings.units[0].workers[4],raster_worker,entity.tile_checksum,1,0.003432,1.704902
4,optical_isea4h,datasets[0].timings.units[0].workers[4],raster_worker,grid.window_calculation,1,0.000304,1.704902
4,optical_isea4h,datasets[0].timings.units[0].batch_driver,raster_batch_driver,ray.init,1,0.082024,5.149508
4,optical_isea4h,datasets[0].timings.units[0].batch_driver,raster_batch_driver,ray.wait,25,4.94443,5.149508
4,optical_isea4h,datasets[0].timings.units[0].batch_driver,raster_batch_driver,ray.result_get,8,0.003892,5.149508
4,optical_isea4h,datasets[0].timings.units[0].batch_driver,raster_batch_driver,ray.task_submit,20,0.054753,5.149508
4,optical_isea4h,datasets[0].timings.units[0].batch_driver,raster_batch_driver,driver.result_merge,20,7.2e-05,5.149508
4,optical_isea4h,datasets[0].timings.units[0].source_preflight,source_preflight,minio.stat,1,0.167358,0.167391
4,optical_isea4h,datasets[0].timings.units[1].workers[0],raster_worker,source.cache,1,0.000187,0.415124
4,optical_isea4h,datasets[0].timings.units[1].workers[0],raster_worker,grid.geometry,1,0.00425,0.415124
4,optical_isea4h,datasets[0].timings.units[1].workers[0],raster_worker,minio.tile_stat,1,0.01724,0.415124
4,optical_isea4h,datasets[0].timings.units[1].workers[0],raster_worker,source.checksum,1,0.032665,0.415124
4,optical_isea4h,datasets[0].timings.units[1].workers[0],raster_worker,source.download,1,0.0,0.415124
4,optical_isea4h,datasets[0].timings.units[1].workers[0],raster_worker,entity.tile_mask,1,0.158517,0.415124
4,optical_isea4h,datasets[0].timings.units[1].workers[0],raster_worker,entity.tile_write,1,0.108542,0.415124
4,optical_isea4h,datasets[0].timings.units[1].workers[0],raster_worker,minio.tile_upload,1,0.083293,0.415124
4,optical_isea4h,datasets[0].timings.units[1].workers[0],raster_worker,source.raster_open,1,0.008987,0.415124
4,optical_isea4h,datasets[0].timings.units[1].workers[0],raster_worker,entity.tile_checksum,1,0.000182,0.415124
4,optical_isea4h,datasets[0].timings.units[1].workers[0],raster_worker,grid.window_calculation,1,0.000295,0.415124
4,optical_isea4h,datasets[0].timings.units[1].workers[1],raster_worker,source.cache,1,0.000199,0.372178
4,optical_isea4h,datasets[0].timings.units[1].workers[1],raster_worker,grid.geometry,1,0.004673,0.372178
4,optical_isea4h,datasets[0].timings.units[1].workers[1],raster_worker,minio.tile_stat,1,0.008968,0.372178
4,optical_isea4h,datasets[0].timings.units[1].workers[1],raster_worker,source.checksum,1,0.031753,0.372178
4,optical_isea4h,datasets[0].timings.units[1].workers[1],raster_worker,source.download,1,0.0,0.372178
4,optical_isea4h,datasets[0].timings.units[1].workers[1],raster_worker,entity.tile_mask,1,0.154984,0.372178
4,optical_isea4h,datasets[0].timings.units[1].workers[1],raster_worker,entity.tile_write,1,0.113006,0.372178
4,optical_isea4h,datasets[0].timings.units[1].workers[1],raster_worker,minio.tile_upload,1,0.047067,0.372178
4,optical_isea4h,datasets[0].timings.units[1].workers[1],raster_worker,source.raster_open,1,0.009906,0.372178
4,optical_isea4h,datasets[0].timings.units[1].workers[1],raster_worker,entity.tile_checksum,1,4e-05,0.372178
4,optical_isea4h,datasets[0].timings.units[1].workers[1],raster_worker,grid.window_calculation,1,0.000425,0.372178
4,optical_isea4h,datasets[0].timings.units[1].workers[2],raster_worker,source.cache,1,0.000226,0.407682
4,optical_isea4h,datasets[0].timings.units[1].workers[2],raster_worker,grid.geometry,1,0.006115,0.407682
4,optical_isea4h,datasets[0].timings.units[1].workers[2],raster_worker,minio.tile_stat,1,0.006447,0.407682
4,optical_isea4h,datasets[0].timings.units[1].workers[2],raster_worker,source.checksum,1,0.051961,0.407682
4,optical_isea4h,datasets[0].timings.units[1].workers[2],raster_worker,source.download,1,0.0,0.407682
4,optical_isea4h,datasets[0].timings.units[1].workers[2],raster_worker,entity.tile_mask,1,0.180751,0.407682
4,optical_isea4h,datasets[0].timings.units[1].workers[2],raster_worker,entity.tile_write,1,0.10298,0.407682
4,optical_isea4h,datasets[0].timings.units[1].workers[2],raster_worker,minio.tile_upload,1,0.045293,0.407682
4,optical_isea4h,datasets[0].timings.units[1].workers[2],raster_worker,source.raster_open,1,0.011586,0.407682
4,optical_isea4h,datasets[0].timings.units[1].workers[2],raster_worker,entity.tile_checksum,1,0.000551,0.407682
4,optical_isea4h,datasets[0].timings.units[1].workers[2],raster_worker,grid.window_calculation,1,0.000435,0.407682
4,optical_isea4h,datasets[0].timings.units[1].workers[3],raster_worker,source.cache,1,0.000197,0.409665
4,optical_isea4h,datasets[0].timings.units[1].workers[3],raster_worker,grid.geometry,1,0.00396,0.409665
4,optical_isea4h,datasets[0].timings.units[1].workers[3],raster_worker,minio.tile_stat,1,0.008277,0.409665
4,optical_isea4h,datasets[0].timings.units[1].workers[3],raster_worker,source.checksum,1,0.033659,0.409665
4,optical_isea4h,datasets[0].timings.units[1].workers[3],raster_worker,source.download,1,0.0,0.409665
4,optical_isea4h,datasets[0].timings.units[1].workers[3],raster_worker,entity.tile_mask,1,0.163858,0.409665
4,optical_isea4h,datasets[0].timings.units[1].workers[3],raster_worker,entity.tile_write,1,0.105867,0.409665
4,optical_isea4h,datasets[0].timings.units[1].workers[3],raster_worker,minio.tile_upload,1,0.081659,0.409665
4,optical_isea4h,datasets[0].timings.units[1].workers[3],raster_worker,source.raster_open,1,0.009021,0.409665
4,optical_isea4h,datasets[0].timings.units[1].workers[3],raster_worker,entity.tile_checksum,1,0.001897,0.409665
4,optical_isea4h,datasets[0].timings.units[1].workers[3],raster_worker,grid.window_calculation,1,0.000342,0.409665
4,optical_isea4h,datasets[0].timings.units[1].workers[4],raster_worker,source.cache,1,0.000252,1.473486
4,optical_isea4h,datasets[0].timings.units[1].workers[4],raster_worker,grid.geometry,1,0.004929,1.473486
4,optical_isea4h,datasets[0].timings.units[1].workers[4],raster_worker,minio.tile_stat,1,0.006351,1.473486
4,optical_isea4h,datasets[0].timings.units[1].workers[4],raster_worker,source.checksum,1,0.031787,1.473486
4,optical_isea4h,datasets[0].timings.units[1].workers[4],raster_worker,source.download,1,0.0,1.473486
4,optical_isea4h,datasets[0].timings.units[1].workers[4],raster_worker,entity.tile_mask,1,0.771939,1.473486
4,optical_isea4h,datasets[0].timings.units[1].workers[4],raster_worker,entity.tile_write,1,0.583324,1.473486
4,optical_isea4h,datasets[0].timings.units[1].workers[4],raster_worker,minio.tile_upload,1,0.061437,1.473486
4,optical_isea4h,datasets[0].timings.units[1].workers[4],raster_worker,source.raster_open,1,0.009008,1.473486
4,optical_isea4h,datasets[0].timings.units[1].workers[4],raster_worker,entity.tile_checksum,1,0.002141,1.473486
4,optical_isea4h,datasets[0].timings.units[1].workers[4],raster_worker,grid.window_calculation,1,0.000393,1.473486
4,optical_isea4h,datasets[0].timings.units[2].workers[0],raster_worker,source.cache,1,0.000231,0.353289
4,optical_isea4h,datasets[0].timings.units[2].workers[0],raster_worker,grid.geometry,1,0.003967,0.353289
4,optical_isea4h,datasets[0].timings.units[2].workers[0],raster_worker,minio.tile_stat,1,0.008785,0.353289
4,optical_isea4h,datasets[0].timings.units[2].workers[0],raster_worker,source.checksum,1,0.032942,0.353289
4,optical_isea4h,datasets[0].timings.units[2].workers[0],raster_worker,source.download,1,0.0,0.353289
4,optical_isea4h,datasets[0].timings.units[2].workers[0],raster_worker,entity.tile_mask,1,0.155229,0.353289
4,optical_isea4h,datasets[0].timings.units[2].workers[0],raster_worker,entity.tile_write,1,0.10914,0.353289
4,optical_isea4h,datasets[0].timings.units[2].workers[0],raster_worker,minio.tile_upload,1,0.03215,0.353289
4,optical_isea4h,datasets[0].timings.units[2].workers[0],raster_worker,source.raster_open,1,0.00933,0.353289
4,optical_isea4h,datasets[0].timings.units[2].workers[0],raster_worker,entity.tile_checksum,1,0.000179,0.353289
4,optical_isea4h,datasets[0].timings.units[2].workers[0],raster_worker,grid.window_calculation,1,0.000333,0.353289
4,optical_isea4h,datasets[0].timings.units[2].workers[1],raster_worker,source.cache,1,0.000201,0.358921
4,optical_isea4h,datasets[0].timings.units[2].workers[1],raster_worker,grid.geometry,1,0.003936,0.358921
4,optical_isea4h,datasets[0].timings.units[2].workers[1],raster_worker,minio.tile_stat,1,0.007177,0.358921
4,optical_isea4h,datasets[0].timings.units[2].workers[1],raster_worker,source.checksum,1,0.030704,0.358921
4,optical_isea4h,datasets[0].timings.units[2].workers[1],raster_worker,source.download,1,0.0,0.358921
4,optical_isea4h,datasets[0].timings.units[2].workers[1],raster_worker,entity.tile_mask,1,0.157135,0.358921
4,optical_isea4h,datasets[0].timings.units[2].workers[1],raster_worker,entity.tile_write,1,0.112296,0.358921
4,optical_isea4h,datasets[0].timings.units[2].workers[1],raster_worker,minio.tile_upload,1,0.036559,0.358921
4,optical_isea4h,datasets[0].timings.units[2].workers[1],raster_worker,source.raster_open,1,0.009602,0.358921
4,optical_isea4h,datasets[0].timings.units[2].workers[1],raster_worker,entity.tile_checksum,1,3.7e-05,0.358921
4,optical_isea4h,datasets[0].timings.units[2].workers[1],raster_worker,grid.window_calculation,1,0.000337,0.358921
4,optical_isea4h,datasets[0].timings.units[2].workers[2],raster_worker,source.cache,1,0.000194,0.34989
4,optical_isea4h,datasets[0].timings.units[2].workers[2],raster_worker,grid.geometry,1,0.003985,0.34989
4,optical_isea4h,datasets[0].timings.units[2].workers[2],raster_worker,minio.tile_stat,1,0.005523,0.34989
4,optical_isea4h,datasets[0].timings.units[2].workers[2],raster_worker,source.checksum,1,0.03135,0.34989
4,optical_isea4h,datasets[0].timings.units[2].workers[2],raster_worker,source.download,1,0.0,0.34989
4,optical_isea4h,datasets[0].timings.units[2].workers[2],raster_worker,entity.tile_mask,1,0.150493,0.34989
4,optical_isea4h,datasets[0].timings.units[2].workers[2],raster_worker,entity.tile_write,1,0.092551,0.34989
4,optical_isea4h,datasets[0].timings.units[2].workers[2],raster_worker,minio.tile_upload,1,0.05467,0.34989
4,optical_isea4h,datasets[0].timings.units[2].workers[2],raster_worker,source.raster_open,1,0.009387,0.34989
4,optical_isea4h,datasets[0].timings.units[2].workers[2],raster_worker,entity.tile_checksum,1,0.000551,0.34989
4,optical_isea4h,datasets[0].timings.units[2].workers[2],raster_worker,grid.window_calculation,1,0.000318,0.34989
4,optical_isea4h,datasets[0].timings.units[2].workers[3],raster_worker,source.cache,1,0.000235,0.402355
4,optical_isea4h,datasets[0].timings.units[2].workers[3],raster_worker,grid.geometry,1,0.004094,0.402355
4,optical_isea4h,datasets[0].timings.units[2].workers[3],raster_worker,minio.tile_stat,1,0.006051,0.402355
4,optical_isea4h,datasets[0].timings.units[2].workers[3],raster_worker,source.checksum,1,0.032703,0.402355
4,optical_isea4h,datasets[0].timings.units[2].workers[3],raster_worker,source.download,1,0.0,0.402355
4,optical_isea4h,datasets[0].timings.units[2].workers[3],raster_worker,entity.tile_mask,1,0.161134,0.402355
4,optical_isea4h,datasets[0].timings.units[2].workers[3],raster_worker,entity.tile_write,1,0.123293,0.402355
4,optical_isea4h,datasets[0].timings.units[2].workers[3],raster_worker,minio.tile_upload,1,0.062486,0.402355
4,optical_isea4h,datasets[0].timings.units[2].workers[3],raster_worker,source.raster_open,1,0.009146,0.402355
4,optical_isea4h,datasets[0].timings.units[2].workers[3],raster_worker,entity.tile_checksum,1,0.001928,0.402355
4,optical_isea4h,datasets[0].timings.units[2].workers[3],raster_worker,grid.window_calculation,1,0.00033,0.402355
4,optical_isea4h,datasets[0].timings.units[2].workers[4],raster_worker,source.cache,1,0.000207,1.415337
4,optical_isea4h,datasets[0].timings.units[2].workers[4],raster_worker,grid.geometry,1,0.003794,1.415337
4,optical_isea4h,datasets[0].timings.units[2].workers[4],raster_worker,minio.tile_stat,1,0.006292,1.415337
4,optical_isea4h,datasets[0].timings.units[2].workers[4],raster_worker,source.checksum,1,0.032893,1.415337
4,optical_isea4h,datasets[0].timings.units[2].workers[4],raster_worker,source.download,1,0.0,1.415337
4,optical_isea4h,datasets[0].timings.units[2].workers[4],raster_worker,entity.tile_mask,1,0.762104,1.415337
4,optical_isea4h,datasets[0].timings.units[2].workers[4],raster_worker,entity.tile_write,1,0.54123,1.415337
4,optical_isea4h,datasets[0].timings.units[2].workers[4],raster_worker,minio.tile_upload,1,0.05692,1.415337
4,optical_isea4h,datasets[0].timings.units[2].workers[4],raster_worker,source.raster_open,1,0.008704,1.415337
4,optical_isea4h,datasets[0].timings.units[2].workers[4],raster_worker,entity.tile_checksum,1,0.001759,1.415337
4,optical_isea4h,datasets[0].timings.units[2].workers[4],raster_worker,grid.window_calculation,1,0.000289,1.415337
4,optical_isea4h,datasets[0].timings.units[3].workers[0],raster_worker,source.cache,1,0.000179,0.379235
4,optical_isea4h,datasets[0].timings.units[3].workers[0],raster_worker,grid.geometry,1,0.003706,0.379235
4,optical_isea4h,datasets[0].timings.units[3].workers[0],raster_worker,minio.tile_stat,1,0.0063,0.379235
4,optical_isea4h,datasets[0].timings.units[3].workers[0],raster_worker,source.checksum,1,0.033691,0.379235
4,optical_isea4h,datasets[0].timings.units[3].workers[0],raster_worker,source.download,1,0.0,0.379235
4,optical_isea4h,datasets[0].timings.units[3].workers[0],raster_worker,entity.tile_mask,1,0.186402,0.379235
4,optical_isea4h,datasets[0].timings.units[3].workers[0],raster_worker,entity.tile_write,1,0.114605,0.379235
4,optical_isea4h,datasets[0].timings.units[3].workers[0],raster_worker,minio.tile_upload,1,0.024525,0.379235
4,optical_isea4h,datasets[0].timings.units[3].workers[0],raster_worker,source.raster_open,1,0.008659,0.379235
4,optical_isea4h,datasets[0].timings.units[3].workers[0],raster_worker,entity.tile_checksum,1,3e-05,0.379235
4,optical_isea4h,datasets[0].timings.units[3].workers[0],raster_worker,grid.window_calculation,1,0.000281,0.379235
4,optical_isea4h,datasets[0].timings.units[3].workers[1],raster_worker,source.cache,1,0.000244,0.468697
4,optical_isea4h,datasets[0].timings.units[3].workers[1],raster_worker,grid.geometry,1,0.004605,0.468697
4,optical_isea4h,datasets[0].timings.units[3].workers[1],raster_worker,minio.tile_stat,1,0.006527,0.468697
4,optical_isea4h,datasets[0].timings.units[3].workers[1],raster_worker,source.checksum,1,0.046453,0.468697
4,optical_isea4h,datasets[0].timings.units[3].workers[1],raster_worker,source.download,1,0.0,0.468697
4,optical_isea4h,datasets[0].timings.units[3].workers[1],raster_worker,entity.tile_mask,1,0.166263,0.468697
4,optical_isea4h,datasets[0].timings.units[3].workers[1],raster_worker,entity.tile_write,1,0.176764,0.468697
4,optical_isea4h,datasets[0].timings.units[3].workers[1],raster_worker,minio.tile_upload,1,0.055897,0.468697
4,optical_isea4h,datasets[0].timings.units[3].workers[1],raster_worker,source.raster_open,1,0.009619,0.468697
4,optical_isea4h,datasets[0].timings.units[3].workers[1],raster_worker,entity.tile_checksum,1,0.000771,0.468697
4,optical_isea4h,datasets[0].timings.units[3].workers[1],raster_worker,grid.window_calculation,1,0.000335,0.468697
4,optical_isea4h,datasets[0].timings.units[3].workers[2],raster_worker,source.cache,1,0.000233,0.42574
4,optical_isea4h,datasets[0].timings.units[3].workers[2],raster_worker,grid.geometry,1,0.004519,0.42574
4,optical_isea4h,datasets[0].timings.units[3].workers[2],raster_worker,minio.tile_stat,1,0.00741,0.42574
4,optical_isea4h,datasets[0].timings.units[3].workers[2],raster_worker,source.checksum,1,0.047362,0.42574
4,optical_isea4h,datasets[0].timings.units[3].workers[2],raster_worker,source.download,1,0.0,0.42574
4,optical_isea4h,datasets[0].timings.units[3].workers[2],raster_worker,entity.tile_mask,1,0.168799,0.42574
4,optical_isea4h,datasets[0].timings.units[3].workers[2],raster_worker,entity.tile_write,1,0.115012,0.42574
4,optical_isea4h,datasets[0].timings.units[3].workers[2],raster_worker,minio.tile_upload,1,0.068771,0.42574
4,optical_isea4h,datasets[0].timings.units[3].workers[2],raster_worker,source.raster_open,1,0.010028,0.42574
4,optical_isea4h,datasets[0].timings.units[3].workers[2],raster_worker,entity.tile_checksum,1,0.002043,0.42574
4,optical_isea4h,datasets[0].timings.units[3].workers[2],raster_worker,grid.window_calculation,1,0.000351,0.42574
4,optical_isea4h,datasets[0].timings.units[3].workers[3],raster_worker,source.cache,1,0.000332,0.426006
4,optical_isea4h,datasets[0].timings.units[3].workers[3],raster_worker,grid.geometry,1,0.005634,0.426006
4,optical_isea4h,datasets[0].timings.units[3].workers[3],raster_worker,minio.tile_stat,1,0.011569,0.426006
4,optical_isea4h,datasets[0].timings.units[3].workers[3],raster_worker,source.checksum,1,0.055194,0.426006
4,optical_isea4h,datasets[0].timings.units[3].workers[3],raster_worker,source.download,1,0.0,0.426006
4,optical_isea4h,datasets[0].timings.units[3].workers[3],raster_worker,entity.tile_mask,1,0.192387,0.426006
4,optical_isea4h,datasets[0].timings.units[3].workers[3],raster_worker,entity.tile_write,1,0.099494,0.426006
4,optical_isea4h,datasets[0].timings.units[3].workers[3],raster_worker,minio.tile_upload,1,0.048104,0.426006
4,optical_isea4h,datasets[0].timings.units[3].workers[3],raster_worker,source.raster_open,1,0.010858,0.426006
4,optical_isea4h,datasets[0].timings.units[3].workers[3],raster_worker,entity.tile_checksum,1,0.000615,0.426006
4,optical_isea4h,datasets[0].timings.units[3].workers[3],raster_worker,grid.window_calculation,1,0.000397,0.426006
4,optical_isea4h,datasets[0].timings.units[3].workers[4],raster_worker,source.cache,1,0.000236,2.622089
4,optical_isea4h,datasets[0].timings.units[3].workers[4],raster_worker,grid.geometry,1,0.004614,2.622089
4,optical_isea4h,datasets[0].timings.units[3].workers[4],raster_worker,minio.tile_stat,1,0.007586,2.622089
4,optical_isea4h,datasets[0].timings.units[3].workers[4],raster_worker,source.checksum,1,0.050294,2.622089
4,optical_isea4h,datasets[0].timings.units[3].workers[4],raster_worker,source.download,1,0.0,2.622089
4,optical_isea4h,datasets[0].timings.units[3].workers[4],raster_worker,entity.tile_mask,1,0.903587,2.622089
4,optical_isea4h,datasets[0].timings.units[3].workers[4],raster_worker,entity.tile_write,1,1.462227,2.622089
4,optical_isea4h,datasets[0].timings.units[3].workers[4],raster_worker,minio.tile_upload,1,0.169023,2.622089
4,optical_isea4h,datasets[0].timings.units[3].workers[4],raster_worker,source.raster_open,1,0.010094,2.622089
4,optical_isea4h,datasets[0].timings.units[3].workers[4],raster_worker,entity.tile_checksum,1,0.012439,2.622089
4,optical_isea4h,datasets[0].timings.units[3].workers[4],raster_worker,grid.window_calculation,1,0.000364,2.622089
4,optical_isea4h,datasets[0].timings.workflow,workflow_dataset,opengauss.start_output,1,0.013237,5.57161
4,optical_isea4h,datasets[0].timings.workflow,workflow_dataset,opengauss.complete_output,1,0.043524,5.57161
4,radar_isea4h,timings.job_driver,ray_job_driver,workflow.run,1,3.950889,4.131068
4,radar_isea4h,timings.job_driver,ray_job_driver,driver.bootstrap,1,0.174502,4.131068
4,radar_isea4h,timings.job_driver,ray_job_driver,task.start_attempt,1,0.004902,4.131068
4,radar_isea4h,datasets[0].timings.units[0].driver,raster_driver,grid.cover,1,0.019286,3.553608
4,radar_isea4h,datasets[0].timings.units[0].workers[0],raster_worker,source.cache,1,0.000175,2.043265
4,radar_isea4h,datasets[0].timings.units[0].workers[0],raster_worker,grid.geometry,3,0.006146,2.043265
4,radar_isea4h,datasets[0].timings.units[0].workers[0],raster_worker,minio.tile_stat,3,0.015099,2.043265
4,radar_isea4h,datasets[0].timings.units[0].workers[0],raster_worker,source.checksum,1,0.019333,2.043265
4,radar_isea4h,datasets[0].timings.units[0].workers[0],raster_worker,source.download,1,0.0,2.043265
4,radar_isea4h,datasets[0].timings.units[0].workers[0],raster_worker,entity.tile_mask,3,0.329347,2.043265
4,radar_isea4h,datasets[0].timings.units[0].workers[0],raster_worker,entity.tile_write,3,0.862003,2.043265
4,radar_isea4h,datasets[0].timings.units[0].workers[0],raster_worker,minio.tile_upload,3,0.766105,2.043265
4,radar_isea4h,datasets[0].timings.units[0].workers[0],raster_worker,source.raster_open,1,0.017255,2.043265
4,radar_isea4h,datasets[0].timings.units[0].workers[0],raster_worker,entity.tile_checksum,3,0.02126,2.043265
4,radar_isea4h,datasets[0].timings.units[0].workers[0],raster_worker,grid.window_calculation,3,0.001008,2.043265
4,radar_isea4h,datasets[0].timings.units[0].batch_driver,raster_batch_driver,ray.init,1,0.08454,3.553584
4,radar_isea4h,datasets[0].timings.units[0].batch_driver,raster_batch_driver,ray.wait,17,3.368732,3.553584
4,radar_isea4h,datasets[0].timings.units[0].batch_driver,raster_batch_driver,ray.result_get,1,0.000621,3.553584
4,radar_isea4h,datasets[0].timings.units[0].batch_driver,raster_batch_driver,ray.task_submit,2,0.050518,3.553584
4,radar_isea4h,datasets[0].timings.units[0].batch_driver,raster_batch_driver,driver.result_merge,2,1.3e-05,3.553584
4,radar_isea4h,datasets[0].timings.units[0].source_preflight,source_preflight,minio.stat,1,0.166382,0.166418
4,radar_isea4h,datasets[0].timings.units[1].workers[0],raster_worker,source.cache,1,0.000217,1.985577
4,radar_isea4h,datasets[0].timings.units[1].workers[0],raster_worker,grid.geometry,3,0.006691,1.985577
4,radar_isea4h,datasets[0].timings.units[1].workers[0],raster_worker,minio.tile_stat,3,0.015668,1.985577
4,radar_isea4h,datasets[0].timings.units[1].workers[0],raster_worker,source.checksum,1,0.026598,1.985577
4,radar_isea4h,datasets[0].timings.units[1].workers[0],raster_worker,source.download,1,0.0,1.985577
4,radar_isea4h,datasets[0].timings.units[1].workers[0],raster_worker,entity.tile_mask,3,0.310812,1.985577
4,radar_isea4h,datasets[0].timings.units[1].workers[0],raster_worker,entity.tile_write,3,0.828561,1.985577
4,radar_isea4h,datasets[0].timings.units[1].workers[0],raster_worker,minio.tile_upload,3,0.753863,1.985577
4,radar_isea4h,datasets[0].timings.units[1].workers[0],raster_worker,source.raster_open,1,0.016611,1.985577
4,radar_isea4h,datasets[0].timings.units[1].workers[0],raster_worker,entity.tile_checksum,3,0.019992,1.985577
4,radar_isea4h,datasets[0].timings.units[1].workers[0],raster_worker,grid.window_calculation,3,0.000989,1.985577
4,radar_isea4h,datasets[0].timings.workflow,workflow_dataset,opengauss.start_output,1,0.01215,3.950673
4,radar_isea4h,datasets[0].timings.workflow,workflow_dataset,opengauss.complete_output,1,0.023469,3.950673
4,product_isea4h,timings.job_driver,ray_job_driver,workflow.run,1,2.93052,3.095777
4,product_isea4h,timings.job_driver,ray_job_driver,driver.bootstrap,1,0.158842,3.095777
4,product_isea4h,timings.job_driver,ray_job_driver,task.start_attempt,1,0.00566,3.095777
4,product_isea4h,datasets[0].timings.units[0].driver,raster_driver,grid.cover,1,0.023898,2.544962
4,product_isea4h,datasets[0].timings.units[0].workers[0],raster_worker,source.cache,1,0.000197,0.138795
4,product_isea4h,datasets[0].timings.units[0].workers[0],raster_worker,grid.geometry,1,0.003623,0.138795
4,product_isea4h,datasets[0].timings.units[0].workers[0],raster_worker,minio.tile_stat,1,0.007769,0.138795
4,product_isea4h,datasets[0].timings.units[0].workers[0],raster_worker,source.checksum,1,0.003579,0.138795
4,product_isea4h,datasets[0].timings.units[0].workers[0],raster_worker,source.download,1,0.0,0.138795
4,product_isea4h,datasets[0].timings.units[0].workers[0],raster_worker,entity.tile_mask,1,0.015943,0.138795
4,product_isea4h,datasets[0].timings.units[0].workers[0],raster_worker,entity.tile_write,1,0.028468,0.138795
4,product_isea4h,datasets[0].timings.units[0].workers[0],raster_worker,minio.tile_upload,1,0.058739,0.138795
4,product_isea4h,datasets[0].timings.units[0].workers[0],raster_worker,source.raster_open,1,0.01742,0.138795
4,product_isea4h,datasets[0].timings.units[0].workers[0],raster_worker,entity.tile_checksum,1,0.000168,0.138795
4,product_isea4h,datasets[0].timings.units[0].workers[0],raster_worker,grid.window_calculation,1,0.000299,0.138795
4,product_isea4h,datasets[0].timings.units[0].workers[1],raster_worker,source.cache,1,0.000183,0.245658
4,product_isea4h,datasets[0].timings.units[0].workers[1],raster_worker,grid.geometry,1,0.003546,0.245658
4,product_isea4h,datasets[0].timings.units[0].workers[1],raster_worker,minio.tile_stat,1,0.005467,0.245658
4,product_isea4h,datasets[0].timings.units[0].workers[1],raster_worker,source.checksum,1,0.003697,0.245658
4,product_isea4h,datasets[0].timings.units[0].workers[1],raster_worker,source.download,1,0.0,0.245658
4,product_isea4h,datasets[0].timings.units[0].workers[1],raster_worker,entity.tile_mask,1,0.041794,0.245658
4,product_isea4h,datasets[0].timings.units[0].workers[1],raster_worker,entity.tile_write,1,0.103729,0.245658
4,product_isea4h,datasets[0].timings.units[0].workers[1],raster_worker,minio.tile_upload,1,0.06529,0.245658
4,product_isea4h,datasets[0].timings.units[0].workers[1],raster_worker,source.raster_open,1,0.016896,0.245658
4,product_isea4h,datasets[0].timings.units[0].workers[1],raster_worker,entity.tile_checksum,1,0.002216,0.245658
4,product_isea4h,datasets[0].timings.units[0].workers[1],raster_worker,grid.window_calculation,1,0.000278,0.245658
4,product_isea4h,datasets[0].timings.units[0].workers[2],raster_worker,source.cache,1,0.000188,0.603425
4,product_isea4h,datasets[0].timings.units[0].workers[2],raster_worker,grid.geometry,1,0.003628,0.603425
4,product_isea4h,datasets[0].timings.units[0].workers[2],raster_worker,minio.tile_stat,1,0.006909,0.603425
4,product_isea4h,datasets[0].timings.units[0].workers[2],raster_worker,source.checksum,1,0.003768,0.603425
4,product_isea4h,datasets[0].timings.units[0].workers[2],raster_worker,source.download,1,0.0,0.603425
4,product_isea4h,datasets[0].timings.units[0].workers[2],raster_worker,entity.tile_mask,1,0.091495,0.603425
4,product_isea4h,datasets[0].timings.units[0].workers[2],raster_worker,entity.tile_write,1,0.271727,0.603425
4,product_isea4h,datasets[0].timings.units[0].workers[2],raster_worker,minio.tile_upload,1,0.196551,0.603425
4,product_isea4h,datasets[0].timings.units[0].workers[2],raster_worker,source.raster_open,1,0.018333,0.603425
4,product_isea4h,datasets[0].timings.units[0].workers[2],raster_worker,entity.tile_checksum,1,0.007873,0.603425
4,product_isea4h,datasets[0].timings.units[0].workers[2],raster_worker,grid.window_calculation,1,0.000314,0.603425
4,product_isea4h,datasets[0].timings.units[0].workers[3],raster_worker,source.cache,1,0.000186,0.943978
4,product_isea4h,datasets[0].timings.units[0].workers[3],raster_worker,grid.geometry,1,0.00361,0.943978
4,product_isea4h,datasets[0].timings.units[0].workers[3],raster_worker,minio.tile_stat,1,0.006052,0.943978
4,product_isea4h,datasets[0].timings.units[0].workers[3],raster_worker,source.checksum,1,0.003926,0.943978
4,product_isea4h,datasets[0].timings.units[0].workers[3],raster_worker,source.download,1,0.0,0.943978
4,product_isea4h,datasets[0].timings.units[0].workers[3],raster_worker,entity.tile_mask,1,0.143091,0.943978
4,product_isea4h,datasets[0].timings.units[0].workers[3],raster_worker,entity.tile_write,1,0.435136,0.943978
4,product_isea4h,datasets[0].timings.units[0].workers[3],raster_worker,minio.tile_upload,1,0.317125,0.943978
4,product_isea4h,datasets[0].timings.units[0].workers[3],raster_worker,source.raster_open,1,0.019105,0.943978
4,product_isea4h,datasets[0].timings.units[0].workers[3],raster_worker,entity.tile_checksum,1,0.012723,0.943978
4,product_isea4h,datasets[0].timings.units[0].workers[3],raster_worker,grid.window_calculation,1,0.000303,0.943978
4,product_isea4h,datasets[0].timings.units[0].workers[4],raster_worker,source.cache,1,0.000234,0.831771
4,product_isea4h,datasets[0].timings.units[0].workers[4],raster_worker,grid.geometry,1,0.004315,0.831771
4,product_isea4h,datasets[0].timings.units[0].workers[4],raster_worker,minio.tile_stat,1,0.006683,0.831771
4,product_isea4h,datasets[0].timings.units[0].workers[4],raster_worker,source.checksum,1,0.004907,0.831771
4,product_isea4h,datasets[0].timings.units[0].workers[4],raster_worker,source.download,1,0.0,0.831771
4,product_isea4h,datasets[0].timings.units[0].workers[4],raster_worker,entity.tile_mask,1,0.192592,0.831771
4,product_isea4h,datasets[0].timings.units[0].workers[4],raster_worker,entity.tile_write,1,0.406091,0.831771
4,product_isea4h,datasets[0].timings.units[0].workers[4],raster_worker,minio.tile_upload,1,0.177278,0.831771
4,product_isea4h,datasets[0].timings.units[0].workers[4],raster_worker,source.raster_open,1,0.024489,0.831771
4,product_isea4h,datasets[0].timings.units[0].workers[4],raster_worker,entity.tile_checksum,1,0.011825,0.831771
4,product_isea4h,datasets[0].timings.units[0].workers[4],raster_worker,grid.window_calculation,1,0.000332,0.831771
4,product_isea4h,datasets[0].timings.units[0].batch_driver,raster_batch_driver,ray.init,1,0.083817,2.544939
4,product_isea4h,datasets[0].timings.units[0].batch_driver,raster_batch_driver,ray.wait,12,2.359963,2.544939
4,product_isea4h,datasets[0].timings.units[0].batch_driver,raster_batch_driver,ray.result_get,4,0.001517,2.544939
4,product_isea4h,datasets[0].timings.units[0].batch_driver,raster_batch_driver,ray.task_submit,5,0.05233,2.544939
4,product_isea4h,datasets[0].timings.units[0].batch_driver,raster_batch_driver,driver.result_merge,5,2.7e-05,2.544939
4,product_isea4h,datasets[0].timings.units[0].source_preflight,source_preflight,minio.stat,1,0.153122,0.153154
4,product_isea4h,datasets[0].timings.workflow,workflow_dataset,opengauss.start_output,1,0.010504,2.930312
4,product_isea4h,datasets[0].timings.workflow,workflow_dataset,opengauss.complete_output,1,0.02515,2.930312
4,carbon_isea4h,timings.job_driver,ray_job_driver,workflow.run,1,2.516411,2.671125
4,carbon_isea4h,timings.job_driver,ray_job_driver,driver.bootstrap,1,0.149663,2.671125
4,carbon_isea4h,timings.job_driver,ray_job_driver,task.start_attempt,1,0.00431,2.671125
4,carbon_isea4h,datasets[0].timings.units[0].driver,carbon_driver,ray.init,1,0.077977,1.776533
4,carbon_isea4h,datasets[0].timings.units[0].driver,carbon_driver,ray.wait_get,1,1.652785,1.776533
4,carbon_isea4h,datasets[0].timings.units[0].driver,carbon_driver,ray.task_submit,1,0.045653,1.776533
4,carbon_isea4h,datasets[0].timings.units[0].driver,carbon_driver,driver.result_merge,1,3e-06,1.776533
4,carbon_isea4h,datasets[0].timings.units[0].workers[0],carbon_worker,grid.locate,1,0.001446,0.143545
4,carbon_isea4h,datasets[0].timings.units[0].workers[0],carbon_worker,source.cache,1,0.000215,0.143545
4,carbon_isea4h,datasets[0].timings.units[0].workers[0],carbon_worker,grid.geometry,1,0.000684,0.143545
4,carbon_isea4h,datasets[0].timings.units[0].workers[0],carbon_worker,source.checksum,1,0.055847,0.143545
4,carbon_isea4h,datasets[0].timings.units[0].workers[0],carbon_worker,source.download,1,0.0,0.143545
4,carbon_isea4h,datasets[0].timings.units[0].workers[0],carbon_worker,carbon.observation_load,1,0.081155,0.143545
4,carbon_isea4h,datasets[0].timings.units[0].workers[0],carbon_worker,carbon.measurement_partition,1,0.000117,0.143545
4,carbon_isea4h,datasets[0].timings.units[0].workers[0],carbon_worker,carbon.partition_observation,1,0.003658,0.143545
4,carbon_isea4h,datasets[0].timings.units[0].source_preflight,source_preflight,minio.stat,1,0.155967,0.155998
4,carbon_isea4h,datasets[0].timings.workflow,workflow_dataset,opengauss.start_output,1,0.009605,2.516176
4,carbon_isea4h,datasets[0].timings.workflow,workflow_dataset,opengauss.complete_output,1,0.381084,2.516176
5,optical_isea4h,timings.job_driver,ray_job_driver,workflow.run,1,5.610842,5.771858
5,optical_isea4h,timings.job_driver,ray_job_driver,driver.bootstrap,1,0.156582,5.771858
5,optical_isea4h,timings.job_driver,ray_job_driver,task.start_attempt,1,0.003716,5.771858
5,optical_isea4h,datasets[0].timings.units[0].driver,raster_driver,grid.cover,1,0.02333,5.204641
5,optical_isea4h,datasets[0].timings.units[0].workers[0],raster_worker,source.cache,1,0.000191,0.434184
5,optical_isea4h,datasets[0].timings.units[0].workers[0],raster_worker,grid.geometry,1,0.00396,0.434184
5,optical_isea4h,datasets[0].timings.units[0].workers[0],raster_worker,minio.tile_stat,1,0.005052,0.434184
5,optical_isea4h,datasets[0].timings.units[0].workers[0],raster_worker,source.checksum,1,0.031664,0.434184
5,optical_isea4h,datasets[0].timings.units[0].workers[0],raster_worker,source.download,1,0.0,0.434184
5,optical_isea4h,datasets[0].timings.units[0].workers[0],raster_worker,entity.tile_mask,1,0.157037,0.434184
5,optical_isea4h,datasets[0].timings.units[0].workers[0],raster_worker,entity.tile_write,1,0.123798,0.434184
5,optical_isea4h,datasets[0].timings.units[0].workers[0],raster_worker,minio.tile_upload,1,0.102031,0.434184
5,optical_isea4h,datasets[0].timings.units[0].workers[0],raster_worker,source.raster_open,1,0.008941,0.434184
5,optical_isea4h,datasets[0].timings.units[0].workers[0],raster_worker,entity.tile_checksum,1,0.000224,0.434184
5,optical_isea4h,datasets[0].timings.units[0].workers[0],raster_worker,grid.window_calculation,1,0.000329,0.434184
5,optical_isea4h,datasets[0].timings.units[0].workers[1],raster_worker,source.cache,1,0.000256,0.388263
5,optical_isea4h,datasets[0].timings.units[0].workers[1],raster_worker,grid.geometry,1,0.004507,0.388263
5,optical_isea4h,datasets[0].timings.units[0].workers[1],raster_worker,minio.tile_stat,1,0.01625,0.388263
5,optical_isea4h,datasets[0].timings.units[0].workers[1],raster_worker,source.checksum,1,0.032904,0.388263
5,optical_isea4h,datasets[0].timings.units[0].workers[1],raster_worker,source.download,1,0.0,0.388263
5,optical_isea4h,datasets[0].timings.units[0].workers[1],raster_worker,entity.tile_mask,1,0.153299,0.388263
5,optical_isea4h,datasets[0].timings.units[0].workers[1],raster_worker,entity.tile_write,1,0.114411,0.388263
5,optical_isea4h,datasets[0].timings.units[0].workers[1],raster_worker,minio.tile_upload,1,0.05574,0.388263
5,optical_isea4h,datasets[0].timings.units[0].workers[1],raster_worker,source.raster_open,1,0.009179,0.388263
5,optical_isea4h,datasets[0].timings.units[0].workers[1],raster_worker,entity.tile_checksum,1,3.5e-05,0.388263
5,optical_isea4h,datasets[0].timings.units[0].workers[1],raster_worker,grid.window_calculation,1,0.000342,0.388263
5,optical_isea4h,datasets[0].timings.units[0].workers[2],raster_worker,source.cache,1,0.000208,0.375906
5,optical_isea4h,datasets[0].timings.units[0].workers[2],raster_worker,grid.geometry,1,0.004065,0.375906
5,optical_isea4h,datasets[0].timings.units[0].workers[2],raster_worker,minio.tile_stat,1,0.006874,0.375906
5,optical_isea4h,datasets[0].timings.units[0].workers[2],raster_worker,source.checksum,1,0.031404,0.375906
5,optical_isea4h,datasets[0].timings.units[0].workers[2],raster_worker,source.download,1,0.0,0.375906
5,optical_isea4h,datasets[0].timings.units[0].workers[2],raster_worker,entity.tile_mask,1,0.166891,0.375906
5,optical_isea4h,datasets[0].timings.units[0].workers[2],raster_worker,entity.tile_write,1,0.084089,0.375906
5,optical_isea4h,datasets[0].timings.units[0].workers[2],raster_worker,minio.tile_upload,1,0.07208,0.375906
5,optical_isea4h,datasets[0].timings.units[0].workers[2],raster_worker,source.raster_open,1,0.008892,0.375906
5,optical_isea4h,datasets[0].timings.units[0].workers[2],raster_worker,entity.tile_checksum,1,0.000101,0.375906
5,optical_isea4h,datasets[0].timings.units[0].workers[2],raster_worker,grid.window_calculation,1,0.00031,0.375906
5,optical_isea4h,datasets[0].timings.units[0].workers[3],raster_worker,source.cache,1,0.000228,0.404902
5,optical_isea4h,datasets[0].timings.units[0].workers[3],raster_worker,grid.geometry,1,0.004118,0.404902
5,optical_isea4h,datasets[0].timings.units[0].workers[3],raster_worker,minio.tile_stat,1,0.01061,0.404902
5,optical_isea4h,datasets[0].timings.units[0].workers[3],raster_worker,source.checksum,1,0.030928,0.404902
5,optical_isea4h,datasets[0].timings.units[0].workers[3],raster_worker,source.download,1,0.0,0.404902
5,optical_isea4h,datasets[0].timings.units[0].workers[3],raster_worker,entity.tile_mask,1,0.159267,0.404902
5,optical_isea4h,datasets[0].timings.units[0].workers[3],raster_worker,entity.tile_write,1,0.108859,0.404902
5,optical_isea4h,datasets[0].timings.units[0].workers[3],raster_worker,minio.tile_upload,1,0.079536,0.404902
5,optical_isea4h,datasets[0].timings.units[0].workers[3],raster_worker,source.raster_open,1,0.008854,0.404902
5,optical_isea4h,datasets[0].timings.units[0].workers[3],raster_worker,entity.tile_checksum,1,0.001135,0.404902
5,optical_isea4h,datasets[0].timings.units[0].workers[3],raster_worker,grid.window_calculation,1,0.000322,0.404902
5,optical_isea4h,datasets[0].timings.units[0].workers[4],raster_worker,source.cache,1,0.000227,1.685196
5,optical_isea4h,datasets[0].timings.units[0].workers[4],raster_worker,grid.geometry,1,0.003912,1.685196
5,optical_isea4h,datasets[0].timings.units[0].workers[4],raster_worker,minio.tile_stat,1,0.007197,1.685196
5,optical_isea4h,datasets[0].timings.units[0].workers[4],raster_worker,source.checksum,1,0.03192,1.685196
5,optical_isea4h,datasets[0].timings.units[0].workers[4],raster_worker,source.download,1,0.0,1.685196
5,optical_isea4h,datasets[0].timings.units[0].workers[4],raster_worker,entity.tile_mask,1,0.746213,1.685196
5,optical_isea4h,datasets[0].timings.units[0].workers[4],raster_worker,entity.tile_write,1,0.755268,1.685196
5,optical_isea4h,datasets[0].timings.units[0].workers[4],raster_worker,minio.tile_upload,1,0.126163,1.685196
5,optical_isea4h,datasets[0].timings.units[0].workers[4],raster_worker,source.raster_open,1,0.009258,1.685196
5,optical_isea4h,datasets[0].timings.units[0].workers[4],raster_worker,entity.tile_checksum,1,0.003423,1.685196
5,optical_isea4h,datasets[0].timings.units[0].workers[4],raster_worker,grid.window_calculation,1,0.000308,1.685196
5,optical_isea4h,datasets[0].timings.units[0].batch_driver,raster_batch_driver,ray.init,1,0.082921,5.204593
5,optical_isea4h,datasets[0].timings.units[0].batch_driver,raster_batch_driver,ray.wait,25,4.99212,5.204593
5,optical_isea4h,datasets[0].timings.units[0].batch_driver,raster_batch_driver,ray.result_get,8,0.004011,5.204593
5,optical_isea4h,datasets[0].timings.units[0].batch_driver,raster_batch_driver,ray.task_submit,20,0.053953,5.204593
5,optical_isea4h,datasets[0].timings.units[0].batch_driver,raster_batch_driver,driver.result_merge,20,7e-05,5.204593
5,optical_isea4h,datasets[0].timings.units[0].source_preflight,source_preflight,minio.stat,1,0.161714,0.161747
5,optical_isea4h,datasets[0].timings.units[1].workers[0],raster_worker,source.cache,1,0.000218,0.42415
5,optical_isea4h,datasets[0].timings.units[1].workers[0],raster_worker,grid.geometry,1,0.003894,0.42415
5,optical_isea4h,datasets[0].timings.units[1].workers[0],raster_worker,minio.tile_stat,1,0.015727,0.42415
5,optical_isea4h,datasets[0].timings.units[1].workers[0],raster_worker,source.checksum,1,0.036202,0.42415
5,optical_isea4h,datasets[0].timings.units[1].workers[0],raster_worker,source.download,1,0.0,0.42415
5,optical_isea4h,datasets[0].timings.units[1].workers[0],raster_worker,entity.tile_mask,1,0.16301,0.42415
5,optical_isea4h,datasets[0].timings.units[1].workers[0],raster_worker,entity.tile_write,1,0.117935,0.42415
5,optical_isea4h,datasets[0].timings.units[1].workers[0],raster_worker,minio.tile_upload,1,0.076948,0.42415
5,optical_isea4h,datasets[0].timings.units[1].workers[0],raster_worker,source.raster_open,1,0.008818,0.42415
5,optical_isea4h,datasets[0].timings.units[1].workers[0],raster_worker,entity.tile_checksum,1,0.000188,0.42415
5,optical_isea4h,datasets[0].timings.units[1].workers[0],raster_worker,grid.window_calculation,1,0.000278,0.42415
5,optical_isea4h,datasets[0].timings.units[1].workers[1],raster_worker,source.cache,1,0.000204,0.361582
5,optical_isea4h,datasets[0].timings.units[1].workers[1],raster_worker,grid.geometry,1,0.004082,0.361582
5,optical_isea4h,datasets[0].timings.units[1].workers[1],raster_worker,minio.tile_stat,1,0.009744,0.361582
5,optical_isea4h,datasets[0].timings.units[1].workers[1],raster_worker,source.checksum,1,0.034608,0.361582
5,optical_isea4h,datasets[0].timings.units[1].workers[1],raster_worker,source.download,1,0.0,0.361582
5,optical_isea4h,datasets[0].timings.units[1].workers[1],raster_worker,entity.tile_mask,1,0.14533,0.361582
5,optical_isea4h,datasets[0].timings.units[1].workers[1],raster_worker,entity.tile_write,1,0.094846,0.361582
5,optical_isea4h,datasets[0].timings.units[1].workers[1],raster_worker,minio.tile_upload,1,0.061448,0.361582
5,optical_isea4h,datasets[0].timings.units[1].workers[1],raster_worker,source.raster_open,1,0.009471,0.361582
5,optical_isea4h,datasets[0].timings.units[1].workers[1],raster_worker,entity.tile_checksum,1,0.000546,0.361582
5,optical_isea4h,datasets[0].timings.units[1].workers[1],raster_worker,grid.window_calculation,1,0.000336,0.361582
5,optical_isea4h,datasets[0].timings.units[1].workers[2],raster_worker,source.cache,1,0.000203,0.366396
5,optical_isea4h,datasets[0].timings.units[1].workers[2],raster_worker,grid.geometry,1,0.004328,0.366396
5,optical_isea4h,datasets[0].timings.units[1].workers[2],raster_worker,minio.tile_stat,1,0.005681,0.366396
5,optical_isea4h,datasets[0].timings.units[1].workers[2],raster_worker,source.checksum,1,0.032355,0.366396
5,optical_isea4h,datasets[0].timings.units[1].workers[2],raster_worker,source.download,1,0.0,0.366396
5,optical_isea4h,datasets[0].timings.units[1].workers[2],raster_worker,entity.tile_mask,1,0.15851,0.366396
5,optical_isea4h,datasets[0].timings.units[1].workers[2],raster_worker,entity.tile_write,1,0.127873,0.366396
5,optical_isea4h,datasets[0].timings.units[1].workers[2],raster_worker,minio.tile_upload,1,0.026626,0.366396
5,optical_isea4h,datasets[0].timings.units[1].workers[2],raster_worker,source.raster_open,1,0.009374,0.366396
5,optical_isea4h,datasets[0].timings.units[1].workers[2],raster_worker,entity.tile_checksum,1,2.9e-05,0.366396
5,optical_isea4h,datasets[0].timings.units[1].workers[2],raster_worker,grid.window_calculation,1,0.000367,0.366396
5,optical_isea4h,datasets[0].timings.units[1].workers[3],raster_worker,source.cache,1,0.00023,0.399264
5,optical_isea4h,datasets[0].timings.units[1].workers[3],raster_worker,grid.geometry,1,0.004016,0.399264
5,optical_isea4h,datasets[0].timings.units[1].workers[3],raster_worker,minio.tile_stat,1,0.006417,0.399264
5,optical_isea4h,datasets[0].timings.units[1].workers[3],raster_worker,source.checksum,1,0.036575,0.399264
5,optical_isea4h,datasets[0].timings.units[1].workers[3],raster_worker,source.download,1,0.0,0.399264
5,optical_isea4h,datasets[0].timings.units[1].workers[3],raster_worker,entity.tile_mask,1,0.159817,0.399264
5,optical_isea4h,datasets[0].timings.units[1].workers[3],raster_worker,entity.tile_write,1,0.119395,0.399264
5,optical_isea4h,datasets[0].timings.units[1].workers[3],raster_worker,minio.tile_upload,1,0.06016,0.399264
5,optical_isea4h,datasets[0].timings.units[1].workers[3],raster_worker,source.raster_open,1,0.009458,0.399264
5,optical_isea4h,datasets[0].timings.units[1].workers[3],raster_worker,entity.tile_checksum,1,0.001905,0.399264
5,optical_isea4h,datasets[0].timings.units[1].workers[3],raster_worker,grid.window_calculation,1,0.000315,0.399264
5,optical_isea4h,datasets[0].timings.units[1].workers[4],raster_worker,source.cache,1,0.000256,1.466952
5,optical_isea4h,datasets[0].timings.units[1].workers[4],raster_worker,grid.geometry,1,0.004566,1.466952
5,optical_isea4h,datasets[0].timings.units[1].workers[4],raster_worker,minio.tile_stat,1,0.008073,1.466952
5,optical_isea4h,datasets[0].timings.units[1].workers[4],raster_worker,source.checksum,1,0.034621,1.466952
5,optical_isea4h,datasets[0].timings.units[1].workers[4],raster_worker,source.download,1,0.0,1.466952
5,optical_isea4h,datasets[0].timings.units[1].workers[4],raster_worker,entity.tile_mask,1,0.763573,1.466952
5,optical_isea4h,datasets[0].timings.units[1].workers[4],raster_worker,entity.tile_write,1,0.577582,1.466952
5,optical_isea4h,datasets[0].timings.units[1].workers[4],raster_worker,minio.tile_upload,1,0.063903,1.466952
5,optical_isea4h,datasets[0].timings.units[1].workers[4],raster_worker,source.raster_open,1,0.009943,1.466952
5,optical_isea4h,datasets[0].timings.units[1].workers[4],raster_worker,entity.tile_checksum,1,0.002134,1.466952
5,optical_isea4h,datasets[0].timings.units[1].workers[4],raster_worker,grid.window_calculation,1,0.00041,1.466952
5,optical_isea4h,datasets[0].timings.units[2].workers[0],raster_worker,source.cache,1,0.000259,0.352148
5,optical_isea4h,datasets[0].timings.units[2].workers[0],raster_worker,grid.geometry,1,0.004074,0.352148
5,optical_isea4h,datasets[0].timings.units[2].workers[0],raster_worker,minio.tile_stat,1,0.008153,0.352148
5,optical_isea4h,datasets[0].timings.units[2].workers[0],raster_worker,source.checksum,1,0.031625,0.352148
5,optical_isea4h,datasets[0].timings.units[2].workers[0],raster_worker,source.download,1,0.0,0.352148
5,optical_isea4h,datasets[0].timings.units[2].workers[0],raster_worker,entity.tile_mask,1,0.154355,0.352148
5,optical_isea4h,datasets[0].timings.units[2].workers[0],raster_worker,entity.tile_write,1,0.107417,0.352148
5,optical_isea4h,datasets[0].timings.units[2].workers[0],raster_worker,minio.tile_upload,1,0.035491,0.352148
5,optical_isea4h,datasets[0].timings.units[2].workers[0],raster_worker,source.raster_open,1,0.009279,0.352148
5,optical_isea4h,datasets[0].timings.units[2].workers[0],raster_worker,entity.tile_checksum,1,0.000179,0.352148
5,optical_isea4h,datasets[0].timings.units[2].workers[0],raster_worker,grid.window_calculation,1,0.000338,0.352148
5,optical_isea4h,datasets[0].timings.units[2].workers[1],raster_worker,source.cache,1,0.000205,0.366383
5,optical_isea4h,datasets[0].timings.units[2].workers[1],raster_worker,grid.geometry,1,0.004426,0.366383
5,optical_isea4h,datasets[0].timings.units[2].workers[1],raster_worker,minio.tile_stat,1,0.005734,0.366383
5,optical_isea4h,datasets[0].timings.units[2].workers[1],raster_worker,source.checksum,1,0.031839,0.366383
5,optical_isea4h,datasets[0].timings.units[2].workers[1],raster_worker,source.download,1,0.0,0.366383
5,optical_isea4h,datasets[0].timings.units[2].workers[1],raster_worker,entity.tile_mask,1,0.163824,0.366383
5,optical_isea4h,datasets[0].timings.units[2].workers[1],raster_worker,entity.tile_write,1,0.115857,0.366383
5,optical_isea4h,datasets[0].timings.units[2].workers[1],raster_worker,minio.tile_upload,1,0.033389,0.366383
5,optical_isea4h,datasets[0].timings.units[2].workers[1],raster_worker,source.raster_open,1,0.009773,0.366383
5,optical_isea4h,datasets[0].timings.units[2].workers[1],raster_worker,entity.tile_checksum,1,3.1e-05,0.366383
5,optical_isea4h,datasets[0].timings.units[2].workers[1],raster_worker,grid.window_calculation,1,0.000338,0.366383
5,optical_isea4h,datasets[0].timings.units[2].workers[2],raster_worker,source.cache,1,0.000205,0.346834
5,optical_isea4h,datasets[0].timings.units[2].workers[2],raster_worker,grid.geometry,1,0.00414,0.346834
5,optical_isea4h,datasets[0].timings.units[2].workers[2],raster_worker,minio.tile_stat,1,0.00685,0.346834
5,optical_isea4h,datasets[0].timings.units[2].workers[2],raster_worker,source.checksum,1,0.032481,0.346834
5,optical_isea4h,datasets[0].timings.units[2].workers[2],raster_worker,source.download,1,0.0,0.346834
5,optical_isea4h,datasets[0].timings.units[2].workers[2],raster_worker,entity.tile_mask,1,0.146364,0.346834
5,optical_isea4h,datasets[0].timings.units[2].workers[2],raster_worker,entity.tile_write,1,0.092318,0.346834
5,optical_isea4h,datasets[0].timings.units[2].workers[2],raster_worker,minio.tile_upload,1,0.052188,0.346834
5,optical_isea4h,datasets[0].timings.units[2].workers[2],raster_worker,source.raster_open,1,0.01041,0.346834
5,optical_isea4h,datasets[0].timings.units[2].workers[2],raster_worker,entity.tile_checksum,1,0.000554,0.346834
5,optical_isea4h,datasets[0].timings.units[2].workers[2],raster_worker,grid.window_calculation,1,0.00035,0.346834
5,optical_isea4h,datasets[0].timings.units[2].workers[3],raster_worker,source.cache,1,0.000234,0.423988
5,optical_isea4h,datasets[0].timings.units[2].workers[3],raster_worker,grid.geometry,1,0.003942,0.423988
5,optical_isea4h,datasets[0].timings.units[2].workers[3],raster_worker,minio.tile_stat,1,0.006598,0.423988
5,optical_isea4h,datasets[0].timings.units[2].workers[3],raster_worker,source.checksum,1,0.030665,0.423988
5,optical_isea4h,datasets[0].timings.units[2].workers[3],raster_worker,source.download,1,0.0,0.423988
5,optical_isea4h,datasets[0].timings.units[2].workers[3],raster_worker,entity.tile_mask,1,0.157618,0.423988
5,optical_isea4h,datasets[0].timings.units[2].workers[3],raster_worker,entity.tile_write,1,0.133831,0.423988
5,optical_isea4h,datasets[0].timings.units[2].workers[3],raster_worker,minio.tile_upload,1,0.079214,0.423988
5,optical_isea4h,datasets[0].timings.units[2].workers[3],raster_worker,source.raster_open,1,0.008719,0.423988
5,optical_isea4h,datasets[0].timings.units[2].workers[3],raster_worker,entity.tile_checksum,1,0.001939,0.423988
5,optical_isea4h,datasets[0].timings.units[2].workers[3],raster_worker,grid.window_calculation,1,0.000316,0.423988
5,optical_isea4h,datasets[0].timings.units[2].workers[4],raster_worker,source.cache,1,0.000231,1.579712
5,optical_isea4h,datasets[0].timings.units[2].workers[4],raster_worker,grid.geometry,1,0.004437,1.579712
5,optical_isea4h,datasets[0].timings.units[2].workers[4],raster_worker,minio.tile_stat,1,0.00715,1.579712
5,optical_isea4h,datasets[0].timings.units[2].workers[4],raster_worker,source.checksum,1,0.046033,1.579712
5,optical_isea4h,datasets[0].timings.units[2].workers[4],raster_worker,source.download,1,0.0,1.579712
5,optical_isea4h,datasets[0].timings.units[2].workers[4],raster_worker,entity.tile_mask,1,0.890858,1.579712
5,optical_isea4h,datasets[0].timings.units[2].workers[4],raster_worker,entity.tile_write,1,0.561369,1.579712
5,optical_isea4h,datasets[0].timings.units[2].workers[4],raster_worker,minio.tile_upload,1,0.056305,1.579712
5,optical_isea4h,datasets[0].timings.units[2].workers[4],raster_worker,source.raster_open,1,0.009607,1.579712
5,optical_isea4h,datasets[0].timings.units[2].workers[4],raster_worker,entity.tile_checksum,1,0.001789,1.579712
5,optical_isea4h,datasets[0].timings.units[2].workers[4],raster_worker,grid.window_calculation,1,0.000326,1.579712
5,optical_isea4h,datasets[0].timings.units[3].workers[0],raster_worker,source.cache,1,0.000187,0.430174
5,optical_isea4h,datasets[0].timings.units[3].workers[0],raster_worker,grid.geometry,1,0.005676,0.430174
5,optical_isea4h,datasets[0].timings.units[3].workers[0],raster_worker,minio.tile_stat,1,0.008888,0.430174
5,optical_isea4h,datasets[0].timings.units[3].workers[0],raster_worker,source.checksum,1,0.030545,0.430174
5,optical_isea4h,datasets[0].timings.units[3].workers[0],raster_worker,source.download,1,0.0,0.430174
5,optical_isea4h,datasets[0].timings.units[3].workers[0],raster_worker,entity.tile_mask,1,0.150245,0.430174
5,optical_isea4h,datasets[0].timings.units[3].workers[0],raster_worker,entity.tile_write,1,0.167101,0.430174
5,optical_isea4h,datasets[0].timings.units[3].workers[0],raster_worker,minio.tile_upload,1,0.05673,0.430174
5,optical_isea4h,datasets[0].timings.units[3].workers[0],raster_worker,source.raster_open,1,0.008895,0.430174
5,optical_isea4h,datasets[0].timings.units[3].workers[0],raster_worker,entity.tile_checksum,1,0.000744,0.430174
5,optical_isea4h,datasets[0].timings.units[3].workers[0],raster_worker,grid.window_calculation,1,0.000294,0.430174
5,optical_isea4h,datasets[0].timings.units[3].workers[1],raster_worker,source.cache,1,0.000244,0.40484
5,optical_isea4h,datasets[0].timings.units[3].workers[1],raster_worker,grid.geometry,1,0.004612,0.40484
5,optical_isea4h,datasets[0].timings.units[3].workers[1],raster_worker,minio.tile_stat,1,0.00666,0.40484
5,optical_isea4h,datasets[0].timings.units[3].workers[1],raster_worker,source.checksum,1,0.049521,0.40484
5,optical_isea4h,datasets[0].timings.units[3].workers[1],raster_worker,source.download,1,0.0,0.40484
5,optical_isea4h,datasets[0].timings.units[3].workers[1],raster_worker,entity.tile_mask,1,0.17428,0.40484
5,optical_isea4h,datasets[0].timings.units[3].workers[1],raster_worker,entity.tile_write,1,0.123667,0.40484
5,optical_isea4h,datasets[0].timings.units[3].workers[1],raster_worker,minio.tile_upload,1,0.034444,0.40484
5,optical_isea4h,datasets[0].timings.units[3].workers[1],raster_worker,source.raster_open,1,0.009732,0.40484
5,optical_isea4h,datasets[0].timings.units[3].workers[1],raster_worker,entity.tile_checksum,1,3.8e-05,0.40484
5,optical_isea4h,datasets[0].timings.units[3].workers[1],raster_worker,grid.window_calculation,1,0.000355,0.40484
5,optical_isea4h,datasets[0].timings.units[3].workers[2],raster_worker,source.cache,1,0.000251,0.41083
5,optical_isea4h,datasets[0].timings.units[3].workers[2],raster_worker,grid.geometry,1,0.004519,0.41083
5,optical_isea4h,datasets[0].timings.units[3].workers[2],raster_worker,minio.tile_stat,1,0.005657,0.41083
5,optical_isea4h,datasets[0].timings.units[3].workers[2],raster_worker,source.checksum,1,0.049578,0.41083
5,optical_isea4h,datasets[0].timings.units[3].workers[2],raster_worker,source.download,1,0.0,0.41083
5,optical_isea4h,datasets[0].timings.units[3].workers[2],raster_worker,entity.tile_mask,1,0.172405,0.41083
5,optical_isea4h,datasets[0].timings.units[3].workers[2],raster_worker,entity.tile_write,1,0.116713,0.41083
5,optical_isea4h,datasets[0].timings.units[3].workers[2],raster_worker,minio.tile_upload,1,0.049114,0.41083
5,optical_isea4h,datasets[0].timings.units[3].workers[2],raster_worker,source.raster_open,1,0.010364,0.41083
5,optical_isea4h,datasets[0].timings.units[3].workers[2],raster_worker,entity.tile_checksum,1,0.000613,0.41083
5,optical_isea4h,datasets[0].timings.units[3].workers[2],raster_worker,grid.window_calculation,1,0.000363,0.41083
5,optical_isea4h,datasets[0].timings.units[3].workers[3],raster_worker,source.cache,1,0.000226,0.421067
5,optical_isea4h,datasets[0].timings.units[3].workers[3],raster_worker,grid.geometry,1,0.004573,0.421067
5,optical_isea4h,datasets[0].timings.units[3].workers[3],raster_worker,minio.tile_stat,1,0.007495,0.421067
5,optical_isea4h,datasets[0].timings.units[3].workers[3],raster_worker,source.checksum,1,0.051525,0.421067
5,optical_isea4h,datasets[0].timings.units[3].workers[3],raster_worker,source.download,1,0.0,0.421067
5,optical_isea4h,datasets[0].timings.units[3].workers[3],raster_worker,entity.tile_mask,1,0.176533,0.421067
5,optical_isea4h,datasets[0].timings.units[3].workers[3],raster_worker,entity.tile_write,1,0.115402,0.421067
5,optical_isea4h,datasets[0].timings.units[3].workers[3],raster_worker,minio.tile_upload,1,0.050633,0.421067
5,optical_isea4h,datasets[0].timings.units[3].workers[3],raster_worker,source.raster_open,1,0.011078,0.421067
5,optical_isea4h,datasets[0].timings.units[3].workers[3],raster_worker,entity.tile_checksum,1,0.002031,0.421067
5,optical_isea4h,datasets[0].timings.units[3].workers[3],raster_worker,grid.window_calculation,1,0.00037,0.421067
5,optical_isea4h,datasets[0].timings.units[3].workers[4],raster_worker,source.cache,1,0.00025,2.64284
5,optical_isea4h,datasets[0].timings.units[3].workers[4],raster_worker,grid.geometry,1,0.004757,2.64284
5,optical_isea4h,datasets[0].timings.units[3].workers[4],raster_worker,minio.tile_stat,1,0.008163,2.64284
5,optical_isea4h,datasets[0].timings.units[3].workers[4],raster_worker,source.checksum,1,0.050044,2.64284
5,optical_isea4h,datasets[0].timings.units[3].workers[4],raster_worker,source.download,1,0.0,2.64284
5,optical_isea4h,datasets[0].timings.units[3].workers[4],raster_worker,entity.tile_mask,1,0.92074,2.64284
5,optical_isea4h,datasets[0].timings.units[3].workers[4],raster_worker,entity.tile_write,1,1.46767,2.64284
5,optical_isea4h,datasets[0].timings.units[3].workers[4],raster_worker,minio.tile_upload,1,0.168392,2.64284
5,optical_isea4h,datasets[0].timings.units[3].workers[4],raster_worker,source.raster_open,1,0.010108,2.64284
5,optical_isea4h,datasets[0].timings.units[3].workers[4],raster_worker,entity.tile_checksum,1,0.010761,2.64284
5,optical_isea4h,datasets[0].timings.units[3].workers[4],raster_worker,grid.window_calculation,1,0.000351,2.64284
5,optical_isea4h,datasets[0].timings.workflow,workflow_dataset,opengauss.start_output,1,0.012217,5.610528
5,optical_isea4h,datasets[0].timings.workflow,workflow_dataset,opengauss.complete_output,1,0.038621,5.610528
5,radar_isea4h,timings.job_driver,ray_job_driver,workflow.run,1,3.955129,4.110764
5,radar_isea4h,timings.job_driver,ray_job_driver,driver.bootstrap,1,0.150966,4.110764
5,radar_isea4h,timings.job_driver,ray_job_driver,task.start_attempt,1,0.003721,4.110764
5,radar_isea4h,datasets[0].timings.units[0].driver,raster_driver,grid.cover,1,0.019158,3.574052
5,radar_isea4h,datasets[0].timings.units[0].workers[0],raster_worker,source.cache,1,0.000187,2.014547
5,radar_isea4h,datasets[0].timings.units[0].workers[0],raster_worker,grid.geometry,3,0.006063,2.014547
5,radar_isea4h,datasets[0].timings.units[0].workers[0],raster_worker,minio.tile_stat,3,0.015644,2.014547
5,radar_isea4h,datasets[0].timings.units[0].workers[0],raster_worker,source.checksum,1,0.024366,2.014547
5,radar_isea4h,datasets[0].timings.units[0].workers[0],raster_worker,source.download,1,0.0,2.014547
5,radar_isea4h,datasets[0].timings.units[0].workers[0],raster_worker,entity.tile_mask,3,0.307275,2.014547
5,radar_isea4h,datasets[0].timings.units[0].workers[0],raster_worker,entity.tile_write,3,0.849846,2.014547
5,radar_isea4h,datasets[0].timings.units[0].workers[0],raster_worker,minio.tile_upload,3,0.765955,2.014547
5,radar_isea4h,datasets[0].timings.units[0].workers[0],raster_worker,source.raster_open,1,0.017753,2.014547
5,radar_isea4h,datasets[0].timings.units[0].workers[0],raster_worker,entity.tile_checksum,3,0.021277,2.014547
5,radar_isea4h,datasets[0].timings.units[0].workers[0],raster_worker,grid.window_calculation,3,0.000818,2.014547
5,radar_isea4h,datasets[0].timings.units[0].batch_driver,raster_batch_driver,ray.init,1,0.082297,3.574031
5,radar_isea4h,datasets[0].timings.units[0].batch_driver,raster_batch_driver,ray.wait,17,3.390447,3.574031
5,radar_isea4h,datasets[0].timings.units[0].batch_driver,raster_batch_driver,ray.result_get,1,0.000798,3.574031
5,radar_isea4h,datasets[0].timings.units[0].batch_driver,raster_batch_driver,ray.task_submit,2,0.051071,3.574031
5,radar_isea4h,datasets[0].timings.units[0].batch_driver,raster_batch_driver,driver.result_merge,2,1.2e-05,3.574031
5,radar_isea4h,datasets[0].timings.units[0].source_preflight,source_preflight,minio.stat,1,0.155231,0.155266
5,radar_isea4h,datasets[0].timings.units[1].workers[0],raster_worker,source.cache,1,0.000194,2.037242
5,radar_isea4h,datasets[0].timings.units[1].workers[0],raster_worker,grid.geometry,3,0.006447,2.037242
5,radar_isea4h,datasets[0].timings.units[1].workers[0],raster_worker,minio.tile_stat,3,0.016179,2.037242
5,radar_isea4h,datasets[0].timings.units[1].workers[0],raster_worker,source.checksum,1,0.021875,2.037242
5,radar_isea4h,datasets[0].timings.units[1].workers[0],raster_worker,source.download,1,0.0,2.037242
5,radar_isea4h,datasets[0].timings.units[1].workers[0],raster_worker,entity.tile_mask,3,0.337625,2.037242
5,radar_isea4h,datasets[0].timings.units[1].workers[0],raster_worker,entity.tile_write,3,0.820945,2.037242
5,radar_isea4h,datasets[0].timings.units[1].workers[0],raster_worker,minio.tile_upload,3,0.784205,2.037242
5,radar_isea4h,datasets[0].timings.units[1].workers[0],raster_worker,source.raster_open,1,0.017428,2.037242
5,radar_isea4h,datasets[0].timings.units[1].workers[0],raster_worker,entity.tile_checksum,3,0.025,2.037242
5,radar_isea4h,datasets[0].timings.units[1].workers[0],raster_worker,grid.window_calculation,3,0.00129,2.037242
5,radar_isea4h,datasets[0].timings.workflow,workflow_dataset,opengauss.start_output,1,0.011718,3.954899
5,radar_isea4h,datasets[0].timings.workflow,workflow_dataset,opengauss.complete_output,1,0.023759,3.954899
5,product_isea4h,timings.job_driver,ray_job_driver,workflow.run,1,3.021234,3.184197
5,product_isea4h,timings.job_driver,ray_job_driver,driver.bootstrap,1,0.156896,3.184197
5,product_isea4h,timings.job_driver,ray_job_driver,task.start_attempt,1,0.005288,3.184197
5,product_isea4h,datasets[0].timings.units[0].driver,raster_driver,grid.cover,1,0.024413,2.626348
5,product_isea4h,datasets[0].timings.units[0].workers[0],raster_worker,source.cache,1,0.000225,0.135519
5,product_isea4h,datasets[0].timings.units[0].workers[0],raster_worker,grid.geometry,1,0.003792,0.135519
5,product_isea4h,datasets[0].timings.units[0].workers[0],raster_worker,minio.tile_stat,1,0.006865,0.135519
5,product_isea4h,datasets[0].timings.units[0].workers[0],raster_worker,source.checksum,1,0.003695,0.135519
5,product_isea4h,datasets[0].timings.units[0].workers[0],raster_worker,source.download,1,0.0,0.135519
5,product_isea4h,datasets[0].timings.units[0].workers[0],raster_worker,entity.tile_mask,1,0.014707,0.135519
5,product_isea4h,datasets[0].timings.units[0].workers[0],raster_worker,entity.tile_write,1,0.028131,0.135519
5,product_isea4h,datasets[0].timings.units[0].workers[0],raster_worker,minio.tile_upload,1,0.057347,0.135519
5,product_isea4h,datasets[0].timings.units[0].workers[0],raster_worker,source.raster_open,1,0.01761,0.135519
5,product_isea4h,datasets[0].timings.units[0].workers[0],raster_worker,entity.tile_checksum,1,0.000168,0.135519
5,product_isea4h,datasets[0].timings.units[0].workers[0],raster_worker,grid.window_calculation,1,0.000318,0.135519
5,product_isea4h,datasets[0].timings.units[0].workers[1],raster_worker,source.cache,1,0.000186,0.249182
5,product_isea4h,datasets[0].timings.units[0].workers[1],raster_worker,grid.geometry,1,0.00361,0.249182
5,product_isea4h,datasets[0].timings.units[0].workers[1],raster_worker,minio.tile_stat,1,0.006824,0.249182
5,product_isea4h,datasets[0].timings.units[0].workers[1],raster_worker,source.checksum,1,0.003695,0.249182
5,product_isea4h,datasets[0].timings.units[0].workers[1],raster_worker,source.download,1,0.0,0.249182
5,product_isea4h,datasets[0].timings.units[0].workers[1],raster_worker,entity.tile_mask,1,0.043849,0.249182
5,product_isea4h,datasets[0].timings.units[0].workers[1],raster_worker,entity.tile_write,1,0.103012,0.249182
5,product_isea4h,datasets[0].timings.units[0].workers[1],raster_worker,minio.tile_upload,1,0.066035,0.249182
5,product_isea4h,datasets[0].timings.units[0].workers[1],raster_worker,source.raster_open,1,0.016934,0.249182
5,product_isea4h,datasets[0].timings.units[0].workers[1],raster_worker,entity.tile_checksum,1,0.002209,0.249182
5,product_isea4h,datasets[0].timings.units[0].workers[1],raster_worker,grid.window_calculation,1,0.000289,0.249182
5,product_isea4h,datasets[0].timings.units[0].workers[2],raster_worker,source.cache,1,0.000191,0.598347
5,product_isea4h,datasets[0].timings.units[0].workers[2],raster_worker,grid.geometry,1,0.003639,0.598347
5,product_isea4h,datasets[0].timings.units[0].workers[2],raster_worker,minio.tile_stat,1,0.006035,0.598347
5,product_isea4h,datasets[0].timings.units[0].workers[2],raster_worker,source.checksum,1,0.003924,0.598347
5,product_isea4h,datasets[0].timings.units[0].workers[2],raster_worker,source.download,1,0.0,0.598347
5,product_isea4h,datasets[0].timings.units[0].workers[2],raster_worker,entity.tile_mask,1,0.092551,0.598347
5,product_isea4h,datasets[0].timings.units[0].workers[2],raster_worker,entity.tile_write,1,0.270934,0.598347
5,product_isea4h,datasets[0].timings.units[0].workers[2],raster_worker,minio.tile_upload,1,0.19328,0.598347
5,product_isea4h,datasets[0].timings.units[0].workers[2],raster_worker,source.raster_open,1,0.017096,0.598347
5,product_isea4h,datasets[0].timings.units[0].workers[2],raster_worker,entity.tile_checksum,1,0.00785,0.598347
5,product_isea4h,datasets[0].timings.units[0].workers[2],raster_worker,grid.window_calculation,1,0.000291,0.598347
5,product_isea4h,datasets[0].timings.units[0].workers[3],raster_worker,source.cache,1,0.000189,0.921572
5,product_isea4h,datasets[0].timings.units[0].workers[3],raster_worker,grid.geometry,1,0.003657,0.921572
5,product_isea4h,datasets[0].timings.units[0].workers[3],raster_worker,minio.tile_stat,1,0.006189,0.921572
5,product_isea4h,datasets[0].timings.units[0].workers[3],raster_worker,source.checksum,1,0.003682,0.921572
5,product_isea4h,datasets[0].timings.units[0].workers[3],raster_worker,source.download,1,0.0,0.921572
5,product_isea4h,datasets[0].timings.units[0].workers[3],raster_worker,entity.tile_mask,1,0.13908,0.921572
5,product_isea4h,datasets[0].timings.units[0].workers[3],raster_worker,entity.tile_write,1,0.435302,0.921572
5,product_isea4h,datasets[0].timings.units[0].workers[3],raster_worker,minio.tile_upload,1,0.297535,0.921572
5,product_isea4h,datasets[0].timings.units[0].workers[3],raster_worker,source.raster_open,1,0.020322,0.921572
5,product_isea4h,datasets[0].timings.units[0].workers[3],raster_worker,entity.tile_checksum,1,0.01271,0.921572
5,product_isea4h,datasets[0].timings.units[0].workers[3],raster_worker,grid.window_calculation,1,0.000283,0.921572
5,product_isea4h,datasets[0].timings.units[0].workers[4],raster_worker,source.cache,1,0.000358,0.838161
5,product_isea4h,datasets[0].timings.units[0].workers[4],raster_worker,grid.geometry,1,0.004821,0.838161
5,product_isea4h,datasets[0].timings.units[0].workers[4],raster_worker,minio.tile_stat,1,0.006727,0.838161
5,product_isea4h,datasets[0].timings.units[0].workers[4],raster_worker,source.checksum,1,0.004954,0.838161
5,product_isea4h,datasets[0].timings.units[0].workers[4],raster_worker,source.download,1,0.0,0.838161
5,product_isea4h,datasets[0].timings.units[0].workers[4],raster_worker,entity.tile_mask,1,0.183987,0.838161
5,product_isea4h,datasets[0].timings.units[0].workers[4],raster_worker,entity.tile_write,1,0.423431,0.838161
5,product_isea4h,datasets[0].timings.units[0].workers[4],raster_worker,minio.tile_upload,1,0.176599,0.838161
5,product_isea4h,datasets[0].timings.units[0].workers[4],raster_worker,source.raster_open,1,0.020297,0.838161
5,product_isea4h,datasets[0].timings.units[0].workers[4],raster_worker,entity.tile_checksum,1,0.013083,0.838161
5,product_isea4h,datasets[0].timings.units[0].workers[4],raster_worker,grid.window_calculation,1,0.000378,0.838161
5,product_isea4h,datasets[0].timings.units[0].batch_driver,raster_batch_driver,ray.init,1,0.081405,2.626327
5,product_isea4h,datasets[0].timings.units[0].batch_driver,raster_batch_driver,ray.wait,13,2.432247,2.626327
5,product_isea4h,datasets[0].timings.units[0].batch_driver,raster_batch_driver,ray.result_get,5,0.00225,2.626327
5,product_isea4h,datasets[0].timings.units[0].batch_driver,raster_batch_driver,ray.task_submit,5,0.052701,2.626327
5,product_isea4h,datasets[0].timings.units[0].batch_driver,raster_batch_driver,driver.result_merge,5,2.8e-05,2.626327
5,product_isea4h,datasets[0].timings.units[0].source_preflight,source_preflight,minio.stat,1,0.160465,0.160501
5,product_isea4h,datasets[0].timings.workflow,workflow_dataset,opengauss.start_output,1,0.010773,3.020996
5,product_isea4h,datasets[0].timings.workflow,workflow_dataset,opengauss.complete_output,1,0.027842,3.020996
5,carbon_isea4h,timings.job_driver,ray_job_driver,workflow.run,1,2.115945,2.273701
5,carbon_isea4h,timings.job_driver,ray_job_driver,driver.bootstrap,1,0.152191,2.273701
5,carbon_isea4h,timings.job_driver,ray_job_driver,task.start_attempt,1,0.004793,2.273701
5,carbon_isea4h,datasets[0].timings.units[0].driver,carbon_driver,ray.init,1,0.083808,1.735577
5,carbon_isea4h,datasets[0].timings.units[0].driver,carbon_driver,ray.wait_get,1,1.608085,1.735577
5,carbon_isea4h,datasets[0].timings.units[0].driver,carbon_driver,ray.task_submit,1,0.04356,1.735577
5,carbon_isea4h,datasets[0].timings.units[0].driver,carbon_driver,driver.result_merge,1,3e-06,1.735577
5,carbon_isea4h,datasets[0].timings.units[0].workers[0],carbon_worker,grid.locate,1,0.001399,0.142325
5,carbon_isea4h,datasets[0].timings.units[0].workers[0],carbon_worker,source.cache,1,0.000239,0.142325
5,carbon_isea4h,datasets[0].timings.units[0].workers[0],carbon_worker,grid.geometry,1,0.000696,0.142325
5,carbon_isea4h,datasets[0].timings.units[0].workers[0],carbon_worker,source.checksum,1,0.053433,0.142325
5,carbon_isea4h,datasets[0].timings.units[0].workers[0],carbon_worker,source.download,1,0.0,0.142325
5,carbon_isea4h,datasets[0].timings.units[0].workers[0],carbon_worker,carbon.observation_load,1,0.082171,0.142325
5,carbon_isea4h,datasets[0].timings.units[0].workers[0],carbon_worker,carbon.measurement_partition,1,0.000137,0.142325
5,carbon_isea4h,datasets[0].timings.units[0].workers[0],carbon_worker,carbon.partition_observation,1,0.003781,0.142325
5,carbon_isea4h,datasets[0].timings.units[0].source_preflight,source_preflight,minio.stat,1,0.154907,0.154942
5,carbon_isea4h,datasets[0].timings.workflow,workflow_dataset,opengauss.start_output,1,0.010532,2.115728
5,carbon_isea4h,datasets[0].timings.workflow,workflow_dataset,opengauss.complete_output,1,0.019945,2.115728
